repo_name,metric,url,status,error,bytes,sha256,parse_ok
01-ai/Yi,issue_resolution_duration,https://oss.open-digger.cn/github/01-ai/Yi/issue_resolution_duration.json,200,,1590,d1cecfd50d4a4e736bb691404db7603dde740e0b189b7aca1636a8227e44967b,1
01-ai/Yi,issue_age,https://oss.open-digger.cn/github/01-ai/Yi/issue_age.json,200,,4335,f0e181b66f0ea663f7a1d3a12c43e6ad7b18a65df57c9e57d8eb86c5c5b8f52a,1
01-ai/Yi,issues_new,https://oss.open-digger.cn/github/01-ai/Yi/issues_new.json,200,,249,d0cb54585ddfbc657d1449a50fdc04f088f1e857507dc73541949f6d701a7fa6,1
01-ai/Yi,contributors,https://oss.open-digger.cn/github/01-ai/Yi/contributors.json,200,,224,4adf386ed401ec57c6c304072c2099836b0575ce9d2b59e6ade6fd01c1ac07ec,1
01-ai/Yi,code_change_lines_sum,https://oss.open-digger.cn/github/01-ai/Yi/code_change_lines_sum.json,200,,279,b67e6a6935c77eaf4e15c429c8d3680b12e0812bbcc5ecbad3c908ddf1a12a10,1
1Panel-dev/1Panel,issue_resolution_duration,https://oss.open-digger.cn/github/1Panel-dev/1Panel/issue_resolution_duration.json,200,,5434,023f28e42675bad926a60cde907aa3025ac66e9013ab73cf0859ca14ffd36cb3,1
1Panel-dev/1Panel,issue_age,https://oss.open-digger.cn/github/1Panel-dev/1Panel/issue_age.json,200,,5623,59ff134ff9a146c720a43fe114a850af8965065fcd69bcd8ebd277dc1fc58682,1
1Panel-dev/1Panel,issues_new,https://oss.open-digger.cn/github/1Panel-dev/1Panel/issues_new.json,200,,799,f0fa0c55cbbb87ea939c3f90315f40a2eb01b96a2ac54aef95c44289299f39cd,1
1Panel-dev/1Panel,contributors,https://oss.open-digger.cn/github/1Panel-dev/1Panel/contributors.json,200,,697,a740c0fae59398e01ef1c8896213264071a7c652b757b4dae514af56e7cf4872,1
1Panel-dev/1Panel,code_change_lines_sum,https://oss.open-digger.cn/github/1Panel-dev/1Panel/code_change_lines_sum.json,200,,890,e754edf81b9797caaf1824a21115615637ed087d883e53d9312e06dcc0d7f1e1,1
33cn/chain33,issue_resolution_duration,https://oss.open-digger.cn/github/33cn/chain33/issue_resolution_duration.json,200,,7328,4ae653e5ee173ba8bdb33a5d824613e80429dc2713ca953723e627128df426d1,1
33cn/chain33,issue_age,https://oss.open-digger.cn/github/33cn/chain33/issue_age.json,200,,13602,782b0648c1d0fbf0d51b73662478c2f8c264a9d92fcdb39b69b6b474e123eed7,1
33cn/chain33,issues_new,https://oss.open-digger.cn/github/33cn/chain33/issues_new.json,200,,1057,fe5355ed07061b803c1103b650003fda286a636c1cb20da92093e7f63b4736b4,1
33cn/chain33,contributors,https://oss.open-digger.cn/github/33cn/chain33/contributors.json,200,,1093,a49076c1982a045dba49a591b73f9a967ca4c13e1d105cdaf1db68eeaa11049d,1
33cn/chain33,code_change_lines_sum,https://oss.open-digger.cn/github/33cn/chain33/code_change_lines_sum.json,200,,1440,3fd8662f840b97ba177df6c68f98b7de2aaaeb8d427af50ca9f6de37ae3c7757,1
648540858/wvp-GB28181-pro,issue_resolution_duration,https://oss.open-digger.cn/github/648540858/wvp-GB28181-pro/issue_resolution_duration.json,200,,9314,effc4b3a1ce9b8010769aa0730cd43b6db6de7cb4dd3d4a9078fd5762d014c51,1
648540858/wvp-GB28181-pro,issue_age,https://oss.open-digger.cn/github/648540858/wvp-GB28181-pro/issue_age.json,200,,9583,fe2ee17c1a5af3c1d46e9951de496a174e7141d5efd6f73d0c4fa1af3838d97a,1
648540858/wvp-GB28181-pro,issues_new,https://oss.open-digger.cn/github/648540858/wvp-GB28181-pro/issues_new.json,200,,1232,44119ee1bcb23e7eec39f7a661d4c7f0b8fa54e231d246a2fa622e54eb905f89,1
648540858/wvp-GB28181-pro,contributors,https://oss.open-digger.cn/github/648540858/wvp-GB28181-pro/contributors.json,200,,945,81529588848d7ada43c6433cf7a4bd2808d18b62c6b4b07eca7a1b0b002a4e0a,1
648540858/wvp-GB28181-pro,code_change_lines_sum,https://oss.open-digger.cn/github/648540858/wvp-GB28181-pro/code_change_lines_sum.json,200,,1175,2423c289abc2f26aa52fbd45ce1e0254dacdc3563a8d2ce0d4e52552fde406cf,1
abel533/Mapper,issue_resolution_duration,https://oss.open-digger.cn/github/abel533/Mapper/issue_resolution_duration.json,200,,14055,e82a68052dbfbafe605f8b0551b65667306256274a461172db56181a8e493251,1
abel533/Mapper,issue_age,https://oss.open-digger.cn/github/abel533/Mapper/issue_age.json,200,,19953,0eedb9588e9d5f8d6ac621af1cba7a9d2e1a9862f7cb5506215db9b9df966b23,1
abel533/Mapper,issues_new,https://oss.open-digger.cn/github/abel533/Mapper/issues_new.json,200,,1965,b617ccbb3447cca5c7e6d827ebda1ec05ab1cb52dc74ae0f30d193f212963889,1
abel533/Mapper,contributors,https://oss.open-digger.cn/github/abel533/Mapper/contributors.json,200,,621,2c3ec1decd55d054850bee7243fed34cc6f4ff13de02d3da40e2a53f8166bce7,1
abel533/Mapper,code_change_lines_sum,https://oss.open-digger.cn/github/abel533/Mapper/code_change_lines_sum.json,200,,1425,0a0a937a778721fcbf3f389b6bdbc5e82dffd38070a7217914d4f502fee88ba6,1
aboutcode-org/scancode-toolkit,issue_resolution_duration,https://oss.open-digger.cn/github/aboutcode-org/scancode-toolkit/issue_resolution_duration.json,200,,18936,33b1681b975379ffee1ff0338821a7ff086da53b0356ea5828ad68b6161c0943,1
aboutcode-org/scancode-toolkit,issue_age,https://oss.open-digger.cn/github/aboutcode-org/scancode-toolkit/issue_age.json,200,,19893,6100bac1239d69afe3c325e65de8f2dd0ee3bd870401acde8caa665e56adf92e,1
aboutcode-org/scancode-toolkit,issues_new,https://oss.open-digger.cn/github/aboutcode-org/scancode-toolkit/issues_new.json,200,,2379,422eaca6cffb7f3ef8f085587c3b516d28a7ea897a6046f6dd9efca6efb2d53d,1
aboutcode-org/scancode-toolkit,contributors,https://oss.open-digger.cn/github/aboutcode-org/scancode-toolkit/contributors.json,200,,1956,aeb143684669a051b64df11078a3bbfca60171ed3f47da1a26440992e7b2f17b,1
aboutcode-org/scancode-toolkit,code_change_lines_sum,https://oss.open-digger.cn/github/aboutcode-org/scancode-toolkit/code_change_lines_sum.json,200,,2663,c4d13f10cb34508833e40568e61b5602e8ac23934ed787dbb698e63f0d0280e3,1
actboy168/lua-debug,issue_resolution_duration,https://oss.open-digger.cn/github/actboy168/lua-debug/issue_resolution_duration.json,200,,11497,f7dc79373e78d0536f00e3e2239ed1729f362729f684d7b62bcc0ba112dd1a2c,1
actboy168/lua-debug,issue_age,https://oss.open-digger.cn/github/actboy168/lua-debug/issue_age.json,200,,16953,3942e7db7400b4cbab0b42b640ec01f0bf4852a680e4a340682179ebc101bd5a,1
actboy168/lua-debug,issues_new,https://oss.open-digger.cn/github/actboy168/lua-debug/issues_new.json,200,,1583,5a22f4fb6d738e579c2794bbe616f4f5d5a2840a9cbbd29caf935c2d4ce912b4,1
actboy168/lua-debug,contributors,https://oss.open-digger.cn/github/actboy168/lua-debug/contributors.json,200,,500,2be8adaf83f9ee0a1ee68ddfa6e6fd0014f94f887ab088dacb12e08d8f0cd554,1
actboy168/lua-debug,code_change_lines_sum,https://oss.open-digger.cn/github/actboy168/lua-debug/code_change_lines_sum.json,200,,572,8c0f1b3ca1712d9a4fdd0f536bca75f9128ace0566c2e8ed197abb5378debc48,1
activeadmin/activeadmin,issue_resolution_duration,https://oss.open-digger.cn/github/activeadmin/activeadmin/issue_resolution_duration.json,200,,18260,1b8d2713db72d6d6a163b71b137245ecea4c746ee9917c6800b3d6523a33ff62,1
activeadmin/activeadmin,issue_age,https://oss.open-digger.cn/github/activeadmin/activeadmin/issue_age.json,200,,20653,73f88d2ef53745725be5d781ae23b2ac44686c94c232af0c9e50313eab1b8dbc,1
activeadmin/activeadmin,issues_new,https://oss.open-digger.cn/github/activeadmin/activeadmin/issues_new.json,200,,2293,4ee0a1bb087b2c06711d8093fda6eb5c63eb023e82f307ed9a459a8387667730,1
activeadmin/activeadmin,contributors,https://oss.open-digger.cn/github/activeadmin/activeadmin/contributors.json,200,,2283,ef697ce7ee3631966ba3ed64521c1090822313ab5862e8f5942ef913c867560f,1
activeadmin/activeadmin,code_change_lines_sum,https://oss.open-digger.cn/github/activeadmin/activeadmin/code_change_lines_sum.json,200,,2702,612e31607a70eca1758e570214988244f6095d8dc1b9ae670eb4a07d87e5d236,1
activemerchant/active_merchant,issue_resolution_duration,https://oss.open-digger.cn/github/activemerchant/active_merchant/issue_resolution_duration.json,200,,15675,c03f7beb3909d47e78c1c103a675b28ee56a4d5e3c7661e57822f664bbf46911,1
activemerchant/active_merchant,issue_age,https://oss.open-digger.cn/github/activemerchant/active_merchant/issue_age.json,200,,20602,9f6cde208f9b129c7fc6835c5b4f04a7da4368bede697446f881db1148de994a,1
activemerchant/active_merchant,issues_new,https://oss.open-digger.cn/github/activemerchant/active_merchant/issues_new.json,200,,1861,070355bfebbe18d00bf4de956b9484ab5bd05cb30c1c4a9cb717ada3a465298e,1
activemerchant/active_merchant,contributors,https://oss.open-digger.cn/github/activemerchant/active_merchant/contributors.json,200,,1926,5fc833445f46f3883d429b349bd5d888b8ac42a550b4f70a69ed894b3b259c2e,1
activemerchant/active_merchant,code_change_lines_sum,https://oss.open-digger.cn/github/activemerchant/active_merchant/code_change_lines_sum.json,200,,2800,a794a137838bdf3c6fb82f2b5844fdeb7cf005eaed2b777d4393419ee66fb086,1
activerecord-hackery/ransack,issue_resolution_duration,https://oss.open-digger.cn/github/activerecord-hackery/ransack/issue_resolution_duration.json,200,,17176,ffa192d6cc07a7f5191586409dfafdc167d8dc926e7e7ec588fdbb73e1ff9c93,1
activerecord-hackery/ransack,issue_age,https://oss.open-digger.cn/github/activerecord-hackery/ransack/issue_age.json,200,,20516,dd63d7a3bd86d6a431d5dfaf1135dfa824515609286a9decbdace8ab6f0426df,1
activerecord-hackery/ransack,issues_new,https://oss.open-digger.cn/github/activerecord-hackery/ransack/issues_new.json,200,,2190,0592f697d6df4832e66f3da181a27b9b69f63c79309bbe20e0f1d5a006b2fa16,1
activerecord-hackery/ransack,contributors,https://oss.open-digger.cn/github/activerecord-hackery/ransack/contributors.json,200,,1584,81134cfa157ba06cc2b79e14eff66d84a2153a0283e966765af6578ca20f2e51,1
activerecord-hackery/ransack,code_change_lines_sum,https://oss.open-digger.cn/github/activerecord-hackery/ransack/code_change_lines_sum.json,200,,2182,7ddd72d0af611921e410469d3fcd1113812dfcac4f8c23465daa275673d9747e,1
adam-p/markdown-here,issue_resolution_duration,https://oss.open-digger.cn/github/adam-p/markdown-here/issue_resolution_duration.json,200,,10419,e2da2d83fae6b1c41518794cd297f5fb1c962680b837b094d427a85921fb34da,1
adam-p/markdown-here,issue_age,https://oss.open-digger.cn/github/adam-p/markdown-here/issue_age.json,200,,20882,f436978a7901e71b2ad8cbdc08065100ca874abfe2ec2c2255b8c686b4730f71,1
adam-p/markdown-here,issues_new,https://oss.open-digger.cn/github/adam-p/markdown-here/issues_new.json,200,,2028,86281cb7dfeb5fef34cb17b7c9ccaa0a14ca8e23a0e3b305f54e50525866d886,1
adam-p/markdown-here,contributors,https://oss.open-digger.cn/github/adam-p/markdown-here/contributors.json,200,,290,1350f14d3068e93cd854987aa0535cae1380e2d1a8054737e65c7c2bf1ba64d6,1
adam-p/markdown-here,code_change_lines_sum,https://oss.open-digger.cn/github/adam-p/markdown-here/code_change_lines_sum.json,200,,1174,5b4d81b8eb96b3b85d2f5bfcb33ae18b2e96c2263dcd5e11fd9518f8736b4188,1
aheckmann/gm,issue_resolution_duration,https://oss.open-digger.cn/github/aheckmann/gm/issue_resolution_duration.json,200,,8704,31c65b0addf2e7902b9d9d40f1ec2312c8f7d5714a679ad64809c50cb2068770,1
aheckmann/gm,issue_age,https://oss.open-digger.cn/github/aheckmann/gm/issue_age.json,200,,20950,bbdd66049eb504d35059660bcff592b012e76a5f629b104338d508a99e858963,1
aheckmann/gm,issues_new,https://oss.open-digger.cn/github/aheckmann/gm/issues_new.json,200,,1711,8f9724876764e89928e2e3c7ef88f70d10553f6a75907c94e67979c3ce977dcb,1
aheckmann/gm,contributors,https://oss.open-digger.cn/github/aheckmann/gm/contributors.json,200,,291,cabcf05e702c2fd7d845f356288adac06f755451eedfd8cd63300a8d4d5b8e3c,1
aheckmann/gm,code_change_lines_sum,https://oss.open-digger.cn/github/aheckmann/gm/code_change_lines_sum.json,200,,1012,ad2de1318fcdc4f034be1cd578cc0d0fa82313d016811476574a709cdf4a11bd,1
Ahoo-Wang/CosId,issue_resolution_duration,https://oss.open-digger.cn/github/Ahoo-Wang/CosId/issue_resolution_duration.json,200,,5066,5d56f5d0772c5ca6ea6a22ec0c6f703e19b8246669c60dd8f9a18a0315bf46c0,1
Ahoo-Wang/CosId,issue_age,https://oss.open-digger.cn/github/Ahoo-Wang/CosId/issue_age.json,200,,8478,6fac069b7036ba6a5722d38901ce680d89a8bba0239553de49e79b9e8c113b06,1
Ahoo-Wang/CosId,issues_new,https://oss.open-digger.cn/github/Ahoo-Wang/CosId/issues_new.json,200,,656,87368cbd7e691dbad07bc8da269447c8a06f3e71bd86d00233ae9add798a9d77,1
Ahoo-Wang/CosId,contributors,https://oss.open-digger.cn/github/Ahoo-Wang/CosId/contributors.json,200,,774,eccf8ee4ad2744cbff0c1442eec862fd58056a5c63abab0fe8944320d2399bd7,1
Ahoo-Wang/CosId,code_change_lines_sum,https://oss.open-digger.cn/github/Ahoo-Wang/CosId/code_change_lines_sum.json,200,,845,72787e324c2cd51fd446d2edbabb032828f8fc3050d4103de5566ba79720c575,1
airbnb/javascript,issue_resolution_duration,https://oss.open-digger.cn/github/airbnb/javascript/issue_resolution_duration.json,200,,18219,68a2a8017b62738aeb22c25cd2b29b17c63395336a390b26a09c7bd08899d14b,1
airbnb/javascript,issue_age,https://oss.open-digger.cn/github/airbnb/javascript/issue_age.json,200,,20762,7a68affe12c4d50cdf92fc5b4d5e70207028453739961a763579ad64a17ce234,1
airbnb/javascript,issues_new,https://oss.open-digger.cn/github/airbnb/javascript/issues_new.json,200,,2392,b71a469c71dc97eb9f769d89cc9b7a5bd7ac13a20c4608e4d3c05ecb4977d6a3,1
airbnb/javascript,contributors,https://oss.open-digger.cn/github/airbnb/javascript/contributors.json,200,,1740,962c6ce14ab342e361d6fd66c946a5545b4a93c2a53dab642be0a3b0a16f2b7a,1
airbnb/javascript,code_change_lines_sum,https://oss.open-digger.cn/github/airbnb/javascript/code_change_lines_sum.json,200,,2627,dfc05b90d4dbe73e8635a8b0765bb78cb82925b5042cce013ac69c860a3a5e92,1
ajaxorg/ace,issue_resolution_duration,https://oss.open-digger.cn/github/ajaxorg/ace/issue_resolution_duration.json,200,,19504,dc2835b9a4aa5588b4b97c920236aed3c4d099f58986c7852060c9fc4beab511,1
ajaxorg/ace,issue_age,https://oss.open-digger.cn/github/ajaxorg/ace/issue_age.json,200,,20909,7ca5992c97ecab437ea184beb3a584cb086fc19b749206b7a2e2f3f82f548bde,1
ajaxorg/ace,issues_new,https://oss.open-digger.cn/github/ajaxorg/ace/issues_new.json,200,,2403,a58b3745f49b71bb430d2b5887f7e632537438426bf9c40963d8f4c9eb55fe69,1
ajaxorg/ace,contributors,https://oss.open-digger.cn/github/ajaxorg/ace/contributors.json,200,,2256,714173049be7f181a76c78431158c1101b6e207c29bd3261f3b60108fb4aaca7,1
ajaxorg/ace,code_change_lines_sum,https://oss.open-digger.cn/github/ajaxorg/ace/code_change_lines_sum.json,200,,2870,10c671d414709529f6e081e72cbdfe4cf9f2fcef95ef6d485f5add09443d219e,1
Alamofire/Alamofire,issue_resolution_duration,https://oss.open-digger.cn/github/Alamofire/Alamofire/issue_resolution_duration.json,200,,18302,dd2be24c252cae80069f4c94d699ef22743e9a0437fab3d426f8f4463611abd0,1
Alamofire/Alamofire,issue_age,https://oss.open-digger.cn/github/Alamofire/Alamofire/issue_age.json,200,,20282,2e5e0c2348a5894ffc9e4e3cba801079aa5fa49278fcc147117a5250f97318e1,1
Alamofire/Alamofire,issues_new,https://oss.open-digger.cn/github/Alamofire/Alamofire/issues_new.json,200,,2387,fbb634eb637d219bee423bd05b9d4b0789ceaaa5375a0f5dfb8b43b2eb755068,1
Alamofire/Alamofire,contributors,https://oss.open-digger.cn/github/Alamofire/Alamofire/contributors.json,200,,1999,9d9e448735cfea0cc562f326104578ea4e3f9c4e8af7f7acb1332649738ea70d,1
Alamofire/Alamofire,code_change_lines_sum,https://oss.open-digger.cn/github/Alamofire/Alamofire/code_change_lines_sum.json,200,,2615,7f0be9ca56df91b3344946b9ccca7a2c13d59923909d96ea502f305c32ae19d3,1
alerta/alerta,issue_resolution_duration,https://oss.open-digger.cn/github/alerta/alerta/issue_resolution_duration.json,200,,15695,b0d801ef1d972e64f8e260cb94eee47d70471e74be74418bf39dc2ee6bcae0f4,1
alerta/alerta,issue_age,https://oss.open-digger.cn/github/alerta/alerta/issue_age.json,200,,19321,2fc4de8390c60a39700d5b3b89bb70cf46f7412708cddff4e506f5fd1d652e66,1
alerta/alerta,issues_new,https://oss.open-digger.cn/github/alerta/alerta/issues_new.json,200,,2089,d5ad1115e55db7e4923669964436b8edd476c70c3d7b963df7bfda231b310907,1
alerta/alerta,contributors,https://oss.open-digger.cn/github/alerta/alerta/contributors.json,200,,1514,9912b719a0616fe9f74ba5ab916e09c42343b7953ad19f3b3b472f3698e0c43d,1
alerta/alerta,code_change_lines_sum,https://oss.open-digger.cn/github/alerta/alerta/code_change_lines_sum.json,200,,2061,b0a7ed4e983cfc34377f6fb17ed5e5535475a74431b80c9d684be01ad5d15dfb,1
alexreisner/geocoder,issue_resolution_duration,https://oss.open-digger.cn/github/alexreisner/geocoder/issue_resolution_duration.json,200,,14738,effa6500eac614da74a683e9484417c6f6cc98360cea6cca35e434c06c83f906,1
alexreisner/geocoder,issue_age,https://oss.open-digger.cn/github/alexreisner/geocoder/issue_age.json,200,,20603,027891a15c13bff322df01ff9ad573c2a0593ea2f8579f0e4e416d76fae4126e,1
alexreisner/geocoder,issues_new,https://oss.open-digger.cn/github/alexreisner/geocoder/issues_new.json,200,,1974,12f5e5f7ff13549cfcd4bdca752eb0043610500c949a1b821da850165baa827e,1
alexreisner/geocoder,contributors,https://oss.open-digger.cn/github/alexreisner/geocoder/contributors.json,200,,1787,0d68d16f4f42e335ec114c8f8ed5a619751da8ad6f780a989d7528e9ad2372bc,1
alexreisner/geocoder,code_change_lines_sum,https://oss.open-digger.cn/github/alexreisner/geocoder/code_change_lines_sum.json,200,,2275,0d19d4284d51264bfef1fd3d87e0bf02a8f8b18f6c9f917b1d02f360b2c8d90d,1
algorand/go-algorand,issue_resolution_duration,https://oss.open-digger.cn/github/algorand/go-algorand/issue_resolution_duration.json,200,,10105,27f1636c58fc44749d57a065a152a5a42cf424ef498e314cd5b31932afbdf94c,1
algorand/go-algorand,issue_age,https://oss.open-digger.cn/github/algorand/go-algorand/issue_age.json,200,,12515,bec86601a13bbdb4a305286cbf8d7c5d01cae8a5c856aec60f9afa350d10efac,1
algorand/go-algorand,issues_new,https://oss.open-digger.cn/github/algorand/go-algorand/issues_new.json,200,,1308,c6d74d459afba648b0ac2b1a3d159fac36b79fc865bc839a929834162800d23c,1
algorand/go-algorand,contributors,https://oss.open-digger.cn/github/algorand/go-algorand/contributors.json,200,,1385,8e6eb463dd7148c3c21809946da77fd8955753c8725bae0d3562b60cd18c2896,1
algorand/go-algorand,code_change_lines_sum,https://oss.open-digger.cn/github/algorand/go-algorand/code_change_lines_sum.json,200,,1756,59a2a21f6b582e99d1a29cd89a7e103d21e79296800c0ed94d7ac3b3b7cfb83f,1
alibaba/druid,issue_resolution_duration,https://oss.open-digger.cn/github/alibaba/druid/issue_resolution_duration.json,200,,18575,002cc53499f18f1c4b9574c1fe9054f5e29ba5ffe16023561c453144929bccee,1
alibaba/druid,issue_age,https://oss.open-digger.cn/github/alibaba/druid/issue_age.json,200,,21084,39645b939431a58fefa2e4c075c26798728a4afdb7320da949dfb026bc4ed89c,1
alibaba/druid,issues_new,https://oss.open-digger.cn/github/alibaba/druid/issues_new.json,200,,2496,5675bc3891a758622a82d5686039fc97dc584a4e36852ba3a1cb450a796f0612,1
alibaba/druid,contributors,https://oss.open-digger.cn/github/alibaba/druid/contributors.json,200,,2174,2a53e0c44af8d736ea800a85d8bcb2ae155fffb3a4cb2558f28dc08ec87396c7,1
alibaba/druid,code_change_lines_sum,https://oss.open-digger.cn/github/alibaba/druid/code_change_lines_sum.json,200,,2777,145a26b1533f6f10e77719af38ce9685a4a9ccb8f305c96c9d548faa321fae95,1
alibaba/MNN,issue_resolution_duration,https://oss.open-digger.cn/github/alibaba/MNN/issue_resolution_duration.json,200,,12201,81d66596ca45bf344aad61a67c1b268c667450f801a8c97a96187aedf8483af3,1
alibaba/MNN,issue_age,https://oss.open-digger.cn/github/alibaba/MNN/issue_age.json,200,,12703,b9bcac29a64d9faeab1fe1402c0651df03d57d73d1f78df4e723bb7ff0321431,1
alibaba/MNN,issues_new,https://oss.open-digger.cn/github/alibaba/MNN/issues_new.json,200,,1572,e38aff7e0bf5eec20d68508069aa89f406ae5f951b2006d03d4b85223417f48e,1
alibaba/MNN,contributors,https://oss.open-digger.cn/github/alibaba/MNN/contributors.json,200,,1388,1471f3fb653770d73f2ac80338b2bde064e598f7ab3efc4cd567c2779152ff44,1
alibaba/MNN,code_change_lines_sum,https://oss.open-digger.cn/github/alibaba/MNN/code_change_lines_sum.json,200,,1845,c09a24229272d0b3d9a0f89dad35dbac97839de1e2e6df59a68a094f672c1a6b,1
alibaba/nacos,issue_resolution_duration,https://oss.open-digger.cn/github/alibaba/nacos/issue_resolution_duration.json,200,,13536,6938fdd5cc9335958612141598df41bd7b1b213211fa217315d50ccd87aba52c,1
alibaba/nacos,issue_age,https://oss.open-digger.cn/github/alibaba/nacos/issue_age.json,200,,14309,04ccd5ac1ce6724bcad5a8af7404f9aa0b9368abb9783a9dd364444cd1e5f4e8,1
alibaba/nacos,issues_new,https://oss.open-digger.cn/github/alibaba/nacos/issues_new.json,200,,1830,67558092c301b996e311570838b4a004a1fa575417ed3861323f879d12cf0f15,1
alibaba/nacos,contributors,https://oss.open-digger.cn/github/alibaba/nacos/contributors.json,200,,1683,9d189f5e223ab093381e4c9e614be711be0a80c59d885eb1227891b5909340ab,1
alibaba/nacos,code_change_lines_sum,https://oss.open-digger.cn/github/alibaba/nacos/code_change_lines_sum.json,200,,2144,703925515d45f822a8657b1071cefa1d52dd8f1b209fb19586a29a67e3761454,1
alibaba/spring-cloud-alibaba,issue_resolution_duration,https://oss.open-digger.cn/github/alibaba/spring-cloud-alibaba/issue_resolution_duration.json,200,,13300,9889f7bf144b1092c6c1d27ca73a2e33bad338454fb7eefe005f3531511ef6f7,1
alibaba/spring-cloud-alibaba,issue_age,https://oss.open-digger.cn/github/alibaba/spring-cloud-alibaba/issue_age.json,200,,14144,befa1e6692139ca5bb4d475aac082a51b49f73cc58a75c7a03709a37edc48307,1
alibaba/spring-cloud-alibaba,issues_new,https://oss.open-digger.cn/github/alibaba/spring-cloud-alibaba/issues_new.json,200,,1731,203e65387d13bfcfa951f9cb5cd65a81da49a6d2c8d4aba313078ed533da3820,1
alibaba/spring-cloud-alibaba,contributors,https://oss.open-digger.cn/github/alibaba/spring-cloud-alibaba/contributors.json,200,,1464,b68cc9ad822d82b1e5822319aaca482b17714bc8af1e607c1a86db6225c0da16,1
alibaba/spring-cloud-alibaba,code_change_lines_sum,https://oss.open-digger.cn/github/alibaba/spring-cloud-alibaba/code_change_lines_sum.json,200,,1995,455bd0f89712549470923291247f90fd66508370116c0f752f6f2cbce868374f,1
alibaba/SREWorks,issue_resolution_duration,https://oss.open-digger.cn/github/alibaba/SREWorks/issue_resolution_duration.json,200,,1617,ab7ddf84637313b6b656dcd3be4ca3eb49d46e22dfe9b9b2560d2c46e3b005e9,1
alibaba/SREWorks,issue_age,https://oss.open-digger.cn/github/alibaba/SREWorks/issue_age.json,200,,7343,39a4bc750d8b8947b5a4ef76d596b3783052687917e4acaf7977b133488ac5d0,1
alibaba/SREWorks,issues_new,https://oss.open-digger.cn/github/alibaba/SREWorks/issues_new.json,200,,399,50cfba6faacc120473dd1fe8ab6950d2213b9ecd470c476e23979396d9d730b3,1
alibaba/SREWorks,contributors,https://oss.open-digger.cn/github/alibaba/SREWorks/contributors.json,200,,301,b34ff0f21c28904bc2d9745972618a8fc23ef077be45c3ffd71e496cc4c3bb03,1
alibaba/SREWorks,code_change_lines_sum,https://oss.open-digger.cn/github/alibaba/SREWorks/code_change_lines_sum.json,200,,407,f58281b3253cbf2e2ffd9ad67d02bcb0f4068f754a369c8f96cc0297a768b9f4,1
alibaba/tengine,issue_resolution_duration,https://oss.open-digger.cn/github/alibaba/tengine/issue_resolution_duration.json,200,,15782,59b6f48eeff8e52272be953b4e9abe5f0d34f0aae003915f8cb0a4c2c8590b3a,1
alibaba/tengine,issue_age,https://oss.open-digger.cn/github/alibaba/tengine/issue_age.json,200,,20715,46f67b96de6549aee3498a098c909ad2ede3dec052c7610893c8d6f94a7ae579,1
alibaba/tengine,issues_new,https://oss.open-digger.cn/github/alibaba/tengine/issues_new.json,200,,2277,3ce6e304f18d15af98d139ec947ed4a5ab17f0b04fc7d6e8537619b7fb35ccaa,1
alibaba/tengine,contributors,https://oss.open-digger.cn/github/alibaba/tengine/contributors.json,200,,1358,6fc055749b9b07e93bfe70ee763b8fa228adbf1b6617de42c9f46aa1f6fbbf9e,1
alibaba/tengine,code_change_lines_sum,https://oss.open-digger.cn/github/alibaba/tengine/code_change_lines_sum.json,200,,2189,32a014c08fada330fe6947c80181c567285f18bef3c2ca73394d2b1bb65aee1b,1
alibaba/x-render,issue_resolution_duration,https://oss.open-digger.cn/github/alibaba/x-render/issue_resolution_duration.json,200,,10092,8fe4bb407fab8584cee5b63f392c862e757de3c9ae82241156e96a8e5946be1b,1
alibaba/x-render,issue_age,https://oss.open-digger.cn/github/alibaba/x-render/issue_age.json,200,,11473,d231eaf6345b15c2dfe70b8650a96654471527b9942c2183826611a0668c604f,1
alibaba/x-render,issues_new,https://oss.open-digger.cn/github/alibaba/x-render/issues_new.json,200,,1356,c91a86670f780a3c3754e1cc380f6fc897cfa9744cb9762efa6bc94abb440d58,1
alibaba/x-render,contributors,https://oss.open-digger.cn/github/alibaba/x-render/contributors.json,200,,1108,96fe79549fec94cf7cc96484de02d71bb83c31c091b1e28e259afa2a94913923,1
alibaba/x-render,code_change_lines_sum,https://oss.open-digger.cn/github/alibaba/x-render/code_change_lines_sum.json,200,,1434,22098bcaf0b870c47ca633150892ae55c064bb2d28c392ddf85399ea52e5a66d,1
Alluxio/alluxio,issue_resolution_duration,https://oss.open-digger.cn/github/Alluxio/alluxio/issue_resolution_duration.json,200,,14047,9d9e2a42ea3134f77ba7cdb659e7fbfd137359962df634431df58d1ea623f93f,1
Alluxio/alluxio,issue_age,https://oss.open-digger.cn/github/Alluxio/alluxio/issue_age.json,200,,13722,b91dd5de65610a87750ab5b96924d8b8e6e3a4df6be56031ab878fbb03a12674,1
Alluxio/alluxio,issues_new,https://oss.open-digger.cn/github/Alluxio/alluxio/issues_new.json,200,,1885,c232c645b3dd55852aebe1d76054bfc677f3ca38d67a91e5077b6b10a8d6bcb7,1
Alluxio/alluxio,contributors,https://oss.open-digger.cn/github/Alluxio/alluxio/contributors.json,200,,2143,19cc5556fb29e7d5d8afd8193e8fb68bf9f980a441237c1b86d29217e40cadd0,1
Alluxio/alluxio,code_change_lines_sum,https://oss.open-digger.cn/github/Alluxio/alluxio/code_change_lines_sum.json,200,,2792,bfdf62292c919077a9e1fa272eef85ce4de087e55562fbd1b66dad348687d4fb,1
alohaeditor/Aloha-Editor,issue_resolution_duration,https://oss.open-digger.cn/github/alohaeditor/Aloha-Editor/issue_resolution_duration.json,200,,2609,a54a404c5de3ce81119c7c1abd755c94b04a8e1e79bf42d59f356d71f25bfb66,1
alohaeditor/Aloha-Editor,issue_age,https://oss.open-digger.cn/github/alohaeditor/Aloha-Editor/issue_age.json,200,,21269,f2b4ef655783673eef77067906a24de3b685bd4e340af624f52d28dbca5f41cd,1
alohaeditor/Aloha-Editor,issues_new,https://oss.open-digger.cn/github/alohaeditor/Aloha-Editor/issues_new.json,200,,543,30b6176ede56ad88c8de66a8eda4f186452e2362b5c245695e3d89da1ca85bee,1
alohaeditor/Aloha-Editor,contributors,https://oss.open-digger.cn/github/alohaeditor/Aloha-Editor/contributors.json,200,,1250,21e681acc2a8e43275775b32b7dea85f83ce2c6b47ca4ff00e9c81a352633f20,1
alohaeditor/Aloha-Editor,code_change_lines_sum,https://oss.open-digger.cn/github/alohaeditor/Aloha-Editor/code_change_lines_sum.json,200,,1717,f3c2f8b0f5b6fee5c02ce936ab5861d32af4430725d7eb58564598ee69cf4099,1
ampproject/amphtml,issue_resolution_duration,https://oss.open-digger.cn/github/ampproject/amphtml/issue_resolution_duration.json,200,,18354,526b3b0b003c7b684a97d4aa503badd2743bffb0d8c22b7299e2bc7880d93aaa,1
ampproject/amphtml,issue_age,https://oss.open-digger.cn/github/ampproject/amphtml/issue_age.json,200,,19599,11977a8f6e950f8841730034a0ab85c287a9a7206be36e26c142051d9a4b2c81,1
ampproject/amphtml,issues_new,https://oss.open-digger.cn/github/ampproject/amphtml/issues_new.json,200,,2392,6c510eaac9043d7d951833ee2b134019325fb75d602b10d009eac8aecb470ae1,1
ampproject/amphtml,contributors,https://oss.open-digger.cn/github/ampproject/amphtml/contributors.json,200,,2198,37e79ee85b2753ecc25d32506857b3f1b30442f21323388e1d29ef0b87fcd614,1
ampproject/amphtml,code_change_lines_sum,https://oss.open-digger.cn/github/ampproject/amphtml/code_change_lines_sum.json,200,,2815,37e4ec8452df54fa40e4916f354f1145da2e0c5a300c119166b4b3d52464130c,1
amsul/pickadate.js,issue_resolution_duration,https://oss.open-digger.cn/github/amsul/pickadate.js/issue_resolution_duration.json,200,,9568,7e47c61f1c050c475044001b206a569302290d67f24982794b1b6f58bcafc379,1
amsul/pickadate.js,issue_age,https://oss.open-digger.cn/github/amsul/pickadate.js/issue_age.json,200,,21104,80f42a5d2ec6e71c2635e362b55887306d6a0ac612c2a5e181423a33b3e266ce,1
amsul/pickadate.js,issues_new,https://oss.open-digger.cn/github/amsul/pickadate.js/issues_new.json,200,,1577,6c3ec90919aa45de210ad6cad52a26549c907a07b4edadfb1a1586b637ac6d40,1
amsul/pickadate.js,contributors,https://oss.open-digger.cn/github/amsul/pickadate.js/contributors.json,200,,400,631993e6cebefc194ea9abdaf57553d6db45a0883dad753f2970b8f9be2cc7d0,1
amsul/pickadate.js,code_change_lines_sum,https://oss.open-digger.cn/github/amsul/pickadate.js/code_change_lines_sum.json,200,,1108,590dee93f413a11fcf979c69f90885e98ed2bee22d0ec1dc7d2587c46df22dac,1
angular/angular,issue_resolution_duration,https://oss.open-digger.cn/github/angular/angular/issue_resolution_duration.json,200,,19749,1443649619215fb44b9443dd9ddd34bf852062524a6529bb430f4c0f5eb92d31,1
angular/angular,issue_age,https://oss.open-digger.cn/github/angular/angular/issue_age.json,200,,21177,cc51cf3b1a3d82b4f8a58bd9d381dc90ec29503159f37ab995b6313587fde7f4,1
angular/angular,issues_new,https://oss.open-digger.cn/github/angular/angular/issues_new.json,200,,2685,7271d51d62de7f5f6c6838dba3e19101c3bdb4167d64be376a1ee2a81d60d2e4,1
angular/angular,contributors,https://oss.open-digger.cn/github/angular/angular/contributors.json,200,,2128,ebf1c040a1bf2991bb9b2c14f2596b67a2bc5619f63e28a2f36239a120fd5c68,1
angular/angular,code_change_lines_sum,https://oss.open-digger.cn/github/angular/angular/code_change_lines_sum.json,200,,3162,c7265b30eb470f4c7cd1979b902b795ebd1d31e5cc501098d450240a138ad049,1
angular/components,issue_resolution_duration,https://oss.open-digger.cn/github/angular/components/issue_resolution_duration.json,200,,17850,8df2844c6f59ecf628bbeefdad818bb3c409a47a798f2f074867ed9f0a1ab388,1
angular/components,issue_age,https://oss.open-digger.cn/github/angular/components/issue_age.json,200,,19225,dd318734e0760634a7c1870ea80bd8e468a93d4df9fb3999c4ff7584c314305b,1
angular/components,issues_new,https://oss.open-digger.cn/github/angular/components/issues_new.json,200,,2406,4f444ccec4c760fac46bc1f5d65911d04b1c04cce41fc64207b40471a4eebf9a,1
angular/components,contributors,https://oss.open-digger.cn/github/angular/components/contributors.json,200,,2284,bf56877f10760f424b0bfcaf1f043efbf78046ac1ef2c66da95981c69d829ab4,1
angular/components,code_change_lines_sum,https://oss.open-digger.cn/github/angular/components/code_change_lines_sum.json,200,,2788,af457807cfde0667b150053d504d3a704b3dc33ef9a297d412bb4d41de78cead,1
ankane/searchkick,issue_resolution_duration,https://oss.open-digger.cn/github/ankane/searchkick/issue_resolution_duration.json,200,,17454,57aa766f7335889a12d67219cb6b6b4cf24ce9460afc5fbf0bac0ec35c6858ac,1
ankane/searchkick,issue_age,https://oss.open-digger.cn/github/ankane/searchkick/issue_age.json,200,,20524,7376fec6a05ce39be4cecda81b03bcd373615d3aa31f59a25c11917c14d8ec98,1
ankane/searchkick,issues_new,https://oss.open-digger.cn/github/ankane/searchkick/issues_new.json,200,,2253,b0949c58441af87bfc5bca80f57c4f37fe32e1589bba2ba11cdeeea9a4aabd28,1
ankane/searchkick,contributors,https://oss.open-digger.cn/github/ankane/searchkick/contributors.json,200,,1189,95965c252a8c2d26ca8170b14290a073d68184458dab0334d5267bb0c9268e9f,1
ankane/searchkick,code_change_lines_sum,https://oss.open-digger.cn/github/ankane/searchkick/code_change_lines_sum.json,200,,1995,3c414e2766ee8aa2ce55fe44c8847a844fd4babbcabcf232631a0fc865cb8731,1
ansible/ansible,issue_resolution_duration,https://oss.open-digger.cn/github/ansible/ansible/issue_resolution_duration.json,200,,19781,034f530bdaf95b350141e9956258f9064ac8a17e1a5d61506e6c3492eb7df29d,1
ansible/ansible,issue_age,https://oss.open-digger.cn/github/ansible/ansible/issue_age.json,200,,21290,bc9288734169314e52f66694a1e17538731be9e4d9e0c66c2da2cb8f0943c93c,1
ansible/ansible,issues_new,https://oss.open-digger.cn/github/ansible/ansible/issues_new.json,200,,2636,19726d1a6a0f7d01db43c8bc4bbe2085a3bde086ae1d40b4836c8a03b90fcea7,1
ansible/ansible,contributors,https://oss.open-digger.cn/github/ansible/ansible/contributors.json,200,,2553,cf835b33e7a0dd9369109872ac9a21fb7c839aef4e6c071c47170dc4cf99432f,1
ansible/ansible,code_change_lines_sum,https://oss.open-digger.cn/github/ansible/ansible/code_change_lines_sum.json,200,,3156,596261dc495b4a5876d9aa12febfad01b50336bbb247e91488086667314565c5,1
ant-design/ant-design,issue_resolution_duration,https://oss.open-digger.cn/github/ant-design/ant-design/issue_resolution_duration.json,200,,18768,6274dd2ba9a80e84f85918bc9e26397dbb32b2f77cb376d1156a7f90918fcdc3,1
ant-design/ant-design,issue_age,https://oss.open-digger.cn/github/ant-design/ant-design/issue_age.json,200,,20087,448841946cfcbce80bff09dc5d48f2558f83e8eacd46192c052367e6520fe5cb,1
ant-design/ant-design,issues_new,https://oss.open-digger.cn/github/ant-design/ant-design/issues_new.json,200,,2642,005356ddf0a781a9c58e7b98c78194a24774a5be49fc378004f710b40f317d91,1
ant-design/ant-design,contributors,https://oss.open-digger.cn/github/ant-design/ant-design/contributors.json,200,,2452,084ca406db368c7a7651094c2000e4570f796e0853e6a06386d3009ba6057e13,1
ant-design/ant-design,code_change_lines_sum,https://oss.open-digger.cn/github/ant-design/ant-design/code_change_lines_sum.json,200,,3037,d3587e7775924c4dd8fbf3977438e8e586a05e882f3373afc4e62aada5b85525,1
apache/arrow-rs,issue_resolution_duration,https://oss.open-digger.cn/github/apache/arrow-rs/issue_resolution_duration.json,200,,8620,86a7a657debbc050265f0ad9dc10990ed2fc630d4239278939fe2b9fd9fe0d4c,1
apache/arrow-rs,issue_age,https://oss.open-digger.cn/github/apache/arrow-rs/issue_age.json,200,,9191,4fb973328e2d37cba779091cf195403dae68460a76f5679d40f118ec2c2299b0,1
apache/arrow-rs,issues_new,https://oss.open-digger.cn/github/apache/arrow-rs/issues_new.json,200,,1173,4c412aca36941fcf520d65fd69d12e0b84d558a1e66d4a39f60f0b68607183e5,1
apache/arrow-rs,contributors,https://oss.open-digger.cn/github/apache/arrow-rs/contributors.json,200,,1171,1b576ee777c2e47c9c1abb0bf344305e5dbfba0906dc7aeea860c0f9cbe836ea,1
apache/arrow-rs,code_change_lines_sum,https://oss.open-digger.cn/github/apache/arrow-rs/code_change_lines_sum.json,200,,1420,abbe908791d840eec8895f07d8a02d272fcb310ed98f564d8e2e2279677326bb,1
apache/bookkeeper,issue_resolution_duration,https://oss.open-digger.cn/github/apache/bookkeeper/issue_resolution_duration.json,200,,14073,6ac744e94aec42db35d503b34aaf3beae8152858f91d3821e79c2ec6d1de918e,1
apache/bookkeeper,issue_age,https://oss.open-digger.cn/github/apache/bookkeeper/issue_age.json,200,,16287,9ccde0bb8910b6fefbdfce61cd516152c2fc784bf09bf80660e2feba70e9f1b3,1
apache/bookkeeper,issues_new,https://oss.open-digger.cn/github/apache/bookkeeper/issues_new.json,200,,1868,165d822f15dbb8b7d0b556a8c2d1ad299ac3caf1a5bd265425e018f56483bf24,1
apache/bookkeeper,contributors,https://oss.open-digger.cn/github/apache/bookkeeper/contributors.json,200,,1826,41bc30fb377b85f0931d432103697bf8dbf49ae2d68d967377021605df6d3798,1
apache/bookkeeper,code_change_lines_sum,https://oss.open-digger.cn/github/apache/bookkeeper/code_change_lines_sum.json,200,,2721,9a2f207cd08f51b2fc1940bc1422ba7e68ec5356a1ab87d6b4322a83ee17af49,1
apache/buildstream,issue_resolution_duration,https://oss.open-digger.cn/github/apache/buildstream/issue_resolution_duration.json,200,,6429,3a516736bfdba8dd6399b166c1db439aeae3891b1e383c8dd15977f8c8ed7a3f,1
apache/buildstream,issue_age,https://oss.open-digger.cn/github/apache/buildstream/issue_age.json,200,,9314,213a7021cb0f8ae1fa440b62b44f772a1c4b2a1bd6dfd4e120a59a77ba32b19f,1
apache/buildstream,issues_new,https://oss.open-digger.cn/github/apache/buildstream/issues_new.json,200,,949,64a7f959563ecb67693ebf0f951d2e89c95e2bdee17f16da60f7c04150e4b6fb,1
apache/buildstream,contributors,https://oss.open-digger.cn/github/apache/buildstream/contributors.json,200,,1011,b6cbdff6c4bbc9c40f1e3a9e35afe4c2c03344cce25b0ea86b91f15d8726bcef,1
apache/buildstream,code_change_lines_sum,https://oss.open-digger.cn/github/apache/buildstream/code_change_lines_sum.json,200,,1240,54e6ffba22c206d7747e7b9b8a3cfaefae12b28376a18ad307fedd342b1b93ca,1
apache/carbondata,issue_resolution_duration,https://oss.open-digger.cn/github/apache/carbondata/issue_resolution_duration.json,200,,2427,34708620c442ae9a8bc7a04a502777b83301cbe04ed0a49b2295d8129d8424e4,1
apache/carbondata,issue_age,https://oss.open-digger.cn/github/apache/carbondata/issue_age.json,200,,9241,91cdb290338fddde030174e8d6356a76a447a7e1cf86a11bdc7bbfa38cbfa3bd,1
apache/carbondata,issues_new,https://oss.open-digger.cn/github/apache/carbondata/issues_new.json,200,,521,6bee74a303c4944714b1668f9297e18bfd404c922d1312cd24cc39c5845a10c4,1
apache/carbondata,contributors,https://oss.open-digger.cn/github/apache/carbondata/contributors.json,200,,699,9a0c94ed29226ca5fcefd6710cf1d0bbf2e6e877f24f72fd028b1fc4aa410eac,1
apache/carbondata,code_change_lines_sum,https://oss.open-digger.cn/github/apache/carbondata/code_change_lines_sum.json,200,,2154,12b99d9eeb882d166be569ed78a5c0f9666b5ffedabe59a1aa95f20c91b0b947,1
apache/cloudberry,issue_resolution_duration,https://oss.open-digger.cn/github/apache/cloudberry/issue_resolution_duration.json,200,,4415,a5c316b9b8889527ee99a2852c67a549a8c14137b1201705e5eb9964e376fac5,1
apache/cloudberry,issue_age,https://oss.open-digger.cn/github/apache/cloudberry/issue_age.json,200,,4874,706fabb2d2e30db4e664e27c49a687f2556679bfba23ea0837c5f9a522a0bcac,1
apache/cloudberry,issues_new,https://oss.open-digger.cn/github/apache/cloudberry/issues_new.json,200,,605,a79804fa629b5f9573226d4fe2fd9311d4894dfb53927ae6f4d769202e9f6ccc,1
apache/cloudberry,contributors,https://oss.open-digger.cn/github/apache/cloudberry/contributors.json,200,,648,017c4125ffc0458a95fd03f81643c3dcda9bcf0ee51cda3b07bb0bc652a6f075,1
apache/cloudberry,code_change_lines_sum,https://oss.open-digger.cn/github/apache/cloudberry/code_change_lines_sum.json,200,,830,f3c39c34cb91cc81cccb1913b6ab35b1de774a4366b1116940ac75853aa4c0d8,1
apache/cordova-android,issue_resolution_duration,https://oss.open-digger.cn/github/apache/cordova-android/issue_resolution_duration.json,200,,12585,7f8c28806033c1070bcc0401e0899071fea05b98f1ba36aef6b43321d9b57360,1
apache/cordova-android,issue_age,https://oss.open-digger.cn/github/apache/cordova-android/issue_age.json,200,,14018,404a4d41045e4a20508eca0b5b27ec5be658940eb9eb53028164709a2c0fa0ec,1
apache/cordova-android,issues_new,https://oss.open-digger.cn/github/apache/cordova-android/issues_new.json,200,,1647,863eff3a12c980f714bbde5d3091f9b458bdf937956dc658eefea75366266c93,1
apache/cordova-android,contributors,https://oss.open-digger.cn/github/apache/cordova-android/contributors.json,200,,1813,b525b78bf3d55086c5ac54b686f71a8427d9ea79f46a3ffc67e0f8f76362f242,1
apache/cordova-android,code_change_lines_sum,https://oss.open-digger.cn/github/apache/cordova-android/code_change_lines_sum.json,200,,2416,f388fc486d9f6e7e849abd9da563f49db5442c7b2b5be51ce925ad7773dd4ccd,1
apache/cordova-browser,issue_resolution_duration,https://oss.open-digger.cn/github/apache/cordova-browser/issue_resolution_duration.json,200,,2702,6dbeea9f3f9f9f34ead8256d13c6891482d65a004f1aaffd90a10200e366bf13,1
apache/cordova-browser,issue_age,https://oss.open-digger.cn/github/apache/cordova-browser/issue_age.json,200,,13780,68404071104b5a8753f2c1e09396744d0a3542c2a2c9bcbbf1052fab51f70b40,1
apache/cordova-browser,issues_new,https://oss.open-digger.cn/github/apache/cordova-browser/issues_new.json,200,,395,7a4c7a0fb5bd3c8e9a8d4b2eaeb0b8ae5a84daa1cbf02e01f1d228ee6f51f553,1
apache/cordova-browser,contributors,https://oss.open-digger.cn/github/apache/cordova-browser/contributors.json,200,,900,add342d01f6cf6210368385fac4b71bc7b5a7129bbfd4bc5932532eae7155a27,1
apache/cordova-browser,code_change_lines_sum,https://oss.open-digger.cn/github/apache/cordova-browser/code_change_lines_sum.json,200,,1333,1a77bfee6c99784b3597b7d2b918b54fe1f72bd1c1873583e436632341b14d54,1
apache/cordova-cli,issue_resolution_duration,https://oss.open-digger.cn/github/apache/cordova-cli/issue_resolution_duration.json,200,,8448,26954ade0e2955a695e5edae75b88239705f63a631da88f61f553e3041ea2277,1
apache/cordova-cli,issue_age,https://oss.open-digger.cn/github/apache/cordova-cli/issue_age.json,200,,14092,c3b549481f121a4a6c0c6249de4174ff49a62c7df5e4d570373947d84332cefc,1
apache/cordova-cli,issues_new,https://oss.open-digger.cn/github/apache/cordova-cli/issues_new.json,200,,1163,9922c316be839d710e07f98566dd42bb1b1a8758a5289859048ba3dae16b6b6e,1
apache/cordova-cli,contributors,https://oss.open-digger.cn/github/apache/cordova-cli/contributors.json,200,,1236,1072ab7b557e2474caee81417e8e2dc7571649c3a7bda2b336e800f9692f34fb,1
apache/cordova-cli,code_change_lines_sum,https://oss.open-digger.cn/github/apache/cordova-cli/code_change_lines_sum.json,200,,1680,9424c57e6062f5c28fa0f40f926897fb7238c30266978ce87e1e7237f56ead4b,1
apache/cordova-coho,issue_resolution_duration,https://oss.open-digger.cn/github/apache/cordova-coho/issue_resolution_duration.json,200,,1498,0a676affaade9f550ab9ab31c5eed43baaab5d6d59d6c1d8463ea08688a7f2fc,1
apache/cordova-coho,issue_age,https://oss.open-digger.cn/github/apache/cordova-coho/issue_age.json,200,,14190,72f7b9f275fd389d5643423e892c9e90af5f973caede8210af474581d80171ca,1
apache/cordova-coho,issues_new,https://oss.open-digger.cn/github/apache/cordova-coho/issues_new.json,200,,212,c4f0a53f4022aff65c7c299da916dee982d2deb175bf3780e862e4c7ff5f3537,1
apache/cordova-coho,contributors,https://oss.open-digger.cn/github/apache/cordova-coho/contributors.json,200,,1213,b4d3643dac170cc8f92c1918b61eee5e6ac8bcde86e3f146fd52693ff1fff846,1
apache/cordova-coho,code_change_lines_sum,https://oss.open-digger.cn/github/apache/cordova-coho/code_change_lines_sum.json,200,,1653,00236040f7db7e505b9184341a94d630e294253ac925310934f1dfd5b9d88f1b,1
apache/cordova-common,issue_resolution_duration,https://oss.open-digger.cn/github/apache/cordova-common/issue_resolution_duration.json,200,,3782,74c98f0e30c2fe20113d4ab76a00bd00b58ee63630c140e697584275bb097c67,1
apache/cordova-common,issue_age,https://oss.open-digger.cn/github/apache/cordova-common/issue_age.json,200,,14066,026afbcdda6eca593041594be6f1ff56a87793d8714cfc4951d3b4e808739d85,1
apache/cordova-common,issues_new,https://oss.open-digger.cn/github/apache/cordova-common/issues_new.json,200,,583,a88b31e444b01db5840c7e577de3706ed6319bb7d91c3e280aafcc9da37b07fb,1
apache/cordova-common,contributors,https://oss.open-digger.cn/github/apache/cordova-common/contributors.json,200,,917,d625426470c167da113f7aa92e4f028cfe5675052159b0f7ab7e055612a07091,1
apache/cordova-common,code_change_lines_sum,https://oss.open-digger.cn/github/apache/cordova-common/code_change_lines_sum.json,200,,1114,4f108b46795862217403f6a5eeb6e654233de1590fcb246f8f9891815d617ecb,1
apache/cordova-create,issue_resolution_duration,https://oss.open-digger.cn/github/apache/cordova-create/issue_resolution_duration.json,200,,831,e8f7d32bbc3651b1ff03f51896a34c09dfabe84be02d3718afb6932e02f94795,1
apache/cordova-create,issue_age,https://oss.open-digger.cn/github/apache/cordova-create/issue_age.json,200,,1716,484327f0f851f40ce8e440dc3e5d4bbb8642630a1b80daf4f815bfae9d69919e,1
apache/cordova-create,issues_new,https://oss.open-digger.cn/github/apache/cordova-create/issues_new.json,200,,88,42b50468d72a03ee9c52b69e5e2247971b5f3071e4ad2db5359fd7ed085c26e1,1
apache/cordova-create,contributors,https://oss.open-digger.cn/github/apache/cordova-create/contributors.json,200,,659,7256e3447c8172f840b056491dfcdfdd36715c355bca71f71b3932396bbfced1,1
apache/cordova-create,code_change_lines_sum,https://oss.open-digger.cn/github/apache/cordova-create/code_change_lines_sum.json,200,,803,a8c684840ae67cebd7196ce7250d4c7f060788fa5e91e85d942a6e710d211088,1
apache/cordova-eslint,issue_resolution_duration,https://oss.open-digger.cn/github/apache/cordova-eslint/issue_resolution_duration.json,200,,355,cad133db88e6578cebfbb72a2e33941d873fc8199726c7fde119d8eacedb273a,1
apache/cordova-eslint,issue_age,https://oss.open-digger.cn/github/apache/cordova-eslint/issue_age.json,200,,137,cce1884e6c7bb7c42249887f4f92eda952b2d151a88f0f2d7c58690d0f6fd9ff,1
apache/cordova-eslint,issues_new,https://oss.open-digger.cn/github/apache/cordova-eslint/issues_new.json,200,,33,2377849aeb6044b67867226f1e4f0848423d57088a5f91b78ab42897d19207b1,1
apache/cordova-eslint,contributors,https://oss.open-digger.cn/github/apache/cordova-eslint/contributors.json,200,,373,85e4716a2cb3d8131d8ad7d483f329321c6bd59cc29b69d1ab81ead57e90ed03,1
apache/cordova-eslint,code_change_lines_sum,https://oss.open-digger.cn/github/apache/cordova-eslint/code_change_lines_sum.json,200,,477,86e423fe75472e61a78c7724c41af153ec97e93674a2c589ca3ca9468beaafaf,1
apache/cordova-fetch,issue_resolution_duration,https://oss.open-digger.cn/github/apache/cordova-fetch/issue_resolution_duration.json,200,,2831,4db5526c6f680be0058a135b32529b8620cca416336bb2992da4bb070a41311a,1
apache/cordova-fetch,issue_age,https://oss.open-digger.cn/github/apache/cordova-fetch/issue_age.json,200,,14503,675d1b6fe9e22c8f0ff01aeeb88185c5826a5f1d0c3765ed177b74f5e979bc4f,1
apache/cordova-fetch,issues_new,https://oss.open-digger.cn/github/apache/cordova-fetch/issues_new.json,200,,368,91ec8fbe8be842e7be37292bc76538ae351e84aeba2870875590c4de513ae6bb,1
apache/cordova-fetch,contributors,https://oss.open-digger.cn/github/apache/cordova-fetch/contributors.json,200,,740,9383b0af92ae0911d6c06dadccab28dbe28effccf370842e37288e8df0e1b743,1
apache/cordova-fetch,code_change_lines_sum,https://oss.open-digger.cn/github/apache/cordova-fetch/code_change_lines_sum.json,200,,1015,af1fe1ca9d0395f1403e1fd1fa674f0526f9c963af24688f525bd1900247529e,1
apache/cordova-ios,issue_resolution_duration,https://oss.open-digger.cn/github/apache/cordova-ios/issue_resolution_duration.json,200,,12310,3fbd388bdff886aae0531ce64cab074214c2a7fd5556d0a5297112c1f68abe43,1
apache/cordova-ios,issue_age,https://oss.open-digger.cn/github/apache/cordova-ios/issue_age.json,200,,14121,733403326ebb1c2102310af83c7651592225d07dd0c0db05c8182d286ef582ca,1
apache/cordova-ios,issues_new,https://oss.open-digger.cn/github/apache/cordova-ios/issues_new.json,200,,1557,9bc16f368a97d919fb83825043d7a3b0bc85c19aa6cb1353862e5d11bfed4cb4,1
apache/cordova-ios,contributors,https://oss.open-digger.cn/github/apache/cordova-ios/contributors.json,200,,1710,359619ab64da9c36973cef1f9df6622d055e1a0b0dce6d06844304b9eb99e435,1
apache/cordova-ios,code_change_lines_sum,https://oss.open-digger.cn/github/apache/cordova-ios/code_change_lines_sum.json,200,,2549,fade43fb7ce0e642142bc75b7cd085e02e32a0354e5bd34077331f5c6b9694ec,1
apache/cordova-lib,issue_resolution_duration,https://oss.open-digger.cn/github/apache/cordova-lib/issue_resolution_duration.json,200,,4325,86e6cb58efb9f3eecf22d1638b8a8b43aa6117de2fea417ab4c4fcb408feab08,1
apache/cordova-lib,issue_age,https://oss.open-digger.cn/github/apache/cordova-lib/issue_age.json,200,,14142,b0bf7a45c439f8bed811c5f90699c855b9c6a1a494373c4095412f67ca4fd1f3,1
apache/cordova-lib,issues_new,https://oss.open-digger.cn/github/apache/cordova-lib/issues_new.json,200,,741,8bc2f9133947c72f95e8849076394d1c1b5114922f8c910cdb009333c9f79c0b,1
apache/cordova-lib,contributors,https://oss.open-digger.cn/github/apache/cordova-lib/contributors.json,200,,1407,84865841d7765213587637123d7979493f8309ad772a91af33fea7af873270e1,1
apache/cordova-lib,code_change_lines_sum,https://oss.open-digger.cn/github/apache/cordova-lib/code_change_lines_sum.json,200,,1940,25ca50226d8d3ca33c4ecb650e9a6f5112987e201493d8eeecb6ee62fab9f0e7,1
apache/cordova-node-xcode,issue_resolution_duration,https://oss.open-digger.cn/github/apache/cordova-node-xcode/issue_resolution_duration.json,200,,2967,73d9d86876a3ef1e6d2e0fe4b850026adedf29502d8ea38079795f1cd06c1522,1
apache/cordova-node-xcode,issue_age,https://oss.open-digger.cn/github/apache/cordova-node-xcode/issue_age.json,200,,13596,7f6333f724b6afffb18bb71af8d1005f5f905a01903dd3115b2e97169eb876b4,1
apache/cordova-node-xcode,issues_new,https://oss.open-digger.cn/github/apache/cordova-node-xcode/issues_new.json,200,,652,b5c7f646bd819bf6a364ea585d315c5b6615d31a3bbf6cecf5966d7f804c2837,1
apache/cordova-node-xcode,contributors,https://oss.open-digger.cn/github/apache/cordova-node-xcode/contributors.json,200,,535,7ed26b8b81a8ce3a6833197762944fab4957a4759fad2de9e96b95154d25f242,1
apache/cordova-node-xcode,code_change_lines_sum,https://oss.open-digger.cn/github/apache/cordova-node-xcode/code_change_lines_sum.json,200,,752,726842d20e6b3759545b604f3e7861c6c5fb42241c912cbeebd7e9d4b204834f,1
apache/cordova-paramedic,issue_resolution_duration,https://oss.open-digger.cn/github/apache/cordova-paramedic/issue_resolution_duration.json,200,,2667,3f40c9b92a052cc1e394164605624af331f0a6e84f5db1be555e933eb802ea29,1
apache/cordova-paramedic,issue_age,https://oss.open-digger.cn/github/apache/cordova-paramedic/issue_age.json,200,,13993,eccb736334855f2be3796292ce592f568789a0f78e767b49ced7ade7b3e1bbbf,1
apache/cordova-paramedic,issues_new,https://oss.open-digger.cn/github/apache/cordova-paramedic/issues_new.json,200,,445,71c75cb0d69fd395672779ff1d9925fde43b01fc508f217279930ee01cb819ff,1
apache/cordova-paramedic,contributors,https://oss.open-digger.cn/github/apache/cordova-paramedic/contributors.json,200,,807,79464fb17ab4197b8b5359c729eef27236b09f9d3674940f84fddef5f8bcfab0,1
apache/cordova-paramedic,code_change_lines_sum,https://oss.open-digger.cn/github/apache/cordova-paramedic/code_change_lines_sum.json,200,,1182,33d00330f32611f3add92bb7bc99a10f71c87e1aa11676ae2cf43746505dd6a9,1
apache/cordova-plugin-battery-status,issue_resolution_duration,https://oss.open-digger.cn/github/apache/cordova-plugin-battery-status/issue_resolution_duration.json,200,,803,79f1b37eba044d39002124afaecba8656c9ae74cfa1a76a4e99cac5f3309b8ca,1
apache/cordova-plugin-battery-status,issue_age,https://oss.open-digger.cn/github/apache/cordova-plugin-battery-status/issue_age.json,200,,14421,aaae13a231b6ce11c6bed58f04ca1491f943761286e1ff6ae6e8c511d1903bd4,1
apache/cordova-plugin-battery-status,issues_new,https://oss.open-digger.cn/github/apache/cordova-plugin-battery-status/issues_new.json,200,,187,fd22aad41900a4f03d7ee35c31dda28d9900ec024c9bbe15b5543cf46e9954c2,1
apache/cordova-plugin-battery-status,contributors,https://oss.open-digger.cn/github/apache/cordova-plugin-battery-status/contributors.json,200,,718,632c4ef2532b99b7a15fea2c03df91105a15494879da73e704dcf8c58f381302,1
apache/cordova-plugin-battery-status,code_change_lines_sum,https://oss.open-digger.cn/github/apache/cordova-plugin-battery-status/code_change_lines_sum.json,200,,1188,ceb884f3e455809249284edfe2953a433744e85cf3b559072dacfead920b7bad,1
apache/cordova-plugin-camera,issue_resolution_duration,https://oss.open-digger.cn/github/apache/cordova-plugin-camera/issue_resolution_duration.json,200,,10436,3a071ffe8193f52ac19a02b23cd76b1203fb3380e3cbb25ed9a3443a3e5727d4,1
apache/cordova-plugin-camera,issue_age,https://oss.open-digger.cn/github/apache/cordova-plugin-camera/issue_age.json,200,,14111,98ecb66fdf734499fccfd63e4d6661589be963e21072926fc029f2f457b5828d,1
apache/cordova-plugin-camera,issues_new,https://oss.open-digger.cn/github/apache/cordova-plugin-camera/issues_new.json,200,,1382,d181fae848c9fa8f83a0050435833e4244ae4a20069ae9856d6006575395475e,1
apache/cordova-plugin-camera,contributors,https://oss.open-digger.cn/github/apache/cordova-plugin-camera/contributors.json,200,,1417,35d683dd9f29c5ad47587426559ce6f43bb55d33fb1acc2139f1138b15c0a6b3,1
apache/cordova-plugin-camera,code_change_lines_sum,https://oss.open-digger.cn/github/apache/cordova-plugin-camera/code_change_lines_sum.json,200,,2262,5786470f3b8160b9a922d1e3da72b140c692cb490cdec9c028a8ecd4bfbccdd9,1
apache/cordova-plugin-file,issue_resolution_duration,https://oss.open-digger.cn/github/apache/cordova-plugin-file/issue_resolution_duration.json,200,,10102,436693560dbb03ebfd616ac87e0989671a509158c2ccadd7ef8824c635780c14,1
apache/cordova-plugin-file,issue_age,https://oss.open-digger.cn/github/apache/cordova-plugin-file/issue_age.json,200,,14240,1c4d4e5ced83a11eb7867c825681ed97e28b516c7e40a98008a3887d486c49a8,1
apache/cordova-plugin-file,issues_new,https://oss.open-digger.cn/github/apache/cordova-plugin-file/issues_new.json,200,,1276,bd9782598fb506559f044a75eb1eee53b1311999b0fe407061cdab19e03b853a,1
apache/cordova-plugin-file,contributors,https://oss.open-digger.cn/github/apache/cordova-plugin-file/contributors.json,200,,1081,342a1f9ad6079b46368b0fa48021404a68c3a4572643061737e19fe0b9d081ec,1
apache/cordova-plugin-file,code_change_lines_sum,https://oss.open-digger.cn/github/apache/cordova-plugin-file/code_change_lines_sum.json,200,,1668,d02e3fa4e0887f0ba41530ca559c982d9199761cbd3840511578a322602401bf,1
apache/cordova-plugin-file-transfer,issue_resolution_duration,https://oss.open-digger.cn/github/apache/cordova-plugin-file-transfer/issue_resolution_duration.json,200,,6666,0ef4b6a3aa42e2fc993f1ddecb15761cb01dac6f4086e7ea925e61635b4b7690,1
apache/cordova-plugin-file-transfer,issue_age,https://oss.open-digger.cn/github/apache/cordova-plugin-file-transfer/issue_age.json,200,,14180,c4e9a4229213f5a3c9a1f52e0c25d573eb89d6120ca6ca57ce58b5d214b9d802,1
apache/cordova-plugin-file-transfer,issues_new,https://oss.open-digger.cn/github/apache/cordova-plugin-file-transfer/issues_new.json,200,,1019,8797c261ad7cded9bd2818aa33f82afc6cfe4711c700d3cc65b1ee100f00d1f4,1
apache/cordova-plugin-file-transfer,contributors,https://oss.open-digger.cn/github/apache/cordova-plugin-file-transfer/contributors.json,200,,918,422d168eb3e876d038fe2b873f2de8e3ee77c54c3f5b3da77bc8bd224072765f,1
apache/cordova-plugin-file-transfer,code_change_lines_sum,https://oss.open-digger.cn/github/apache/cordova-plugin-file-transfer/code_change_lines_sum.json,200,,1503,b919256e9c4abfce33738a04a5047f2758e9ff09986947fb81c74126f9900180,1
apache/cordova-plugin-inappbrowser,issue_resolution_duration,https://oss.open-digger.cn/github/apache/cordova-plugin-inappbrowser/issue_resolution_duration.json,200,,9950,c0e18f4fbce6aa0328700577dd6cd661533e8c23f031ff857455e1d8c8641b3f,1
apache/cordova-plugin-inappbrowser,issue_age,https://oss.open-digger.cn/github/apache/cordova-plugin-inappbrowser/issue_age.json,200,,14183,d1f147e4576d2b9083d9a0e2939734857ae8549523c2e4e49358fb9546f37b38,1
apache/cordova-plugin-inappbrowser,issues_new,https://oss.open-digger.cn/github/apache/cordova-plugin-inappbrowser/issues_new.json,200,,1378,585a3c6fbca098b2850053566c8776fde73e58d73b1c90a0c06ec4a9dd067093,1
apache/cordova-plugin-inappbrowser,contributors,https://oss.open-digger.cn/github/apache/cordova-plugin-inappbrowser/contributors.json,200,,1140,18206f222ac4e7a80aec48e36981d9f9146217820bf0e9d146e458fbbabddb86,1
apache/cordova-plugin-inappbrowser,code_change_lines_sum,https://oss.open-digger.cn/github/apache/cordova-plugin-inappbrowser/code_change_lines_sum.json,200,,2260,1489afbc45b8ae1d69f5789e909dcb3da2b20064715c10abccdda5b50605fdc4,1
apache/cordova-plugin-network-information,issue_resolution_duration,https://oss.open-digger.cn/github/apache/cordova-plugin-network-information/issue_resolution_duration.json,200,,3790,201f03c126804be616a6190aee4d464d39e99e56d29632c4f8f786729cebd87e,1
apache/cordova-plugin-network-information,issue_age,https://oss.open-digger.cn/github/apache/cordova-plugin-network-information/issue_age.json,200,,14327,0cd4f4d9300812f392b358d81eb9ca3ca8aa2d87f361ee5a0863dbd47cf8418e,1
apache/cordova-plugin-network-information,issues_new,https://oss.open-digger.cn/github/apache/cordova-plugin-network-information/issues_new.json,200,,610,e037199f0b01046b5bffe19328647454f2981038d8dcef42d5685fe87961cafd,1
apache/cordova-plugin-network-information,contributors,https://oss.open-digger.cn/github/apache/cordova-plugin-network-information/contributors.json,200,,738,8069d43cf184769c2e19f1b64302d2562c029563b6ec5ffdcaaf53322b61c19e,1
apache/cordova-plugin-network-information,code_change_lines_sum,https://oss.open-digger.cn/github/apache/cordova-plugin-network-information/code_change_lines_sum.json,200,,1184,9ff20631a436be4f48af7af6316d5dd9ec5eceddecb442395fdf9772a4ceb292,1
apache/cordova-plugin-statusbar,issue_resolution_duration,https://oss.open-digger.cn/github/apache/cordova-plugin-statusbar/issue_resolution_duration.json,200,,7100,e1b121d198c5013f819fadce337fa18ed16751c460f7b6cc7d50a94859a32e95,1
apache/cordova-plugin-statusbar,issue_age,https://oss.open-digger.cn/github/apache/cordova-plugin-statusbar/issue_age.json,200,,14022,5d1d85ff7f7d185a1d9f701ca9e0588d1e7e7f01cb5140be62a4e56d8ef04728,1
apache/cordova-plugin-statusbar,issues_new,https://oss.open-digger.cn/github/apache/cordova-plugin-statusbar/issues_new.json,200,,969,4ad870b66536ea3c2b703f88336f876bad11d4132034f10fcf9ce2e4bf15dca1,1
apache/cordova-plugin-statusbar,contributors,https://oss.open-digger.cn/github/apache/cordova-plugin-statusbar/contributors.json,200,,844,f141bf13fc4ea63c60ea65315123ea258b4e9c803564fda076ec9210fc793f48,1
apache/cordova-plugin-statusbar,code_change_lines_sum,https://oss.open-digger.cn/github/apache/cordova-plugin-statusbar/code_change_lines_sum.json,200,,1492,b0c26c60453f9714f729bf54fe7f4bc06b767ae8ab1e38928bd5995f6e9c3acd,1
apache/cordova-plugin-vibration,issue_resolution_duration,https://oss.open-digger.cn/github/apache/cordova-plugin-vibration/issue_resolution_duration.json,200,,1546,0239f9e1380e7676baa953fc757b4eb2e9050fc1d06fa742b5605a85979fe664,1
apache/cordova-plugin-vibration,issue_age,https://oss.open-digger.cn/github/apache/cordova-plugin-vibration/issue_age.json,200,,13425,a7bb7d0777d21af8233b48017077629c7cf88e19c79446e3c60c6e8d2ef9a752,1
apache/cordova-plugin-vibration,issues_new,https://oss.open-digger.cn/github/apache/cordova-plugin-vibration/issues_new.json,200,,265,463b4af5732fe2788338d4c46dbdb43b24bd3fe535d2533334f4d8d65f421a20,1
apache/cordova-plugin-vibration,contributors,https://oss.open-digger.cn/github/apache/cordova-plugin-vibration/contributors.json,200,,710,9e7350716860cd09ae010cdc01223b7150f75ba8602e1198abf43caea28a1d5e,1
apache/cordova-plugin-vibration,code_change_lines_sum,https://oss.open-digger.cn/github/apache/cordova-plugin-vibration/code_change_lines_sum.json,200,,1022,ca9d3c53334e1dbe704da9015a53d8e472f3aeadedd79593b6b8de3c97dbc87d,1
apache/cordova-plugman,issue_resolution_duration,https://oss.open-digger.cn/github/apache/cordova-plugman/issue_resolution_duration.json,200,,1091,29c3493bf04180399a85880334b0ac1b99ee73bf1c9806e70b39b6aaab19b247,1
apache/cordova-plugman,issue_age,https://oss.open-digger.cn/github/apache/cordova-plugman/issue_age.json,200,,13598,3cb75830af33ce128f7b99c16f0514d74d7a1d5978c88f7956b0131109f888c9,1
apache/cordova-plugman,issues_new,https://oss.open-digger.cn/github/apache/cordova-plugman/issues_new.json,200,,265,b6ac2bf9196e8b22746e127763c3e8f849b0a28925309f09fc4082f181504525,1
apache/cordova-plugman,contributors,https://oss.open-digger.cn/github/apache/cordova-plugman/contributors.json,200,,523,df2fbd0ae034b0c0ef03a039b033b34665f866f094a47962209adf717b8f277c,1
apache/cordova-plugman,code_change_lines_sum,https://oss.open-digger.cn/github/apache/cordova-plugman/code_change_lines_sum.json,200,,680,eb9e3a382061aad56dc3f833cc32dd3a767bf896fe30a722f34b954f09ec21c5,1
apache/cordova-serve,issue_resolution_duration,https://oss.open-digger.cn/github/apache/cordova-serve/issue_resolution_duration.json,200,,860,aef2b7d98cc7c10076a54fee23c3ae4df16e2e514c0302d6b39cacd768e7327f,1
apache/cordova-serve,issue_age,https://oss.open-digger.cn/github/apache/cordova-serve/issue_age.json,200,,11786,dfa0a46467acd3b2b98662eb563704e6dade305242dabcaf7fd3ef9fda765c69,1
apache/cordova-serve,issues_new,https://oss.open-digger.cn/github/apache/cordova-serve/issues_new.json,200,,198,4abcf96ed2c91cb50a1cdbb27e895383e9819d9212043a802cb455b752b51f4b,1
apache/cordova-serve,contributors,https://oss.open-digger.cn/github/apache/cordova-serve/contributors.json,200,,635,3e05e55a3f8bc1de8b1f7d2c210df7b81cd8d6b7f1639a3d31eec888f01458cd,1
apache/cordova-serve,code_change_lines_sum,https://oss.open-digger.cn/github/apache/cordova-serve/code_change_lines_sum.json,200,,788,f28bfd08dc787f227202f4875152b495631f450ed11a129542817e8ef6852954,1
apache/couchdb,issue_resolution_duration,https://oss.open-digger.cn/github/apache/couchdb/issue_resolution_duration.json,200,,15352,1aa9077eee1499ea8c9b6c7b5224774f3e784313dea7fe42e064af7f36e69e0d,1
apache/couchdb,issue_age,https://oss.open-digger.cn/github/apache/couchdb/issue_age.json,200,,16484,e6ef7378c2ac9f41f25a5dde19e9cbf981141cab3db972198df10f425d697f86,1
apache/couchdb,issues_new,https://oss.open-digger.cn/github/apache/couchdb/issues_new.json,200,,1955,94713daf2fd5edc86746dc5a84d1c43f7feaedb7e14bac07350de67b21c38061,1
apache/couchdb,contributors,https://oss.open-digger.cn/github/apache/couchdb/contributors.json,200,,2310,344c5550e9c43d69faae2e05bb0f33ab7d485d68c336af24ea85b65ce189f9b8,1
apache/couchdb,code_change_lines_sum,https://oss.open-digger.cn/github/apache/couchdb/code_change_lines_sum.json,200,,2896,4a1a7f6f9aa93516acd497c544b1f08ed9cf21b37b77de71d4c64590456eda12,1
apache/dolphinscheduler,issue_resolution_duration,https://oss.open-digger.cn/github/apache/dolphinscheduler/issue_resolution_duration.json,200,,12554,75726dcd059b98932c67f22790da330fe7718433d17d06c0c3100084aa3e15b1,1
apache/dolphinscheduler,issue_age,https://oss.open-digger.cn/github/apache/dolphinscheduler/issue_age.json,200,,13199,17c5647eb9bc794d2bddbea535bbe24a7ad880b54bc571d56ab159f34f46b403,1
apache/dolphinscheduler,issues_new,https://oss.open-digger.cn/github/apache/dolphinscheduler/issues_new.json,200,,1664,47f4f9c94ce39c1fcb5370f040e41595695d59be390832483e94e26e25b89335,1
apache/dolphinscheduler,contributors,https://oss.open-digger.cn/github/apache/dolphinscheduler/contributors.json,200,,1569,f9295e0facaebd210103e1d826bdd025a357e6fe630e9a1e7ae4617542307e43,1
apache/dolphinscheduler,code_change_lines_sum,https://oss.open-digger.cn/github/apache/dolphinscheduler/code_change_lines_sum.json,200,,1970,d8ff92fa8515796622567146e647297d5244012095701d3049a8ae503f23711c,1
apache/doris,issue_resolution_duration,https://oss.open-digger.cn/github/apache/doris/issue_resolution_duration.json,200,,15262,1f1a4936aa2ac2cd860ebb0ce04eb77fa41979e42db13a8d0a85b9c05021cd41,1
apache/doris,issue_age,https://oss.open-digger.cn/github/apache/doris/issue_age.json,200,,16037,34d74ded1ceb125327b80397e319de7f486e7bdd0ea7e91c076700df3b8ada48,1
apache/doris,issues_new,https://oss.open-digger.cn/github/apache/doris/issues_new.json,200,,1969,3625077ec872a1d99aa8fc2d476c9221edc1263e833b4007b1286d82b21ec0f4,1
apache/doris,contributors,https://oss.open-digger.cn/github/apache/doris/contributors.json,200,,1978,1beab12d09b62de29d11986ae0db16de881166ff6a3f26836980769d632caa7b,1
apache/doris,code_change_lines_sum,https://oss.open-digger.cn/github/apache/doris/code_change_lines_sum.json,200,,2502,96d3d1ffd95569dee337a06353353bdd97dd73f8c9a7043a2bec38e7d017e8d9,1
apache/dubbo,issue_resolution_duration,https://oss.open-digger.cn/github/apache/dubbo/issue_resolution_duration.json,200,,19749,1a8293e5005c46477099ae056e88b9c18bb396659360b393737d27e2c746cb46,1
apache/dubbo,issue_age,https://oss.open-digger.cn/github/apache/dubbo/issue_age.json,200,,20898,36a5f28b115cec4a378b2d407054bb9f78258a3d7e55e9bcd11881c61a768fc5,1
apache/dubbo,issues_new,https://oss.open-digger.cn/github/apache/dubbo/issues_new.json,200,,2501,5c4947efb09b31f1e90a70eea663be3089b3abac32812b72e167e470fdfaf1ed,1
apache/dubbo,contributors,https://oss.open-digger.cn/github/apache/dubbo/contributors.json,200,,2001,f6176bcd13277a5725446d03a999ae528850102832eb7f7bdc630495626a59aa,1
apache/dubbo,code_change_lines_sum,https://oss.open-digger.cn/github/apache/dubbo/code_change_lines_sum.json,200,,2902,81d23217bfbae00d260ca9c37270442fec0e4f8b07763ab93cc0478062e4832c,1
apache/echarts,issue_resolution_duration,https://oss.open-digger.cn/github/apache/echarts/issue_resolution_duration.json,200,,19803,afb3d1e21713bd7715f17a564455c87508f28f109c25c4379d0a6eec99b16dd0,1
apache/echarts,issue_age,https://oss.open-digger.cn/github/apache/echarts/issue_age.json,200,,21177,a588cef8d21bee200740413af72814f45048c23d8b3463762e50881f48d35645,1
apache/echarts,issues_new,https://oss.open-digger.cn/github/apache/echarts/issues_new.json,200,,2635,b62bd1e318106abaae464ae5942d1f2c6a795444fa606b580317da829fcffcdc,1
apache/echarts,contributors,https://oss.open-digger.cn/github/apache/echarts/contributors.json,200,,2066,d7057d5ff54b7a1971f933c3f340980fdec131a481ff65de508b22d1dc138488,1
apache/echarts,code_change_lines_sum,https://oss.open-digger.cn/github/apache/echarts/code_change_lines_sum.json,200,,2902,86acdbb2d8476ede952b7d174befda48c6acf15dcb28f871218118f93bed0a6d,1
apache/eventmesh,issue_resolution_duration,https://oss.open-digger.cn/github/apache/eventmesh/issue_resolution_duration.json,200,,9423,4a92a4c8b211c61f4ea0bdacc897f6d7dd5e7b58081989e09aeddc6a21e90cc1,1
apache/eventmesh,issue_age,https://oss.open-digger.cn/github/apache/eventmesh/issue_age.json,200,,11623,d2f66225b0a8199b1259d86a423ff3d11490c142f586a33a8848a349d92b3975,1
apache/eventmesh,issues_new,https://oss.open-digger.cn/github/apache/eventmesh/issues_new.json,200,,1224,d451fe95bdc3263d7ff62f6cd2378b528186e835230a83a55ee102df6824d616,1
apache/eventmesh,contributors,https://oss.open-digger.cn/github/apache/eventmesh/contributors.json,200,,1191,9eaacbf9ed602495675f0358a8c556b497e4e0e9c7157fe822a8649c8ffb35e2,1
apache/eventmesh,code_change_lines_sum,https://oss.open-digger.cn/github/apache/eventmesh/code_change_lines_sum.json,200,,1466,6245306824d1d2f94bc4b5bd787c0c0be9ff1505ad8088e3199122adae241e43,1
apache/hugegraph,issue_resolution_duration,https://oss.open-digger.cn/github/apache/hugegraph/issue_resolution_duration.json,404,,0,,1
apache/hugegraph,issue_age,https://oss.open-digger.cn/github/apache/hugegraph/issue_age.json,404,,0,,1
apache/hugegraph,issues_new,https://oss.open-digger.cn/github/apache/hugegraph/issues_new.json,200,,1574,9a35492de6a99a37f73c7a2e83d9761736fa503f2d9de6fafcd5e18c2042842d,1
apache/hugegraph,contributors,https://oss.open-digger.cn/github/apache/hugegraph/contributors.json,200,,1557,05aeba6d048c8f72a963c83c621e186e8952037ac0e0e591f68226aa39158240,1
apache/hugegraph,code_change_lines_sum,https://oss.open-digger.cn/github/apache/hugegraph/code_change_lines_sum.json,200,,1932,ea562a42389efb3b566c601824494c161193906a13f30bfe3407a630f85008e7,1
apache/jmeter,issue_resolution_duration,https://oss.open-digger.cn/github/apache/jmeter/issue_resolution_duration.json,200,,7635,566347fed3997e56cae9360fc32eaffc79afc2fd575833556191adb86e1cb827,1
apache/jmeter,issue_age,https://oss.open-digger.cn/github/apache/jmeter/issue_age.json,200,,6254,881248e8872d13acd872f3be1c21a701076271ace3ce8a1a5ffa7141fcddae70,1
apache/jmeter,issues_new,https://oss.open-digger.cn/github/apache/jmeter/issues_new.json,200,,1041,b422e3b28f74bbd2fcabfebf829cc6e54ab2e6c97e503762403f23c0aef980c4,1
apache/jmeter,contributors,https://oss.open-digger.cn/github/apache/jmeter/contributors.json,200,,1092,17e88456b529864a462619b4f30a46a1ef45914873ae94f3e1439924eecca28d,1
apache/jmeter,code_change_lines_sum,https://oss.open-digger.cn/github/apache/jmeter/code_change_lines_sum.json,200,,2565,f524e724d22e01b1cc31ddc018a213d7e5354b30072441536620b7746026d5f7,1
apache/kvrocks,issue_resolution_duration,https://oss.open-digger.cn/github/apache/kvrocks/issue_resolution_duration.json,200,,10566,a377e68df42d5039e6646bd6aea2566e949f0d8579eeb97c2b5a75c3db239ebf,1
apache/kvrocks,issue_age,https://oss.open-digger.cn/github/apache/kvrocks/issue_age.json,200,,12056,fd0c0da5dc6beaddd08fc99df3ed057c0994f025d58d2121c1267ef95ec87ee9,1
apache/kvrocks,issues_new,https://oss.open-digger.cn/github/apache/kvrocks/issues_new.json,200,,1390,cda4fd516c8f02edb1b7c9745774d3d7d5c3d557423d99e0bb237f8585329f9c,1
apache/kvrocks,contributors,https://oss.open-digger.cn/github/apache/kvrocks/contributors.json,200,,1389,7e79d01bdc9ad3c24d964b05103782ea9250bdc16684f95ce5cf6ddae8e3236e,1
apache/kvrocks,code_change_lines_sum,https://oss.open-digger.cn/github/apache/kvrocks/code_change_lines_sum.json,200,,1722,9e7f0aed8cad16b344927ea891e3560c26bee4c93f9acc8c6723b860f7617f13,1
apache/linkis,issue_resolution_duration,https://oss.open-digger.cn/github/apache/linkis/issue_resolution_duration.json,200,,9749,efe50a90e6cc3285949f71e587c02dba641411446f87a6292e6b082cc619ec8a,1
apache/linkis,issue_age,https://oss.open-digger.cn/github/apache/linkis/issue_age.json,200,,12282,8a33ecdd87532c943fb3b6bc23f9800cce0f293a708ae32baf77d6ab5d58af50,1
apache/linkis,issues_new,https://oss.open-digger.cn/github/apache/linkis/issues_new.json,200,,1372,d9cdaa4eb55cf92920ed0caf3f8a3fa431ddf4510314e80e8f5ba303b2eb7a63,1
apache/linkis,contributors,https://oss.open-digger.cn/github/apache/linkis/contributors.json,200,,1305,a45f63c4a313f1f82b1ff6e02d6fefa31ec559b429aa178a6b015dcb7906556d,1
apache/linkis,code_change_lines_sum,https://oss.open-digger.cn/github/apache/linkis/code_change_lines_sum.json,200,,1806,4bc94ff978ac47c0719522afa71585d737a7aa5bd44f2e4fa89e646140b7914d,1
apache/paimon,issue_resolution_duration,https://oss.open-digger.cn/github/apache/paimon/issue_resolution_duration.json,200,,5327,d5ba1d253473969e671d1ec3ef20fefdc6fb1fccb91a97aee8e3395b2366657c,1
apache/paimon,issue_age,https://oss.open-digger.cn/github/apache/paimon/issue_age.json,200,,5588,4be5b7d84fee4b1f703fc520ce76fde9fe34be73fe67af0e9aefce53e8424719,1
apache/paimon,issues_new,https://oss.open-digger.cn/github/apache/paimon/issues_new.json,200,,735,7228394076b3726f59242fabf4dd1b5470f8582929dd80e28f8b2edc2bcb9534,1
apache/paimon,contributors,https://oss.open-digger.cn/github/apache/paimon/contributors.json,200,,981,1542a1f7b95adfd51923bda099c62c037ca3d64f809fbb78e43fc64e78f180bd,1
apache/paimon,code_change_lines_sum,https://oss.open-digger.cn/github/apache/paimon/code_change_lines_sum.json,200,,1244,d210751b034b3a70c74f619e6a2f0f418943855e26d93853027eb950c7219989,1
apache/pinot,issue_resolution_duration,https://oss.open-digger.cn/github/apache/pinot/issue_resolution_duration.json,200,,18627,2f61fdab30d8d8764ddf1e114fe8f83ae3f31603f57e26a0725bd401d5f059de,1
apache/pinot,issue_age,https://oss.open-digger.cn/github/apache/pinot/issue_age.json,200,,20088,e8fe5ab9e6d810a8226d72d4f7b04387bd60f76599e71e8b01ac05361215f462,1
apache/pinot,issues_new,https://oss.open-digger.cn/github/apache/pinot/issues_new.json,200,,2362,5d8b50d49b4542c172c13b543e3507d092a09fdd49a8d5f8e7af4dde01d41607,1
apache/pinot,contributors,https://oss.open-digger.cn/github/apache/pinot/contributors.json,200,,2371,80f723cf22143fc494f80c3bee65ef140d650ea64eb9558b73418b1a97cf8f3a,1
apache/pinot,code_change_lines_sum,https://oss.open-digger.cn/github/apache/pinot/code_change_lines_sum.json,200,,3004,54e51a57b3c89ecced8e53a1262ed3f31afce08b8fcd4bc8fae35825b9a67634,1
apache/poi,issue_resolution_duration,https://oss.open-digger.cn/github/apache/poi/issue_resolution_duration.json,200,,1028,8522a43ab6f979394bc1a53ae5baa48502f5ae7528b09e59a673f30b5c6df75c,1
apache/poi,issue_age,https://oss.open-digger.cn/github/apache/poi/issue_age.json,200,,1238,a8b80c3a958957879dd07d8cf07d3be53f7676b8dfac599e5bc6d048cecce31c,1
apache/poi,issues_new,https://oss.open-digger.cn/github/apache/poi/issues_new.json,200,,173,cd599d4469dc105a17f47690176dfca3c95bc16c94b1f58eb794e3f0eef08e58,1
apache/poi,contributors,https://oss.open-digger.cn/github/apache/poi/contributors.json,200,,203,7d56de54c93e1bfc4ab41d97a38fbad62649f73762ae760f74fdcfa4b3a9c0f2,1
apache/poi,code_change_lines_sum,https://oss.open-digger.cn/github/apache/poi/code_change_lines_sum.json,200,,2417,18c424223137b0fddc7f937826779948ab76804c0424909b277a3a15e0d032a5,1
apache/seatunnel,issue_resolution_duration,https://oss.open-digger.cn/github/apache/seatunnel/issue_resolution_duration.json,200,,15186,c37acb78949544b5d76c7fffa8f5ef217f3f946f28d3c1cc613f151f102cdb7e,1
apache/seatunnel,issue_age,https://oss.open-digger.cn/github/apache/seatunnel/issue_age.json,200,,15814,643d36f9bb91ea2879e9c682ff975b236166731ad4e144d1f9f3bff9ea7cd0a3,1
apache/seatunnel,issues_new,https://oss.open-digger.cn/github/apache/seatunnel/issues_new.json,200,,1927,e231645cb53fb100845136ce15339ee46b259c4a55c9d366bf755b3c82ffa0cd,1
apache/seatunnel,contributors,https://oss.open-digger.cn/github/apache/seatunnel/contributors.json,200,,1776,190054e7c968114c2bc59401e2b72785802c4983ef3086db4aab552697381e53,1
apache/seatunnel,code_change_lines_sum,https://oss.open-digger.cn/github/apache/seatunnel/code_change_lines_sum.json,200,,2239,3cce7ad6284d696eb0b7df2a3204e218223c6e4546ba5d76c8fa81bf8abb7b02,1
apache/shardingsphere,issue_resolution_duration,https://oss.open-digger.cn/github/apache/shardingsphere/issue_resolution_duration.json,200,,17615,ed01c0d2cca411b9514d976b1792e24265e5568ddfba1941879285315df0f5de,1
apache/shardingsphere,issue_age,https://oss.open-digger.cn/github/apache/shardingsphere/issue_age.json,200,,18663,f81ff6f0df3be843f569bc5ceec203666c385710ead0ce7d93c1394b16f6c963,1
apache/shardingsphere,issues_new,https://oss.open-digger.cn/github/apache/shardingsphere/issues_new.json,200,,2367,9298f350367ac745ca46de17b3e88b912f711417c3230d11e59e48ca3ea964b6,1
apache/shardingsphere,contributors,https://oss.open-digger.cn/github/apache/shardingsphere/contributors.json,200,,2081,a3077da6b7ba090bbb7f6cdbbead5d5e229bd9ac5302a56f00831b66e2ea8ed2,1
apache/shardingsphere,code_change_lines_sum,https://oss.open-digger.cn/github/apache/shardingsphere/code_change_lines_sum.json,200,,2720,de04c573e27e810bd5daf4e274660d6ca7ceb167607ed726c40683d0cc41a63f,1
apache/shardingsphere-elasticjob,issue_resolution_duration,https://oss.open-digger.cn/github/apache/shardingsphere-elasticjob/issue_resolution_duration.json,200,,16565,b7f50f0009255774a41aeeeeb10c3e18ed0e8fbb2713f54e7e47ad299c3c1cb7,1
apache/shardingsphere-elasticjob,issue_age,https://oss.open-digger.cn/github/apache/shardingsphere-elasticjob/issue_age.json,200,,19242,88793f7939e5a4be9a1ea1cedd2d3237b4d3513c9e960ecca0a17c8f9a0feced,1
apache/shardingsphere-elasticjob,issues_new,https://oss.open-digger.cn/github/apache/shardingsphere-elasticjob/issues_new.json,200,,2084,5fea98608e600826a96b28154eb353880e051b7c6ad3c0a060e2098288d03b20,1
apache/shardingsphere-elasticjob,contributors,https://oss.open-digger.cn/github/apache/shardingsphere-elasticjob/contributors.json,200,,1307,ce436fd0481f2ccdfacfbb45bbd50d0504f3802c55704cdfbb8bfc2b7e80a806,1
apache/shardingsphere-elasticjob,code_change_lines_sum,https://oss.open-digger.cn/github/apache/shardingsphere-elasticjob/code_change_lines_sum.json,200,,1899,bf85436b8c2e817a897051531bbd75ef54cf12e1d9e63721b8b0d6314b481c38,1
apache/shenyu,issue_resolution_duration,https://oss.open-digger.cn/github/apache/shenyu/issue_resolution_duration.json,200,,12532,5913c320fc3cb15e5e3da31c5a03efab41514dbaf3637560811a727d4b72cc94,1
apache/shenyu,issue_age,https://oss.open-digger.cn/github/apache/shenyu/issue_age.json,200,,13390,d8b6fd704de833ff233b874cc769573e007ab8236099e223d5ff1423ebc358c8,1
apache/shenyu,issues_new,https://oss.open-digger.cn/github/apache/shenyu/issues_new.json,200,,1623,2066e6c92d37ba346d4b28d23e2568cdbf551c045077ff6663ac23d9eea07f21,1
apache/shenyu,contributors,https://oss.open-digger.cn/github/apache/shenyu/contributors.json,200,,1545,418a7169a8edd7b9363c4860a87e13a499368bf1a57567b1761deef351add18f,1
apache/shenyu,code_change_lines_sum,https://oss.open-digger.cn/github/apache/shenyu/code_change_lines_sum.json,200,,1875,5e6e97a8eaf3ed8f17bca613d7267a4dbae14453b6620ea9d93530fd2efbf5aa,1
apache/spark,issue_resolution_duration,https://oss.open-digger.cn/github/apache/spark/issue_resolution_duration.json,200,,343,b837780f05d43a56fb9137d87af682fb2cbc4bcd5f28197cae14822663755b2e,1
apache/spark,issue_age,https://oss.open-digger.cn/github/apache/spark/issue_age.json,200,,226,62102287ff962b525d9ebec98a28ddce9dc25ec31e82450b1f1122915d28e06d,1
apache/spark,issues_new,https://oss.open-digger.cn/github/apache/spark/issues_new.json,200,,101,0f20a32d73d9b945c3e4ca9ed29aecf67bf91223f55487af38937b40fdeb7650,1
apache/spark,contributors,https://oss.open-digger.cn/github/apache/spark/contributors.json,200,,152,9ab72a182f1dd8d201aaa409100e77cf02988bd67f94d9ffe11a1680b28479dc,1
apache/spark,code_change_lines_sum,https://oss.open-digger.cn/github/apache/spark/code_change_lines_sum.json,200,,3229,daf1b0884b1b2ae83cb7890ddc93f6e657fba004039ed5ea1c69c67a639d45dd,1
apache/tomcat,issue_resolution_duration,https://oss.open-digger.cn/github/apache/tomcat/issue_resolution_duration.json,404,,0,,1
apache/tomcat,issue_age,https://oss.open-digger.cn/github/apache/tomcat/issue_age.json,404,,0,,1
apache/tomcat,issues_new,https://oss.open-digger.cn/github/apache/tomcat/issues_new.json,404,,0,,1
apache/tomcat,contributors,https://oss.open-digger.cn/github/apache/tomcat/contributors.json,200,,1192,405448695bdb64b6c6db5f4440a8230c362721ea1f75fdd5cf7eccd07b902d72,1
apache/tomcat,code_change_lines_sum,https://oss.open-digger.cn/github/apache/tomcat/code_change_lines_sum.json,200,,2570,fb33703e09c54f69cea86ce7a88a71c55af2ddddc07d8d71b11b347071e7cb07,1
apache/training,issue_resolution_duration,https://oss.open-digger.cn/github/apache/training/issue_resolution_duration.json,404,,0,,1
apache/training,issue_age,https://oss.open-digger.cn/github/apache/training/issue_age.json,404,,0,,1
apache/training,issues_new,https://oss.open-digger.cn/github/apache/training/issues_new.json,404,,0,,1
apache/training,contributors,https://oss.open-digger.cn/github/apache/training/contributors.json,200,,794,b83a753cb62d3195f1ce6a5333913927acdb81b0c6edabb751289f22462ad56c,1
apache/training,code_change_lines_sum,https://oss.open-digger.cn/github/apache/training/code_change_lines_sum.json,200,,871,38b8c94ca43e705750762fd85705dde83799f3311a5cd9d5c49f26da91ac6c02,1
apache/tvm,issue_resolution_duration,https://oss.open-digger.cn/github/apache/tvm/issue_resolution_duration.json,200,,15284,6f9fa0561eae293846eb55860a93004d4f107299adeac179b4f267cc54a8bfca,1
apache/tvm,issue_age,https://oss.open-digger.cn/github/apache/tvm/issue_age.json,200,,15927,9d2c3c049b8440f0de46aa2d814101e471834919149cdd3af4282d7639722d14,1
apache/tvm,issues_new,https://oss.open-digger.cn/github/apache/tvm/issues_new.json,200,,1997,7e5eddf6b2d0e49f6969199e4a0b157a6b54a50b6aa8552473fae06b1fcb03ad,1
apache/tvm,contributors,https://oss.open-digger.cn/github/apache/tvm/contributors.json,200,,1972,8859f8eb983f88f2cf15dd82c1574c8dc0acc73c3f7530a2a3c844b58bc048a3,1
apache/tvm,code_change_lines_sum,https://oss.open-digger.cn/github/apache/tvm/code_change_lines_sum.json,200,,2457,f0e737a1c785e0dc07794cd19c35aa7e18abd6f8eb16c2dcb5aff1f4cf29b469,1
apitable/apitable,issue_resolution_duration,https://oss.open-digger.cn/github/apitable/apitable/issue_resolution_duration.json,200,,3897,05c7cd677547a397e20be218dcb0f44e930f1292013bd32f285d048f98d815b2,1
apitable/apitable,issue_age,https://oss.open-digger.cn/github/apitable/apitable/issue_age.json,200,,6088,f64a56f42652834ce0bd608003f8f5974490b13462597c312ab2441b41a5d7be,1
apitable/apitable,issues_new,https://oss.open-digger.cn/github/apitable/apitable/issues_new.json,200,,622,d1437138c6f295cf47617b81040c7c7487f458a3032c815e05d63812ae3e830e,1
apitable/apitable,contributors,https://oss.open-digger.cn/github/apitable/apitable/contributors.json,200,,360,d4e5fdff5bde6f0ffa65fd167c903283e0a6c524426d601064fe39022b44b547,1
apitable/apitable,code_change_lines_sum,https://oss.open-digger.cn/github/apitable/apitable/code_change_lines_sum.json,200,,626,85d0cac1fa6d5d17cffbf8607d01cb9ac4e82fd9bbad8017cdf4f59e1e1a5279,1
appium/appium,issue_resolution_duration,https://oss.open-digger.cn/github/appium/appium/issue_resolution_duration.json,200,,19056,b4eb3306b6fbf9dfd210401e31b5b134288413b4d815dec3670fb114b79213d5,1
appium/appium,issue_age,https://oss.open-digger.cn/github/appium/appium/issue_age.json,200,,20869,a366abd5aab9355f2535c94d814c791b6158782a50d0a8549d2a9a308297908e,1
appium/appium,issues_new,https://oss.open-digger.cn/github/appium/appium/issues_new.json,200,,2563,12dcf790b9de3bd33b7d834f60dbc4d421f583610f2c50c23e9a053359a4f207,1
appium/appium,contributors,https://oss.open-digger.cn/github/appium/appium/contributors.json,200,,2374,73b5a06df76db769f4fd93890c172ddfdf0492973961af8b9ea399ef58f59646,1
appium/appium,code_change_lines_sum,https://oss.open-digger.cn/github/appium/appium/code_change_lines_sum.json,200,,2962,7976e1cc56fd402dda480e11956baab012c49a93c3e2d0723ee2ee274effdc98,1
aptos-labs/aptos-core,issue_resolution_duration,https://oss.open-digger.cn/github/aptos-labs/aptos-core/issue_resolution_duration.json,200,,7204,f72b71d14f59fcb2e11848dbb10ab2ed7e5ea6a249e8096e4de41f588681e6cd,1
aptos-labs/aptos-core,issue_age,https://oss.open-digger.cn/github/aptos-labs/aptos-core/issue_age.json,200,,7431,3c3ceaa2df007a838981a586cf18fd89566a4c425ae58da34a1c7175fe11525f,1
aptos-labs/aptos-core,issues_new,https://oss.open-digger.cn/github/aptos-labs/aptos-core/issues_new.json,200,,977,c30152b71054e65d02c0e24047a58fbc847e2eb1d74ea2b2fedb16c9b840bb56,1
aptos-labs/aptos-core,contributors,https://oss.open-digger.cn/github/aptos-labs/aptos-core/contributors.json,200,,945,53e63f82d8ac707869990b7634f0a69b0cb66368b1b8f5ec4fc539f522715782,1
aptos-labs/aptos-core,code_change_lines_sum,https://oss.open-digger.cn/github/aptos-labs/aptos-core/code_change_lines_sum.json,200,,1264,f0681d86f4a1e655e08f122186706b6cbb2e6fa1d5e26aaad3b02abe772e99b2,1
arduino/Arduino,issue_resolution_duration,https://oss.open-digger.cn/github/arduino/Arduino/issue_resolution_duration.json,200,,18528,7bb04b99441c555f9fbbc2b6421cfd83cd77f385bc488ecd63ac215f2a66bb4e,1
arduino/Arduino,issue_age,https://oss.open-digger.cn/github/arduino/Arduino/issue_age.json,200,,21113,2f06f20ea96247522d37510ae9edeb32007e2fdbf869598f7d345d12a33c7d68,1
arduino/Arduino,issues_new,https://oss.open-digger.cn/github/arduino/Arduino/issues_new.json,200,,2454,b7d018387b4c31c6faedb5535d8897a8e378e2ff4949840e8eb993c933336a0e,1
arduino/Arduino,contributors,https://oss.open-digger.cn/github/arduino/Arduino/contributors.json,200,,1297,01d12fa9f295b521881f94f883b75215dea2755842d7519068c2c72cfa23384c,1
arduino/Arduino,code_change_lines_sum,https://oss.open-digger.cn/github/arduino/Arduino/code_change_lines_sum.json,200,,2143,4e0a5c4c8c708d9187c83308ba24ae089609f39aa99f66277f1504a6db858d97,1
arextest/arex-agent-java,issue_resolution_duration,https://oss.open-digger.cn/github/arextest/arex-agent-java/issue_resolution_duration.json,200,,3799,ba68d915c71d7f8ebdaa2ceb2a7d9d874e18744aa9e3979bf5134624ba359cb6,1
arextest/arex-agent-java,issue_age,https://oss.open-digger.cn/github/arextest/arex-agent-java/issue_age.json,200,,7019,2f3dfaf9fd339f050b3326d7935d828ec6b1f5228e24610d34c01368bb842afb,1
arextest/arex-agent-java,issues_new,https://oss.open-digger.cn/github/arextest/arex-agent-java/issues_new.json,200,,541,01ee720e7a766155d42ea0dec16e46f4c2864ae929d74418af5c15c2b2202ed0,1
arextest/arex-agent-java,contributors,https://oss.open-digger.cn/github/arextest/arex-agent-java/contributors.json,200,,625,0f16028f6624c8ea4ac4c63a481b739b32abc26d536cdfea4dab4c5deada362d,1
arextest/arex-agent-java,code_change_lines_sum,https://oss.open-digger.cn/github/arextest/arex-agent-java/code_change_lines_sum.json,200,,806,a0851f8402daecd2b2ad27ca43865436b12d3de74c6893e48d9a468907f742e6,1
armink/FlashDB,issue_resolution_duration,https://oss.open-digger.cn/github/armink/FlashDB/issue_resolution_duration.json,200,,6643,dde6d05fdea88a35bb1a9cb4cd1f2f3f6c7dfff95361d871313ed6934b25a65c,1
armink/FlashDB,issue_age,https://oss.open-digger.cn/github/armink/FlashDB/issue_age.json,200,,10699,5554d11f809be289d2fd4766f0bbd42c7c2e37f2ddaf83a45f2102cc80087d8d,1
armink/FlashDB,issues_new,https://oss.open-digger.cn/github/armink/FlashDB/issues_new.json,200,,1144,2321f2d3274a0e13e9eaf52bc68813c60074a8d5e6b1b8237251fefe5a2ef9fd,1
armink/FlashDB,contributors,https://oss.open-digger.cn/github/armink/FlashDB/contributors.json,200,,682,131e700e5ed39703390ca9d95fe696d9e7dc2c8e39c8c0324961cf7cf1f71292,1
armink/FlashDB,code_change_lines_sum,https://oss.open-digger.cn/github/armink/FlashDB/code_change_lines_sum.json,200,,807,a796cfac7adfc7a9d771f0c7a19a4219715e61e3f965bf42cb4cf5024174c41e,1
arviz-devs/arviz,issue_resolution_duration,https://oss.open-digger.cn/github/arviz-devs/arviz/issue_resolution_duration.json,200,,14385,4601ea7b24ee69dd8e69031f5b3a6a7a417520b0585e20bada39b04c4a1c7787,1
arviz-devs/arviz,issue_age,https://oss.open-digger.cn/github/arviz-devs/arviz/issue_age.json,200,,19304,37b0b36d1fa8942cc5a221bacad485c9507191dea696710e456154309a2f89f1,1
arviz-devs/arviz,issues_new,https://oss.open-digger.cn/github/arviz-devs/arviz/issues_new.json,200,,1799,5e0c32f22208aadfb3775c5cd0862633acb86d5cc7b9e2f306b6195db569e77f,1
arviz-devs/arviz,contributors,https://oss.open-digger.cn/github/arviz-devs/arviz/contributors.json,200,,1575,ed4b0ee287d40ffdfe5f2b845b446fcc055bea4bc5b72c0963136c97f25ab6f3,1
arviz-devs/arviz,code_change_lines_sum,https://oss.open-digger.cn/github/arviz-devs/arviz/code_change_lines_sum.json,200,,1898,7bfeb1b6a124b67816e74f3943a0bd1ce4f8ded39f3c77520851c05a8746a5e4,1
AsyncHttpClient/async-http-client,issue_resolution_duration,https://oss.open-digger.cn/github/AsyncHttpClient/async-http-client/issue_resolution_duration.json,200,,14738,ef052b719376663318c60a315a541bca8ad5de946e8f180bbcd11614af0dd9e1,1
AsyncHttpClient/async-http-client,issue_age,https://oss.open-digger.cn/github/AsyncHttpClient/async-http-client/issue_age.json,200,,20626,f5b9869a2ee78588cbf139531a1dcace6aced2027e5ae1b4592b45ffeffcb2a2,1
AsyncHttpClient/async-http-client,issues_new,https://oss.open-digger.cn/github/AsyncHttpClient/async-http-client/issues_new.json,200,,2190,b8260987b15685c35141e2ee082efb90b84b5aeb8811b19a4781da06ecbbe91e,1
AsyncHttpClient/async-http-client,contributors,https://oss.open-digger.cn/github/AsyncHttpClient/async-http-client/contributors.json,200,,1792,eaf9c4f684cef4f395a59219bb95811172c3d2885cef86aca47b51033a729bef,1
AsyncHttpClient/async-http-client,code_change_lines_sum,https://oss.open-digger.cn/github/AsyncHttpClient/async-http-client/code_change_lines_sum.json,200,,2241,f896d71d8ffda6dfd3faa503a90cdb93b33ffa2c52ab8b8ad92360d3edd5b3fe,1
Atmosphere/atmosphere,issue_resolution_duration,https://oss.open-digger.cn/github/Atmosphere/atmosphere/issue_resolution_duration.json,200,,14104,084adf03bda1082f78e7af00717e540650eaf9316db29c6a26c5738d1b0fe6a1,1
Atmosphere/atmosphere,issue_age,https://oss.open-digger.cn/github/Atmosphere/atmosphere/issue_age.json,200,,20715,a622ec7fc3847720ce47695a1706e46db9710d6c042520afcf7f3a86e34e6d26,1
Atmosphere/atmosphere,issues_new,https://oss.open-digger.cn/github/Atmosphere/atmosphere/issues_new.json,200,,1912,cf6973718a00693709ab677e69eaa5ed8e5c767cb07beb4566139651dc068899,1
Atmosphere/atmosphere,contributors,https://oss.open-digger.cn/github/Atmosphere/atmosphere/contributors.json,200,,1337,68022d081a1e0b27bbb67b09b6bf8f79aaca5501351893e41bf56d361fa43d39,1
Atmosphere/atmosphere,code_change_lines_sum,https://oss.open-digger.cn/github/Atmosphere/atmosphere/code_change_lines_sum.json,200,,1401,6b4f883ad95a476060eac3f76b2204063fdb643e9fc245bea9ccdcb29237e9ad,1
Auto-Mech/mechdriver,issue_resolution_duration,https://oss.open-digger.cn/github/Auto-Mech/mechdriver/issue_resolution_duration.json,200,,663,03f694855b785617c9995d285677d95cc9e9df7515821a4a4a5d87bc6516df50,1
Auto-Mech/mechdriver,issue_age,https://oss.open-digger.cn/github/Auto-Mech/mechdriver/issue_age.json,200,,6028,ae2dc50f6fa3204fd2634f5ae697a2209e06443e0a56f01309e51f9bd6c0479b,1
Auto-Mech/mechdriver,issues_new,https://oss.open-digger.cn/github/Auto-Mech/mechdriver/issues_new.json,200,,97,14ba8699f5f5bbc61f433b6211d0cbac41fda101173b4847e0d27799c0950d2a,1
Auto-Mech/mechdriver,contributors,https://oss.open-digger.cn/github/Auto-Mech/mechdriver/contributors.json,200,,986,335fea1f498c202b4609d47496be7675d0a77dfa0d991d4889fb904d61e5b54e,1
Auto-Mech/mechdriver,code_change_lines_sum,https://oss.open-digger.cn/github/Auto-Mech/mechdriver/code_change_lines_sum.json,200,,1231,0e6351e0890ddf22fa7cb34700d320062995086a6fe2328e41b744edab43fe03,1
autogluon/autogluon,issue_resolution_duration,https://oss.open-digger.cn/github/autogluon/autogluon/issue_resolution_duration.json,200,,11501,73832c6630c4c4287e56c7fedceaa10a5bbabeafc27320883e7cdaa4ad6924e1,1
autogluon/autogluon,issue_age,https://oss.open-digger.cn/github/autogluon/autogluon/issue_age.json,200,,11748,ebf411087dbc29fc1edb6da465734d8c38f4267f427734f37cf72c17ef2c5446,1
autogluon/autogluon,issues_new,https://oss.open-digger.cn/github/autogluon/autogluon/issues_new.json,200,,1454,8af3c83bf24e6644c53aff5fb1e1af7963f641e1cb6ce1d30193b416fb715723,1
autogluon/autogluon,contributors,https://oss.open-digger.cn/github/autogluon/autogluon/contributors.json,200,,1345,c12e00b506755d4733ef5ea29b09b6c54ae70dacab2aa0333ce236de7c73d39e,1
autogluon/autogluon,code_change_lines_sum,https://oss.open-digger.cn/github/autogluon/autogluon/code_change_lines_sum.json,200,,1702,885770b7b235725faead467c6526e1b7b99260a9c33fdd239454d776dda2dfd7,1
Automattic/mongoose,issue_resolution_duration,https://oss.open-digger.cn/github/Automattic/mongoose/issue_resolution_duration.json,200,,19514,06c6dcfe8f483eecaeac8808c65301ae5f71a9eb729cceedaaacc0074320667d,1
Automattic/mongoose,issue_age,https://oss.open-digger.cn/github/Automattic/mongoose/issue_age.json,200,,20995,38443e707d715454fdc3256c6d990f09ca7b819c895e23d7addb0abf2dd32c7e,1
Automattic/mongoose,issues_new,https://oss.open-digger.cn/github/Automattic/mongoose/issues_new.json,200,,2518,2e811db516e03e2d26ca45ac00e8ddd84b4aabf113a106fb2eac8e623a63b7fa,1
Automattic/mongoose,contributors,https://oss.open-digger.cn/github/Automattic/mongoose/contributors.json,200,,2415,7c1beb1405c4679d45ec5278801f7142ef626c43ba43770dc659d8d96451ee84,1
Automattic/mongoose,code_change_lines_sum,https://oss.open-digger.cn/github/Automattic/mongoose/code_change_lines_sum.json,200,,2881,5ca64d6253ce93f8b0738220abd64c272f375b91be2a049808f0a2b38b23f3ff,1
Automattic/node-canvas,issue_resolution_duration,https://oss.open-digger.cn/github/Automattic/node-canvas/issue_resolution_duration.json,200,,18072,cd453c17f3c9e300a71b0b9b22d5d7f77731663ef35a8160e7767b932f26d551,1
Automattic/node-canvas,issue_age,https://oss.open-digger.cn/github/Automattic/node-canvas/issue_age.json,200,,20633,fe97b004b48b8286ef2eabd4ad14c248f851167d0f436a2d8bc3ba123f3d0c75,1
Automattic/node-canvas,issues_new,https://oss.open-digger.cn/github/Automattic/node-canvas/issues_new.json,200,,2403,3d2b356bd14ab2fc02b4ca10f1d4eb21a53e13907adb20fb96605d04f6ebcf95,1
Automattic/node-canvas,contributors,https://oss.open-digger.cn/github/Automattic/node-canvas/contributors.json,200,,1701,b73b79d63ff832fd5f6b4994154f7b729c9c95b39a66906371294026eb2e4c6f,1
Automattic/node-canvas,code_change_lines_sum,https://oss.open-digger.cn/github/Automattic/node-canvas/code_change_lines_sum.json,200,,2364,150d8ff87bdaf21835c4825c1741e52bde0f5d3f64312cdb7fa677ec7fead3d7,1
Automattic/wp-calypso,issue_resolution_duration,https://oss.open-digger.cn/github/Automattic/wp-calypso/issue_resolution_duration.json,200,,18739,18c0bc9a636ddeb80702fcce3bd6c2c66e89f815357a307be4cf10a05f9a37e0,1
Automattic/wp-calypso,issue_age,https://oss.open-digger.cn/github/Automattic/wp-calypso/issue_age.json,200,,19691,5392ef126e6597371dc08893e40baf4cc0b4f471edc808e7ad4d1902d0333261,1
Automattic/wp-calypso,issues_new,https://oss.open-digger.cn/github/Automattic/wp-calypso/issues_new.json,200,,2481,9ca860ea421785b7cc9a02e5ba044d39a7baca2ed5ab8508cd6e19ea4c5db8f7,1
Automattic/wp-calypso,contributors,https://oss.open-digger.cn/github/Automattic/wp-calypso/contributors.json,200,,2423,c1cb5b1edded168421eedd1327d7e8c05a9fa90ddae4b0427982f4a47293a1b9,1
Automattic/wp-calypso,code_change_lines_sum,https://oss.open-digger.cn/github/Automattic/wp-calypso/code_change_lines_sum.json,200,,2935,0adb685a93e3b9d2d9729022c02ea803e23205caacf5f3c23fe7f72c4d56ba85,1
autowarefoundation/autoware,issue_resolution_duration,https://oss.open-digger.cn/github/autowarefoundation/autoware/issue_resolution_duration.json,200,,1134,5754d06ebd8976103965cd042c239781b3502bae9af83d327a4d93c32598edc3,1
autowarefoundation/autoware,issue_age,https://oss.open-digger.cn/github/autowarefoundation/autoware/issue_age.json,200,,7939,ff41bd0a56e485063a0504c9c5d462503ddc4e6964bb742cfdb79ea4140d3a17,1
autowarefoundation/autoware,issues_new,https://oss.open-digger.cn/github/autowarefoundation/autoware/issues_new.json,200,,141,1bda442c8f26102ec4e04889ba4aca1f2cfa2df1efb39267b1fa85dc15ab1fe3,1
autowarefoundation/autoware,contributors,https://oss.open-digger.cn/github/autowarefoundation/autoware/contributors.json,200,,139,a1fd7c20ff4ffa06794f566700c0c351d97753689dd6728a83b5eb48ba8b0626,1
autowarefoundation/autoware,code_change_lines_sum,https://oss.open-digger.cn/github/autowarefoundation/autoware/code_change_lines_sum.json,200,,25,caad0fb7234519561be5087de6ba0e7ea750c39daaffc7285cc2af7bb01f34f7,1
aws/aws-cli,issue_resolution_duration,https://oss.open-digger.cn/github/aws/aws-cli/issue_resolution_duration.json,200,,19412,37af55aa3f24dae76631d407b2ed4a80a844c34e0173f0f73d225ce493ef5f6d,1
aws/aws-cli,issue_age,https://oss.open-digger.cn/github/aws/aws-cli/issue_age.json,200,,20849,35e389d1252b7afc5a37b536cba5f028c327c2c1d2de3fbe125d442310b41508,1
aws/aws-cli,issues_new,https://oss.open-digger.cn/github/aws/aws-cli/issues_new.json,200,,2499,63fb456a9d2dd2175d4be28fb203056f9e99f26d22082e15ad955c7e05a22cbc,1
aws/aws-cli,contributors,https://oss.open-digger.cn/github/aws/aws-cli/contributors.json,200,,2372,e30dd8147c0cd3f39e6747085c2f82099159376e7db15f19164c1b8682d58024,1
aws/aws-cli,code_change_lines_sum,https://oss.open-digger.cn/github/aws/aws-cli/code_change_lines_sum.json,200,,3004,86bf69131a11a98b9f343904383dcc334a5d4a0daea2af3cbde471dec3e7ad37,1
aws/karpenter-provider-aws,issue_resolution_duration,https://oss.open-digger.cn/github/aws/karpenter-provider-aws/issue_resolution_duration.json,200,,9755,51f59f4b736cc0428b154585c2a165d8dd4c52abcf78c8ae06951e08c6d37b23,1
aws/karpenter-provider-aws,issue_age,https://oss.open-digger.cn/github/aws/karpenter-provider-aws/issue_age.json,200,,9866,0356efac063e73eea963809c2385e0825bcfe938522e7b2de3db77ad5699357a,1
aws/karpenter-provider-aws,issues_new,https://oss.open-digger.cn/github/aws/karpenter-provider-aws/issues_new.json,200,,1290,811255d6dc474934d2cf14303a2e84f09b56399eb998911af51926cf7d94b3d2,1
aws/karpenter-provider-aws,contributors,https://oss.open-digger.cn/github/aws/karpenter-provider-aws/contributors.json,200,,1242,2192458a0f79e71c80291e4cbd2b7c06964f5281b43045f889d97c8632e7b5f2,1
aws/karpenter-provider-aws,code_change_lines_sum,https://oss.open-digger.cn/github/aws/karpenter-provider-aws/code_change_lines_sum.json,200,,1523,9d055af80f85070571ee89f97f15a71d5d47dd9300252bbe7ef5bcfc3bfa741a,1
axios/axios,issue_resolution_duration,https://oss.open-digger.cn/github/axios/axios/issue_resolution_duration.json,200,,19498,a727f8a57ca0eb1bddcc25bad613089ad388197c9b59921fa507a6ea7625353d,1
axios/axios,issue_age,https://oss.open-digger.cn/github/axios/axios/issue_age.json,200,,20776,33cce997c661e3156ca32ed14dc6c715262473c41ccd3dbb59f2392a027bf8c4,1
axios/axios,issues_new,https://oss.open-digger.cn/github/axios/axios/issues_new.json,200,,2506,aada697e10b876ad5cc2c6ec2a2e2491181a54a0485dc0629b88d2cdf1e8d704,1
axios/axios,contributors,https://oss.open-digger.cn/github/axios/axios/contributors.json,200,,2088,2870c8311919a13d59ac7bedc10ebe24fed57b0fcf8aad61fd6fb6473973ad71,1
axios/axios,code_change_lines_sum,https://oss.open-digger.cn/github/axios/axios/code_change_lines_sum.json,200,,2797,76ddd1bf0ea597dcb131ee916f82c58e01a552bdb53c9fe0195aa57d6aba87eb,1
babel/babel,issue_resolution_duration,https://oss.open-digger.cn/github/babel/babel/issue_resolution_duration.json,200,,19374,6388c9891f80f51737da3aec1c9183c99009d7e6b5eb9eea2b0230ec9715ec4b,1
babel/babel,issue_age,https://oss.open-digger.cn/github/babel/babel/issue_age.json,200,,20912,a83c821b5c302d59f5bfda94e4f968d90bf0b46ca423304d50076a987c0c4cfd,1
babel/babel,issues_new,https://oss.open-digger.cn/github/babel/babel/issues_new.json,200,,2536,6d1797826d74a258a3c484fbc7843a12109c544a8caf3d1cfc1f79ee3bdb03ad,1
babel/babel,contributors,https://oss.open-digger.cn/github/babel/babel/contributors.json,200,,2439,3e5847f9d4316effb15cb4129cec911781757c07e551d9c4069e67ce6e3a8b7d,1
babel/babel,code_change_lines_sum,https://oss.open-digger.cn/github/babel/babel/code_change_lines_sum.json,200,,3005,b6abda5b8305975e0c8b5803e7ee422c533c9436b5a45289af0ae254f9c25e9e,1
BabitMF/bmf,issue_resolution_duration,https://oss.open-digger.cn/github/BabitMF/bmf/issue_resolution_duration.json,200,,3011,08bf8e55fe0d038e978703ae0ec7afcef5a23e187d83e296765a3a49f99a29d0,1
BabitMF/bmf,issue_age,https://oss.open-digger.cn/github/BabitMF/bmf/issue_age.json,200,,4716,a3b7c0a22ff9ae1be5b3b6e680dccaff95ac0cd1f2c544170237f3b308f86e5f,1
BabitMF/bmf,issues_new,https://oss.open-digger.cn/github/BabitMF/bmf/issues_new.json,200,,467,2ee6299191fea10782e66bf15d9eaa39a59f187373c879fb280d150088a0d3f4,1
BabitMF/bmf,contributors,https://oss.open-digger.cn/github/BabitMF/bmf/contributors.json,200,,369,4bc2aa0c8e5be230288e52c7c7dd0a9bd553846316862f3ba221a0a8bd406b54,1
BabitMF/bmf,code_change_lines_sum,https://oss.open-digger.cn/github/BabitMF/bmf/code_change_lines_sum.json,200,,586,fdff49f744830dd94a2733d0f48cca6e6981f15154bb273d19212b6af961dcda,1
BabylonJS/Babylon.js,issue_resolution_duration,https://oss.open-digger.cn/github/BabylonJS/Babylon.js/issue_resolution_duration.json,200,,16058,b7a26ab9b04ed8042be2df2c18c8dc37faaa04ad39c0351ceff63a557e751658,1
BabylonJS/Babylon.js,issue_age,https://oss.open-digger.cn/github/BabylonJS/Babylon.js/issue_age.json,200,,20397,b408715d7ae956dbcf11928bede8c38cf21b6b97ec8e3aa40e26f8f1ea9f60d3,1
BabylonJS/Babylon.js,issues_new,https://oss.open-digger.cn/github/BabylonJS/Babylon.js/issues_new.json,200,,2124,bf3e2d9e23603f8846cabcb99eafc917157fca5c804ab32d8990d2f79f64098b,1
BabylonJS/Babylon.js,contributors,https://oss.open-digger.cn/github/BabylonJS/Babylon.js/contributors.json,200,,2499,5d3479462c478dabe300167e5549243116e0e15f7519945153012b066d7a00d8,1
BabylonJS/Babylon.js,code_change_lines_sum,https://oss.open-digger.cn/github/BabylonJS/Babylon.js/code_change_lines_sum.json,200,,3119,b1efeee1ec43bae942d6a175e8d76a42688455ed1a1498ff0bfd8cfd9ef2c66f,1
bactopia/bactopia,issue_resolution_duration,https://oss.open-digger.cn/github/bactopia/bactopia/issue_resolution_duration.json,200,,11001,e13719e5a03915fb60b99741abc8c27fd5962d5877eae679951032c21fefed38,1
bactopia/bactopia,issue_age,https://oss.open-digger.cn/github/bactopia/bactopia/issue_age.json,200,,12438,1f5a0d027f82bd8448fe07fa169d2a6a4e8951c18b945940b380b68dc80dcbdc,1
bactopia/bactopia,issues_new,https://oss.open-digger.cn/github/bactopia/bactopia/issues_new.json,200,,1420,a3b243cad3c8b2bd5019705b92fa4a6998ad8ce01f5801f5443de2e63b2d36ec,1
bactopia/bactopia,contributors,https://oss.open-digger.cn/github/bactopia/bactopia/contributors.json,200,,572,3240bbc5709910efb1b40c88bbe67dff715caea7736856b81c0df3e422e261fc,1
bactopia/bactopia,code_change_lines_sum,https://oss.open-digger.cn/github/bactopia/bactopia/code_change_lines_sum.json,200,,698,272dcb113eb7a22cda3f627ee426365225195477339b0b61ae3b38fa21c8f2d3,1
badges/shields,issue_resolution_duration,https://oss.open-digger.cn/github/badges/shields/issue_resolution_duration.json,200,,19229,32a996d0a6b436de413bfce6c842da30366ee8f71b1055564e5072c6886391c5,1
badges/shields,issue_age,https://oss.open-digger.cn/github/badges/shields/issue_age.json,200,,20653,a65b15bc369f959bc97c6d0e744cceb14398ec21f409f1a6b66ee97f289cb612,1
badges/shields,issues_new,https://oss.open-digger.cn/github/badges/shields/issues_new.json,200,,2457,7053601c60a25fd1254c1c5ec1015e1e26f70ee557c016b192f6af84defb69fe,1
badges/shields,contributors,https://oss.open-digger.cn/github/badges/shields/contributors.json,200,,2358,63f77a18ad8fb76376f2561eec864c5d34c9536a41f1825ea4fca8e62fbb95ba,1
badges/shields,code_change_lines_sum,https://oss.open-digger.cn/github/badges/shields/code_change_lines_sum.json,200,,2918,ad60e68d12064deb497eedb6134a6b7710d3085e08ef283cbf84b16517b9112a,1
balderdashy/sails,issue_resolution_duration,https://oss.open-digger.cn/github/balderdashy/sails/issue_resolution_duration.json,200,,15786,35759b8e2aa4ce52a11663e4fea38e094bde1a1749f39ccd0a18e8f47b272cf3,1
balderdashy/sails,issue_age,https://oss.open-digger.cn/github/balderdashy/sails/issue_age.json,200,,20385,714718e431e34c4fcdd479477994ff1c0ec247953158a45ddc52e7b9229c17a1,1
balderdashy/sails,issues_new,https://oss.open-digger.cn/github/balderdashy/sails/issues_new.json,200,,2129,21dfa75b41ae4018370b874e904410f915376ec60cdc771a0cc06968a4c097d0,1
balderdashy/sails,contributors,https://oss.open-digger.cn/github/balderdashy/sails/contributors.json,200,,1371,7deafaf63dd667ce4ef2f18b210ef311b870251de2272b76e9e3c71d0cd26898,1
balderdashy/sails,code_change_lines_sum,https://oss.open-digger.cn/github/balderdashy/sails/code_change_lines_sum.json,200,,1750,ca351b55c6cad55e4701f083a6846ab1406bc278bf5e5c54640cd6ff7ffc7dce,1
baomidou/mybatis-plus,issue_resolution_duration,https://oss.open-digger.cn/github/baomidou/mybatis-plus/issue_resolution_duration.json,200,,16185,f75ba1c7948f6e8632749c7aa8939804562078eb6a96067b416b1b2bfaaacb5e,1
baomidou/mybatis-plus,issue_age,https://oss.open-digger.cn/github/baomidou/mybatis-plus/issue_age.json,200,,16562,3c8420d8220abfd6fdb6bfc7e04faed0c3f6c73e9fb24529125c91d2d748ca23,1
baomidou/mybatis-plus,issues_new,https://oss.open-digger.cn/github/baomidou/mybatis-plus/issues_new.json,200,,2184,66a3aa7ec0874addb5ad7e463cac62f905cd90ace0e711ce438a3cb132df8583,1
baomidou/mybatis-plus,contributors,https://oss.open-digger.cn/github/baomidou/mybatis-plus/contributors.json,200,,1529,152484346a6d9190e1767e55b74ea5f58fbda4c6685ff65ac3bc2a564cc132ab,1
baomidou/mybatis-plus,code_change_lines_sum,https://oss.open-digger.cn/github/baomidou/mybatis-plus/code_change_lines_sum.json,200,,2121,4405c4964a2675dea912fb94387f75d6caef85852eaa2515c184c1560e7b02af,1
Bash-it/bash-it,issue_resolution_duration,https://oss.open-digger.cn/github/Bash-it/bash-it/issue_resolution_duration.json,200,,16995,e57924543a467b4253fc66a2357f9d1ff3b99c4bdcfa69f05ad66fd153e6b257,1
Bash-it/bash-it,issue_age,https://oss.open-digger.cn/github/Bash-it/bash-it/issue_age.json,200,,20704,d26fd88af88ab7a57628d79443a019c35dbf2e119372bb9a2f8c1db7a1b31cd1,1
Bash-it/bash-it,issues_new,https://oss.open-digger.cn/github/Bash-it/bash-it/issues_new.json,200,,2049,cf2807b0ab2b2c53cb11082220ab94424c7b766664f024d00a29c773156acb6f,1
Bash-it/bash-it,contributors,https://oss.open-digger.cn/github/Bash-it/bash-it/contributors.json,200,,1958,881836a7e25891938a2f6a635a762badad07169fdd1a7a7e5991ce3452392273,1
Bash-it/bash-it,code_change_lines_sum,https://oss.open-digger.cn/github/Bash-it/bash-it/code_change_lines_sum.json,200,,2495,27ca0ada05059d797746f72c47e0e29f5c7f3190ae056202b6b5273d4edac21a,1
bazel-contrib/rules_oci,issue_resolution_duration,https://oss.open-digger.cn/github/bazel-contrib/rules_oci/issue_resolution_duration.json,200,,5785,ceb6dba245407885df98969c9c8b44889a7f32755ea6753cc8085778dbf5eb17,1
bazel-contrib/rules_oci,issue_age,https://oss.open-digger.cn/github/bazel-contrib/rules_oci/issue_age.json,200,,7409,05bcaaea9e5e22af7a5555fdcd888ed7b18ff27d76d3e25d7d66d9d9d5618c74,1
bazel-contrib/rules_oci,issues_new,https://oss.open-digger.cn/github/bazel-contrib/rules_oci/issues_new.json,200,,724,6bc7f6e326edd03b5a27ab454a0372692a7ad0b2b111315e1b293836c51a2aa7,1
bazel-contrib/rules_oci,contributors,https://oss.open-digger.cn/github/bazel-contrib/rules_oci/contributors.json,200,,692,4c8bcfac641ff732066d8f18b735bcd186ef121facef56791e04f48366ae3293,1
bazel-contrib/rules_oci,code_change_lines_sum,https://oss.open-digger.cn/github/bazel-contrib/rules_oci/code_change_lines_sum.json,200,,859,e199767ee79461814afb08b057513ee3e8e72266ca2dab635d1f3d7c3fab2f5e,1
bazelbuild/bazel,issue_resolution_duration,https://oss.open-digger.cn/github/bazelbuild/bazel/issue_resolution_duration.json,200,,19861,cfcec4b744bfef6a08c088df451502c28a1747400d126dc852eaa0efcbd8da4d,1
bazelbuild/bazel,issue_age,https://oss.open-digger.cn/github/bazelbuild/bazel/issue_age.json,200,,20956,bc71cf38eddeff89f1bfd77b54c219c5926d289c52d8d3997cf20eae25155444,1
bazelbuild/bazel,issues_new,https://oss.open-digger.cn/github/bazelbuild/bazel/issues_new.json,200,,2635,cea970062881e5455bdbe05ea2adf2a62654de4f5487d097c7b4ef1401eb7edd,1
bazelbuild/bazel,contributors,https://oss.open-digger.cn/github/bazelbuild/bazel/contributors.json,200,,1339,be554fda028a78a947b11ccb1ae8207ae5d1df289ffae27923619ed0f1da636a,1
bazelbuild/bazel,code_change_lines_sum,https://oss.open-digger.cn/github/bazelbuild/bazel/code_change_lines_sum.json,200,,3004,a295c077f7f812f797f7eff39e668245cd1c3483e5e7a3ea46231fd3f2134ac0,1
bazelbuild/rules_docker,issue_resolution_duration,https://oss.open-digger.cn/github/bazelbuild/rules_docker/issue_resolution_duration.json,200,,11165,e647f3808ed36f69e8f38c7528b8df6f664fe19a13e75046b57e37b3217f8c18,1
bazelbuild/rules_docker,issue_age,https://oss.open-digger.cn/github/bazelbuild/rules_docker/issue_age.json,200,,16355,53bd74beb79b01ca6571547b4c184fdfad2d85694690a28bcfc5b15b73d01936,1
bazelbuild/rules_docker,issues_new,https://oss.open-digger.cn/github/bazelbuild/rules_docker/issues_new.json,200,,1440,4f54bb36a47a7b4267300f49d144e90c8bd63bcaf0fbb2e8991a867d1c83a018,1
bazelbuild/rules_docker,contributors,https://oss.open-digger.cn/github/bazelbuild/rules_docker/contributors.json,200,,1376,f43b9b3bd310ae95c818deb477f4e051132518d3078a5ddb78693e64ea1dd9c6,1
bazelbuild/rules_docker,code_change_lines_sum,https://oss.open-digger.cn/github/bazelbuild/rules_docker/code_change_lines_sum.json,200,,1808,e111a77bc80b9ec7df99fc694456e18c483633a5fce695ea1d5642d81573ceed,1
bbatsov/prelude,issue_resolution_duration,https://oss.open-digger.cn/github/bbatsov/prelude/issue_resolution_duration.json,200,,14157,217b5298fe3e2b0db77c0083c258e3950a3911b81b7e8319b6c1f8aa13ec66e8,1
bbatsov/prelude,issue_age,https://oss.open-digger.cn/github/bbatsov/prelude/issue_age.json,200,,20525,99ce1b0c549718099049ad2dd70799c37e88852c8e813628146259bd0a162003,1
bbatsov/prelude,issues_new,https://oss.open-digger.cn/github/bbatsov/prelude/issues_new.json,200,,1893,b5670c2ae736636a31686d4387905abafb7771d8272e92d5a6eebbf208223a87,1
bbatsov/prelude,contributors,https://oss.open-digger.cn/github/bbatsov/prelude/contributors.json,200,,1329,29bc8f50c6c1a17fbd66c69a3b304e1b7ab9aaf66c05196ed581a3c1f4da717a,1
bbatsov/prelude,code_change_lines_sum,https://oss.open-digger.cn/github/bbatsov/prelude/code_change_lines_sum.json,200,,1869,4851d6e253dba9eb38a3a037dbc6bc089cf9800c15b118a55c4638e4cf65f71d,1
bcit-ci/CodeIgniter,issue_resolution_duration,https://oss.open-digger.cn/github/bcit-ci/CodeIgniter/issue_resolution_duration.json,200,,15524,4f1650f36b8ab4a1f4bbc3946e7f6d12a4f412726115110f2e2cb05261d694da,1
bcit-ci/CodeIgniter,issue_age,https://oss.open-digger.cn/github/bcit-ci/CodeIgniter/issue_age.json,200,,20550,7277df51f38956cbd142eaf4e25aec60863c5795d16d99b045ae9f3d6cfb8ca6,1
bcit-ci/CodeIgniter,issues_new,https://oss.open-digger.cn/github/bcit-ci/CodeIgniter/issues_new.json,200,,2147,26c3b242da4a51475166e26d6a92e5c28bdee2d067422d2691d0abd0dab0f51b,1
bcit-ci/CodeIgniter,contributors,https://oss.open-digger.cn/github/bcit-ci/CodeIgniter/contributors.json,200,,1291,51ce1c3928bdd8f706e04fe0b0a034a2d823dfc401d435cbe836834ab8ec4b97,1
bcit-ci/CodeIgniter,code_change_lines_sum,https://oss.open-digger.cn/github/bcit-ci/CodeIgniter/code_change_lines_sum.json,200,,2134,a6c6e601c23978178e5802fa7025845281bae44eb6bc168fa3650ae02444d995,1
beagleboard/linux,issue_resolution_duration,https://oss.open-digger.cn/github/beagleboard/linux/issue_resolution_duration.json,200,,9989,45dd9fd7f1fa8e5f738119167dddbd7a6a4dd20ee871b536deb13d5960cc2b9e,1
beagleboard/linux,issue_age,https://oss.open-digger.cn/github/beagleboard/linux/issue_age.json,200,,20781,ecb6b15a57776eb4bfe091281eddedcd6809c8d3bdd95f52c237745bb70618f2,1
beagleboard/linux,issues_new,https://oss.open-digger.cn/github/beagleboard/linux/issues_new.json,200,,1478,4257266fb721eafa47050e162b797d155d23dd737eaa43594e427e14f9943d26,1
beagleboard/linux,contributors,https://oss.open-digger.cn/github/beagleboard/linux/contributors.json,200,,143,7ff3be68be228c61769da89d7050cdc2b711d966bc4969f10b4df03e3ae05370,1
beagleboard/linux,code_change_lines_sum,https://oss.open-digger.cn/github/beagleboard/linux/code_change_lines_sum.json,200,,1435,1b7959a20652b1884f45ae127e0ca255b2d1f7e479f906fcc3818a743a00011d,1
beetbox/beets,issue_resolution_duration,https://oss.open-digger.cn/github/beetbox/beets/issue_resolution_duration.json,200,,19118,9e424a2827eb14e5ea16c5c4d0dabf3751837e86e9291b59d60f4aaef498e76e,1
beetbox/beets,issue_age,https://oss.open-digger.cn/github/beetbox/beets/issue_age.json,200,,20896,77d6e0c34bd84c85e65ceb33b3fc0cd6897577ba09dc71564d2b4bf79b7bb41f,1
beetbox/beets,issues_new,https://oss.open-digger.cn/github/beetbox/beets/issues_new.json,200,,2465,7b4b56d8e0142bbacff308ee4b836825c51fcc8b6a21b2df991e45fa65f517e3,1
beetbox/beets,contributors,https://oss.open-digger.cn/github/beetbox/beets/contributors.json,200,,2359,1bc0e29622808e1fce3fcd764ad0d5029d0fd4a402cc98b69fc3a90c362b5935,1
beetbox/beets,code_change_lines_sum,https://oss.open-digger.cn/github/beetbox/beets/code_change_lines_sum.json,200,,2832,09d1cfd827d2a9e5851f1e88800372533d57a34c8e17e37d3d344cada39c60a8,1
benoitc/gunicorn,issue_resolution_duration,https://oss.open-digger.cn/github/benoitc/gunicorn/issue_resolution_duration.json,200,,19445,da2ab3dab27419b8e1efccfd8e95ab3f7fdf216b7b9dbed25b137f169a331b07,1
benoitc/gunicorn,issue_age,https://oss.open-digger.cn/github/benoitc/gunicorn/issue_age.json,200,,20644,1276309f1e688581b10e5a5ab097882ba39e92a33709481a3895c5b0db375f29,1
benoitc/gunicorn,issues_new,https://oss.open-digger.cn/github/benoitc/gunicorn/issues_new.json,200,,2420,b60a103f0a9415aea3b904e777110e097533e0122a5a7c68f5d20ed0bab14ba1,1
benoitc/gunicorn,contributors,https://oss.open-digger.cn/github/benoitc/gunicorn/contributors.json,200,,1751,4df093791fb6077a83fb1081d57218cce174d879a684bffe273cd8d9d5bf6113,1
benoitc/gunicorn,code_change_lines_sum,https://oss.open-digger.cn/github/benoitc/gunicorn/code_change_lines_sum.json,200,,2608,101df1993104da3f0fee8ce90af575db1f7e37eef15924f12720482af644c6bf,1
binary-husky/gpt_academic,issue_resolution_duration,https://oss.open-digger.cn/github/binary-husky/gpt_academic/issue_resolution_duration.json,200,,4057,2b80607eb8f1dae6401094e660641d483df13a450d90ef0a135f5514dcb188e8,1
binary-husky/gpt_academic,issue_age,https://oss.open-digger.cn/github/binary-husky/gpt_academic/issue_age.json,200,,5602,de08933bd2950c6fe6fe5fd3b7592b71396ef0cb3ab0728cdebb830f8ffc01fd,1
binary-husky/gpt_academic,issues_new,https://oss.open-digger.cn/github/binary-husky/gpt_academic/issues_new.json,200,,685,73a3ff1643c3fc24e02bcda26957295b25edbcee75a2df171d142e58402d130e,1
binary-husky/gpt_academic,contributors,https://oss.open-digger.cn/github/binary-husky/gpt_academic/contributors.json,200,,484,86beaa8fc39ff7df76952778829240bb02c179a0c24e7dc2acd132694218afea,1
binary-husky/gpt_academic,code_change_lines_sum,https://oss.open-digger.cn/github/binary-husky/gpt_academic/code_change_lines_sum.json,200,,684,4885e0bb24021f7440dff38406f9b4f5f790d450521944acbe24a12ebb718900,1
bitcoin/bitcoin,issue_resolution_duration,https://oss.open-digger.cn/github/bitcoin/bitcoin/issue_resolution_duration.json,200,,19568,8a68884b5fb8c1d7525603dd5402b810a6a476e91ad843d07d5c199381e9344c,1
bitcoin/bitcoin,issue_age,https://oss.open-digger.cn/github/bitcoin/bitcoin/issue_age.json,200,,20934,ba921a317330846b5184cbf16ed162d9c085f0012484f68665d9dcdd3dcdb56b,1
bitcoin/bitcoin,issues_new,https://oss.open-digger.cn/github/bitcoin/bitcoin/issues_new.json,200,,2556,d79550d314cb11975155678b9918f9f8ed0e7d0824b3500bd58239ee2095aa44,1
bitcoin/bitcoin,contributors,https://oss.open-digger.cn/github/bitcoin/bitcoin/contributors.json,200,,2515,d49da839fcaab5ac536dd004a909c4c815a3d71fd4a785e4b1f3d0c4793d6577,1
bitcoin/bitcoin,code_change_lines_sum,https://oss.open-digger.cn/github/bitcoin/bitcoin/code_change_lines_sum.json,200,,3166,f89b8039e03480c674e2054e684998638115ff828de0b3be119022b346094331,1
bitcoinj/bitcoinj,issue_resolution_duration,https://oss.open-digger.cn/github/bitcoinj/bitcoinj/issue_resolution_duration.json,200,,15699,25b0ac693b874b83ff0a592a6a107e825d50648082bd7e280a82d81b67ee322e,1
bitcoinj/bitcoinj,issue_age,https://oss.open-digger.cn/github/bitcoinj/bitcoinj/issue_age.json,200,,20070,b6f24c9012dc68754ac199de4628e6fd73a8d77c6340bdc58daec415e98e3873,1
bitcoinj/bitcoinj,issues_new,https://oss.open-digger.cn/github/bitcoinj/bitcoinj/issues_new.json,200,,2149,f6ac8501afca6253f002ed5fddfd6c78a2cbe7cae804b6631083ad4b9b114e09,1
bitcoinj/bitcoinj,contributors,https://oss.open-digger.cn/github/bitcoinj/bitcoinj/contributors.json,200,,1647,8419b912a89c85c9ea156b97b7b5761b568238be5ee758b51cce8aa84618caa1,1
bitcoinj/bitcoinj,code_change_lines_sum,https://oss.open-digger.cn/github/bitcoinj/bitcoinj/code_change_lines_sum.json,200,,2727,b725cbd1f2b564018b75bb9a00210101645c7875bc17f9636925aa38cc37cbda,1
bitshares/bitshares-core,issue_resolution_duration,https://oss.open-digger.cn/github/bitshares/bitshares-core/issue_resolution_duration.json,200,,10728,5b5d62a5dc70ab997d8c4f0e06a4ce1d4ed6789ad0d4106ec45d59fd41efcbeb,1
bitshares/bitshares-core,issue_age,https://oss.open-digger.cn/github/bitshares/bitshares-core/issue_age.json,200,,17422,f81a844d1f1ea8dfdd4172029b84741fe8b9605dbfedb52c588619292c316a7c,1
bitshares/bitshares-core,issues_new,https://oss.open-digger.cn/github/bitshares/bitshares-core/issues_new.json,200,,1452,67cea1b9b4ef277f6a876d932b6fa3c4c296d587dcb233a39dc801a975583e58,1
bitshares/bitshares-core,contributors,https://oss.open-digger.cn/github/bitshares/bitshares-core/contributors.json,200,,1603,c5e3e41f9dec805ea32d53e0f7cf4159dba2bb13c0884812a39790799606d57f,1
bitshares/bitshares-core,code_change_lines_sum,https://oss.open-digger.cn/github/bitshares/bitshares-core/code_change_lines_sum.json,200,,2128,d8a67166ebcd1602c4ef49f04ac489510d193598ada69563ae497eb1b293f1b6,1
bjerkio/oidc-react,issue_resolution_duration,https://oss.open-digger.cn/github/bjerkio/oidc-react/issue_resolution_duration.json,200,,6186,48ef871bd2f44eb6392f33d2c671603a02ba2299875e08889836c51fae03a6ae,1
bjerkio/oidc-react,issue_age,https://oss.open-digger.cn/github/bjerkio/oidc-react/issue_age.json,200,,10408,8314ba86adaedc0f36b56a328bf9868b746da67312738b7a08fe270ba2cc5f5a,1
bjerkio/oidc-react,issues_new,https://oss.open-digger.cn/github/bjerkio/oidc-react/issues_new.json,200,,831,d8c34f2af0abb1a0af701995d882b380aea4d005f5f4ab1af8cd31d678099a19,1
bjerkio/oidc-react,contributors,https://oss.open-digger.cn/github/bjerkio/oidc-react/contributors.json,200,,712,7a371159ca66c55014f33ec19b69800300a72f45a7d31bf0b0127873beae8806,1
bjerkio/oidc-react,code_change_lines_sum,https://oss.open-digger.cn/github/bjerkio/oidc-react/code_change_lines_sum.json,200,,1178,5914f50fc67d3a794fb192fa97c63abd606609f173bd6050c596029345525562,1
blevesearch/bleve,issue_resolution_duration,https://oss.open-digger.cn/github/blevesearch/bleve/issue_resolution_duration.json,200,,16566,03ddcfa264622bc5cd80ed098e7a4b4080529a397f35cd02f870820adaae1691,1
blevesearch/bleve,issue_age,https://oss.open-digger.cn/github/blevesearch/bleve/issue_age.json,200,,20741,0047f953a3871556daeb27e1c8dc692ae9d19c1c8c7c7b18020673051b1d80d4,1
blevesearch/bleve,issues_new,https://oss.open-digger.cn/github/blevesearch/bleve/issues_new.json,200,,2147,4f274f8eaa5a2a9346711f9cbb7379da97fbdf12820817d6caaabc1fe42d5303,1
blevesearch/bleve,contributors,https://oss.open-digger.cn/github/blevesearch/bleve/contributors.json,200,,2141,40bec11b64dfa1823076392ddd9f2290c71306db9e3780180075bf2a9d217c20,1
blevesearch/bleve,code_change_lines_sum,https://oss.open-digger.cn/github/blevesearch/bleve/code_change_lines_sum.json,200,,2786,6a4ebd4c82ef097acda28045cfaac2631d7e8d1de52c919bd2d09b2d1ad55d5a,1
bnb-chain/bsc,issue_resolution_duration,https://oss.open-digger.cn/github/bnb-chain/bsc/issue_resolution_duration.json,200,,9981,5ec2f542b49d88964247018045e90d5093e834d5cdf7d339c329a0bc4b4dba12,1
bnb-chain/bsc,issue_age,https://oss.open-digger.cn/github/bnb-chain/bsc/issue_age.json,200,,10433,2a217122c5a9808768bbb81f48530a928f27182dbd2e523620056b40895fbb26,1
bnb-chain/bsc,issues_new,https://oss.open-digger.cn/github/bnb-chain/bsc/issues_new.json,200,,1304,139e0e0f38d975b05bf4294fbf10367669508de940467fc2ab12768b1ed2a722,1
bnb-chain/bsc,contributors,https://oss.open-digger.cn/github/bnb-chain/bsc/contributors.json,200,,1086,2fcf0c2916992d2cdb7e10c238b8f35e596437afc3c374c26f60b78ea9eb23e3,1
bnb-chain/bsc,code_change_lines_sum,https://oss.open-digger.cn/github/bnb-chain/bsc/code_change_lines_sum.json,200,,1365,82b0472ce4126e1050a758944bcb81cc7fbdae2f198b705536d3b3dedfa73f44,1
bokeh/bokeh,issue_resolution_duration,https://oss.open-digger.cn/github/bokeh/bokeh/issue_resolution_duration.json,200,,19532,556a5646d8d7c98358991fe51ab4f477c2e9ed6ac58f7e56150eaa40677bd40f,1
bokeh/bokeh,issue_age,https://oss.open-digger.cn/github/bokeh/bokeh/issue_age.json,200,,20885,d1bd401da3a1c148d782176f02d8ac896856fe74d8b6a460d2db82641a74766d,1
bokeh/bokeh,issues_new,https://oss.open-digger.cn/github/bokeh/bokeh/issues_new.json,200,,2509,c245e21af5255ce01320dff783e7d522b74df1013868fde9ed474fca09591037,1
bokeh/bokeh,contributors,https://oss.open-digger.cn/github/bokeh/bokeh/contributors.json,200,,2442,696028e8d73c612ddc802899b4192310d77cdcdce6ec6fe5fb20aed8f57c3d4c,1
bokeh/bokeh,code_change_lines_sum,https://oss.open-digger.cn/github/bokeh/bokeh/code_change_lines_sum.json,200,,2979,4349680770aa9601e385990bf4c32c455d0a127c908dcaade854fac37e4ebc80,1
bottlepy/bottle,issue_resolution_duration,https://oss.open-digger.cn/github/bottlepy/bottle/issue_resolution_duration.json,200,,16601,f1b7f3a1a5a57fafb586709536e7113cfa6da67a96af166b2aaf209b48057961,1
bottlepy/bottle,issue_age,https://oss.open-digger.cn/github/bottlepy/bottle/issue_age.json,200,,20987,9fd55a6b2408db0890d85580327436a06eb2cd209352a80879cda79dfcdce342,1
bottlepy/bottle,issues_new,https://oss.open-digger.cn/github/bottlepy/bottle/issues_new.json,200,,2082,1dc9e6ca304b564fd82291a3fd92fb2b60ce60a2324dcc1f99783988c4639bf9,1
bottlepy/bottle,contributors,https://oss.open-digger.cn/github/bottlepy/bottle/contributors.json,200,,1159,d5466c5b82aac54c83f7bc33e20acac54426cb72a7e7359bdc9a14b9475e79c9,1
bottlepy/bottle,code_change_lines_sum,https://oss.open-digger.cn/github/bottlepy/bottle/code_change_lines_sum.json,200,,1851,3f66b7339b95fdd31f34532975a9e182fadbb85b5c0691032a4de68045686428,1
brettwooldridge/HikariCP,issue_resolution_duration,https://oss.open-digger.cn/github/brettwooldridge/HikariCP/issue_resolution_duration.json,200,,18119,f57dc9acbd4683d662dd146b994f18fc6cf7d2a230c25585d1a797fefa993a3a,1
brettwooldridge/HikariCP,issue_age,https://oss.open-digger.cn/github/brettwooldridge/HikariCP/issue_age.json,200,,20618,f4df55ab28cc6c96c643d639e4dbe7cca90f91d502e160303d8b2c440a249a92,1
brettwooldridge/HikariCP,issues_new,https://oss.open-digger.cn/github/brettwooldridge/HikariCP/issues_new.json,200,,2394,8f5b8d63fc7630687cb7ce1e821bf107cc8cc5efe11bb1a5d6f251736c8c573c,1
brettwooldridge/HikariCP,contributors,https://oss.open-digger.cn/github/brettwooldridge/HikariCP/contributors.json,200,,1171,ab5abfe9e9ccf70238eef5317c713bb9635cd2abe3f15e8ff4e4efeb722040e5,1
brettwooldridge/HikariCP,code_change_lines_sum,https://oss.open-digger.cn/github/brettwooldridge/HikariCP/code_change_lines_sum.json,200,,2227,02d7435973982f840db9d530bcd74c73d2b7c11f1d754f52ba85bdf6ca6fd95a,1
brianc/node-postgres,issue_resolution_duration,https://oss.open-digger.cn/github/brianc/node-postgres/issue_resolution_duration.json,200,,18487,a5b6088cc4835f72a97707c28750733670151640757ffc12351d3bb6f290dd68,1
brianc/node-postgres,issue_age,https://oss.open-digger.cn/github/brianc/node-postgres/issue_age.json,200,,20735,d03d79c44785704d8052308053c0324cd69802fd1d019048f14062874e430122,1
brianc/node-postgres,issues_new,https://oss.open-digger.cn/github/brianc/node-postgres/issues_new.json,200,,2417,2a582b28f500da2af02636ca0005a3b26cd1ebf0f91859978b2d07b25802d955,1
brianc/node-postgres,contributors,https://oss.open-digger.cn/github/brianc/node-postgres/contributors.json,200,,1958,d2496160e359203acad0aed39cf63a3f0412a61df7197b30226bb7ca04e34dae,1
brianc/node-postgres,code_change_lines_sum,https://oss.open-digger.cn/github/brianc/node-postgres/code_change_lines_sum.json,200,,2624,549b1a5e966c57bb57fb880eeb383e5a62ad6cbc6a19a9a2fc8772fdeca52552,1
briannesbitt/Carbon,issue_resolution_duration,https://oss.open-digger.cn/github/briannesbitt/Carbon/issue_resolution_duration.json,200,,18288,118c09236f1605ba79fdc1eeb827aaed8f8fdc70c491695d18b23454c466741d,1
briannesbitt/Carbon,issue_age,https://oss.open-digger.cn/github/briannesbitt/Carbon/issue_age.json,200,,20322,0993ab4a0753e07ed11a5bd1f26c2d139acb5471f36af656580049231831f798,1
briannesbitt/Carbon,issues_new,https://oss.open-digger.cn/github/briannesbitt/Carbon/issues_new.json,200,,2347,2ea700525310c1850b9dcb73e9529bdd4eff9b36a35da8fe760022ad148a3874,1
briannesbitt/Carbon,contributors,https://oss.open-digger.cn/github/briannesbitt/Carbon/contributors.json,200,,1914,e78e0fd16ae9bd677b454013ab90b431134c0e276540ee15e1ee1061a0329aad,1
briannesbitt/Carbon,code_change_lines_sum,https://oss.open-digger.cn/github/briannesbitt/Carbon/code_change_lines_sum.json,200,,2705,71219d1594017cab40b417dc5cbd59723e87fa200886db5402538a70af92055d,1
bumptech/glide,issue_resolution_duration,https://oss.open-digger.cn/github/bumptech/glide/issue_resolution_duration.json,200,,18162,93246f8324dae9ead180190b1ae0b89207bdacf14b303cd7a2b7ed801737804a,1
bumptech/glide,issue_age,https://oss.open-digger.cn/github/bumptech/glide/issue_age.json,200,,20720,be873b3efa47d5eef17a1fd0ff96aab9303cfd26b5ef26e4cd5b5eeca99556be,1
bumptech/glide,issues_new,https://oss.open-digger.cn/github/bumptech/glide/issues_new.json,200,,2395,7d28ae39676f22a2f0daf390f4e54253d7da4bf43810cedc134b7060ff6377d2,1
bumptech/glide,contributors,https://oss.open-digger.cn/github/bumptech/glide/contributors.json,200,,1795,e3c8ccbba81ed5e81913915ee13e46d01d3e1ada0a0d2e3bfd65a87354dbfd27,1
bumptech/glide,code_change_lines_sum,https://oss.open-digger.cn/github/bumptech/glide/code_change_lines_sum.json,200,,2511,3d14b018d3d07a56b3e219f80baa336fa4614a50a9f66ad2cfc4476ef7522969,1
BVLC/caffe,issue_resolution_duration,https://oss.open-digger.cn/github/BVLC/caffe/issue_resolution_duration.json,200,,11824,e12d54af6e15bc4732eeb0e0fd02167aa484b2c1b7eca51ab663f1759120d9ad,1
BVLC/caffe,issue_age,https://oss.open-digger.cn/github/BVLC/caffe/issue_age.json,200,,20995,078d917d9523f23f63948b0ad1ff4b94557a1cec9fd3866a98f933fe3fb18cc7,1
BVLC/caffe,issues_new,https://oss.open-digger.cn/github/BVLC/caffe/issues_new.json,200,,1970,b9cf844c3018e7a5c97c79c51dfeee5301e712e8e5d01d44c9905a4b5da4ff5a,1
BVLC/caffe,contributors,https://oss.open-digger.cn/github/BVLC/caffe/contributors.json,200,,775,ca39460ef9a2f61d8483a4557cf9accf1a4bc49420e8d85919c5100f3d6dfff7,1
BVLC/caffe,code_change_lines_sum,https://oss.open-digger.cn/github/BVLC/caffe/code_change_lines_sum.json,200,,1891,208e2e624022784087685a8b3de919bc8d645192b3b131314088e3ef263e0dcd,1
bytebase/bytebase,issue_resolution_duration,https://oss.open-digger.cn/github/bytebase/bytebase/issue_resolution_duration.json,200,,7711,a9e977b17026b62aeb36e696961172d7e7d0504d81a5ea06bcc51be98cd3e003,1
bytebase/bytebase,issue_age,https://oss.open-digger.cn/github/bytebase/bytebase/issue_age.json,200,,8490,a786b749b75073768d28675af95ba65e8fe993096842ab182f8f43c7334e90af,1
bytebase/bytebase,issues_new,https://oss.open-digger.cn/github/bytebase/bytebase/issues_new.json,200,,1030,acc509f5060a8c09874a57fcf27bcf82d1aeaa111ef6ec738bd4a4c3a524a895,1
bytebase/bytebase,contributors,https://oss.open-digger.cn/github/bytebase/bytebase/contributors.json,200,,1084,3636cbaf440048ee548afbab8d531b891c85623f8dfad69c1ed7077f8ca678d1,1
bytebase/bytebase,code_change_lines_sum,https://oss.open-digger.cn/github/bytebase/bytebase/code_change_lines_sum.json,200,,1370,f4eeb6640c77725bbbbd151e2eb0be962449a04c464655620b221bd42fd3173f,1
cakephp/cakephp,issue_resolution_duration,https://oss.open-digger.cn/github/cakephp/cakephp/issue_resolution_duration.json,200,,18917,3ed66a9aeaab2684673390347588405b7ad9ad44266c9142d0bffc1e47c3410d,1
cakephp/cakephp,issue_age,https://oss.open-digger.cn/github/cakephp/cakephp/issue_age.json,200,,20747,2849b1496f33a90821fc9b4abec8e9f15ce072163e0a5493a5dfe8f5cd94ae89,1
cakephp/cakephp,issues_new,https://oss.open-digger.cn/github/cakephp/cakephp/issues_new.json,200,,2495,d6c2ccfd53b9aaeb4231e0cd01fa8a8c0131e8d4984f1a187717c7523a4406f8,1
cakephp/cakephp,contributors,https://oss.open-digger.cn/github/cakephp/cakephp/contributors.json,200,,2427,f26c8530f39113f688181d3661e07bf2f8a0c953fd302a2a322be05375c5c760,1
cakephp/cakephp,code_change_lines_sum,https://oss.open-digger.cn/github/cakephp/cakephp/code_change_lines_sum.json,200,,2976,db4cf11236c03c78e43d90b9fbc1803c9f8ce0057084b8a9a734cdf7216e7888,1
calcitem/Sanmill,issue_resolution_duration,https://oss.open-digger.cn/github/calcitem/Sanmill/issue_resolution_duration.json,200,,8566,e2194096815b86ef5a12c26ff0a0c22adb999750c90c68edbba79f14ff3e501c,1
calcitem/Sanmill,issue_age,https://oss.open-digger.cn/github/calcitem/Sanmill/issue_age.json,200,,12482,c0641fe3689d139b5b1dc7834c48025a464d59006aa4294a1f1977a455193c7a,1
calcitem/Sanmill,issues_new,https://oss.open-digger.cn/github/calcitem/Sanmill/issues_new.json,200,,1112,cdd43cd9e9cdc574d74a208b8dff84851eb4893baf216cd0573e48b5303ca340,1
calcitem/Sanmill,contributors,https://oss.open-digger.cn/github/calcitem/Sanmill/contributors.json,200,,844,e641b1b4ed2db15672f32bbae2416a4dfe0e985b2e6f5000c03d4e823a886fb6,1
calcitem/Sanmill,code_change_lines_sum,https://oss.open-digger.cn/github/calcitem/Sanmill/code_change_lines_sum.json,200,,1026,e796fdb5e87815e041d252ead6f4bfb1650cd1f08fccb37a6c4e8e3c29844a0b,1
Cantera/cantera,issue_resolution_duration,https://oss.open-digger.cn/github/Cantera/cantera/issue_resolution_duration.json,200,,17777,36dc94fb8ae24c92a9d4898124dbf2d13c7d181b4a38a192b9a9eb0877d55dae,1
Cantera/cantera,issue_age,https://oss.open-digger.cn/github/Cantera/cantera/issue_age.json,200,,20038,90d72ecb7c583b605bb5be863366f02d1bbdcd579f1abdafb3fe1a0e54321fef,1
Cantera/cantera,issues_new,https://oss.open-digger.cn/github/Cantera/cantera/issues_new.json,200,,2156,188da2b5378eb858721a26b44fb0e7671af0f620f1ffd6cd959980e274156ea2,1
Cantera/cantera,contributors,https://oss.open-digger.cn/github/Cantera/cantera/contributors.json,200,,1971,34ef58dd6fe520b628ad44d31aca394fec640911335852c4f87729429e2c0e5b,1
Cantera/cantera,code_change_lines_sum,https://oss.open-digger.cn/github/Cantera/cantera/code_change_lines_sum.json,200,,2647,90353f570ff34a25ccb620611843c42c4ba33f57f3b57f9829293c0c6282e58e,1
caolan/async,issue_resolution_duration,https://oss.open-digger.cn/github/caolan/async/issue_resolution_duration.json,200,,15570,a6eed223c8aaf495a6431977638004d3b9cea505cd6446e4d7b0b769876e70fb,1
caolan/async,issue_age,https://oss.open-digger.cn/github/caolan/async/issue_age.json,200,,20572,e6156c89f88159fbf3cf265f23bc88d3067ce3e37fa6244f8941a746610e6600,1
caolan/async,issues_new,https://oss.open-digger.cn/github/caolan/async/issues_new.json,200,,1970,4ecac14e58498401c601e308f932a18d92c685c209f79fd3a6861e0fe25fb3d9,1
caolan/async,contributors,https://oss.open-digger.cn/github/caolan/async/contributors.json,200,,1569,8c33a5f212717a4eb6a0677f139952879d316d63ab3541d36732da49c6752b72,1
caolan/async,code_change_lines_sum,https://oss.open-digger.cn/github/caolan/async/code_change_lines_sum.json,200,,2081,064dc1a50a4d98522c38a108ad76b0795e72c32b19e93d98211dc6ef953cce62,1
capistrano/capistrano,issue_resolution_duration,https://oss.open-digger.cn/github/capistrano/capistrano/issue_resolution_duration.json,200,,12813,7c92f5cdab4f1c0630db6a1b55adcef4f5cd6443b069f90f3ce5308c14b44e1d,1
capistrano/capistrano,issue_age,https://oss.open-digger.cn/github/capistrano/capistrano/issue_age.json,200,,20869,89f2c02b449849fe1a550984c1f64c177fa2962db04a94083b3a03edef865e41,1
capistrano/capistrano,issues_new,https://oss.open-digger.cn/github/capistrano/capistrano/issues_new.json,200,,1799,035bd5d755df605e6b351ee07fb85541ed582b9796ae92ef557c27a6c480e3fe,1
capistrano/capistrano,contributors,https://oss.open-digger.cn/github/capistrano/capistrano/contributors.json,200,,1530,8ea1f649de1ef8a6f65c58e535d0eaa00d2aee8ecb08bcd984f3b9f1e88c3620,1
capistrano/capistrano,code_change_lines_sum,https://oss.open-digger.cn/github/capistrano/capistrano/code_change_lines_sum.json,200,,1725,e2a5fac17148f626b824ab6da328f8c98b39ecd44ef162967d95a72c46294145,1
carrierwaveuploader/carrierwave,issue_resolution_duration,https://oss.open-digger.cn/github/carrierwaveuploader/carrierwave/issue_resolution_duration.json,200,,16819,39a5333b81831a30ee3619029a6f7f93e5b647f788323253d4cc7ca57e5c8815,1
carrierwaveuploader/carrierwave,issue_age,https://oss.open-digger.cn/github/carrierwaveuploader/carrierwave/issue_age.json,200,,20764,fdf319d2bc0bfd3ac10872ca48868b1e35bce25fcf3920f619612854b1d40117,1
carrierwaveuploader/carrierwave,issues_new,https://oss.open-digger.cn/github/carrierwaveuploader/carrierwave/issues_new.json,200,,2141,0b756e17d9ab3e69fbf95d6e21b297ccd0cdbce8e1063bc441e8a338696911fc,1
carrierwaveuploader/carrierwave,contributors,https://oss.open-digger.cn/github/carrierwaveuploader/carrierwave/contributors.json,200,,1536,4c9c2ae03919b49b66ee4d7f4c8c4e9ddd79e7f76561a9e1353b85c72e7006fb,1
carrierwaveuploader/carrierwave,code_change_lines_sum,https://oss.open-digger.cn/github/carrierwaveuploader/carrierwave/code_change_lines_sum.json,200,,2150,df726e1fae3315aebed6ac389246e30494ed0bbc9ac59c33b48371870df100d7,1
Carthage/Carthage,issue_resolution_duration,https://oss.open-digger.cn/github/Carthage/Carthage/issue_resolution_duration.json,200,,16140,f1ed72b643a30a301b3eea99529bf6281b6a908a609dfddcab66ad46943147ce,1
Carthage/Carthage,issue_age,https://oss.open-digger.cn/github/Carthage/Carthage/issue_age.json,200,,20981,46d1cc1cb14401a90bc632d53f88a970b4841435b29e442adbf79c9984b5f266,1
Carthage/Carthage,issues_new,https://oss.open-digger.cn/github/Carthage/Carthage/issues_new.json,200,,2267,8594ffc1b62438db89c9b75d58619c5e5cde0a93ef4318f0986882c88a8f1049,1
Carthage/Carthage,contributors,https://oss.open-digger.cn/github/Carthage/Carthage/contributors.json,200,,1465,f6f05c194eb7914a39052a693a461cc3994a10b96f92a0d7a5cf1e98179dd2ac,1
Carthage/Carthage,code_change_lines_sum,https://oss.open-digger.cn/github/Carthage/Carthage/code_change_lines_sum.json,200,,1933,ba26f884f217e0974b7b55ee8cf5862c9f1de70412c596f4061a382a5a40553a,1
ccfos/nightingale,issue_resolution_duration,https://oss.open-digger.cn/github/ccfos/nightingale/issue_resolution_duration.json,200,,10287,8a66b7e5a9a5dc99dab6784f876b3d80630f37b17695278c14c880d8ea78d935,1
ccfos/nightingale,issue_age,https://oss.open-digger.cn/github/ccfos/nightingale/issue_age.json,200,,10814,c48ef96f4823dc7af531dc32974da207c1388c9bb37b83574e683d921a83cc58,1
ccfos/nightingale,issues_new,https://oss.open-digger.cn/github/ccfos/nightingale/issues_new.json,200,,1340,c74cfed14b4d3ebbdcb915c8dba2e26d13ae4e5eaae606dd3b713e077b43566a,1
ccfos/nightingale,contributors,https://oss.open-digger.cn/github/ccfos/nightingale/contributors.json,200,,1252,c1b62e5b0531871dead3084035a41758327899e6cf6615a05ac58ab17dd0f549,1
ccfos/nightingale,code_change_lines_sum,https://oss.open-digger.cn/github/ccfos/nightingale/code_change_lines_sum.json,200,,1589,36aaafa6f2ada084d2f24ee17540625c65eb50d339d15114ebbe8049c44c9541,1
celery/celery,issue_resolution_duration,https://oss.open-digger.cn/github/celery/celery/issue_resolution_duration.json,200,,19381,bcef50145b6f3746b91b38ae3bbe940852650d3c856a3e0ce2a9c8cf6c3e916b,1
celery/celery,issue_age,https://oss.open-digger.cn/github/celery/celery/issue_age.json,200,,20850,5d019400423f65bd638e7e86e284c6f95ad59db679c83a54ce8af2852c8f0d95,1
celery/celery,issues_new,https://oss.open-digger.cn/github/celery/celery/issues_new.json,200,,2483,c8c3fd110418fcdb3fd53e5d3fb7ff2557fd9bff2f4867bb36b2972223730589,1
celery/celery,contributors,https://oss.open-digger.cn/github/celery/celery/contributors.json,200,,2437,4e89c8751f782faea5cf71f4ddd0c4d6d955b55a4dd8b36b2394c9f1c0c4a09c,1
celery/celery,code_change_lines_sum,https://oss.open-digger.cn/github/celery/celery/code_change_lines_sum.json,200,,2836,2564d3ae24c5cdb786ac5dcac3398b0e2db9fc4f7e71796b8b4e9b54410e6dd4,1
celo-org/celo-blockchain,issue_resolution_duration,https://oss.open-digger.cn/github/celo-org/celo-blockchain/issue_resolution_duration.json,200,,11037,df303f4c71cbc26b2669ff1f0735b96addde9137e9e68f90fb95a74132076e01,1
celo-org/celo-blockchain,issue_age,https://oss.open-digger.cn/github/celo-org/celo-blockchain/issue_age.json,200,,12307,0942da29d624bb0f8d33565aa252015c57227cbdac954391c8eb230e57521c11,1
celo-org/celo-blockchain,issues_new,https://oss.open-digger.cn/github/celo-org/celo-blockchain/issues_new.json,200,,1172,922f0f0cd6608b30fff189a691575452f349a2bbb57f4c8e4bfde00a99311c56,1
celo-org/celo-blockchain,contributors,https://oss.open-digger.cn/github/celo-org/celo-blockchain/contributors.json,200,,1175,132a0a41bb0352622d56eee8eaadbfc7f829362958a2afa3e32d0fbafde70101,1
celo-org/celo-blockchain,code_change_lines_sum,https://oss.open-digger.cn/github/celo-org/celo-blockchain/code_change_lines_sum.json,200,,1492,9834ed6dc30ba6f5cca5055a3132d1b8c900bf3eb7a770e7b5868939531f78b0,1
cesanta/mongoose,issue_resolution_duration,https://oss.open-digger.cn/github/cesanta/mongoose/issue_resolution_duration.json,200,,18955,3bf6c2ebe77f320581fd3133d6136522dd1122a5d4bdeb07bd5ef12f3df9ead7,1
cesanta/mongoose,issue_age,https://oss.open-digger.cn/github/cesanta/mongoose/issue_age.json,200,,20269,5f9d8905f4a348e7b4b3fe911a089232544f1e22a7962e69f6303cebf0cee38b,1
cesanta/mongoose,issues_new,https://oss.open-digger.cn/github/cesanta/mongoose/issues_new.json,200,,2380,3b76952947b20bfd0963970221ad9076eba303126cec974ec5b71c3dc925eec4,1
cesanta/mongoose,contributors,https://oss.open-digger.cn/github/cesanta/mongoose/contributors.json,200,,1440,28341f75d8dce61b79ca77e13be9a4b89aeffd61215ba25b6c54d092482f744f,1
cesanta/mongoose,code_change_lines_sum,https://oss.open-digger.cn/github/cesanta/mongoose/code_change_lines_sum.json,200,,2516,2cb4c4e1bf06905e9ad5f86c006970331d5fd53e2e29e58a89cec377fb56c23d,1
CESNET/netopeer2,issue_resolution_duration,https://oss.open-digger.cn/github/CESNET/netopeer2/issue_resolution_duration.json,200,,16537,434d40647bcf2b2c70d4974349b009e40deb5909f18cd7f8af2ef080794eb19f,1
CESNET/netopeer2,issue_age,https://oss.open-digger.cn/github/CESNET/netopeer2/issue_age.json,200,,17815,8642599f421b49d89108b257d77fadf556487155f0af12a92f5b44b8ac0ea307,1
CESNET/netopeer2,issues_new,https://oss.open-digger.cn/github/CESNET/netopeer2/issues_new.json,200,,2108,680bda78f83e49f04b67e0bd5c2f60228caec2ee881eb83c21aa0a9ce1e833e7,1
CESNET/netopeer2,contributors,https://oss.open-digger.cn/github/CESNET/netopeer2/contributors.json,200,,1217,d9dbb62bb70a48c99ac888ff27b219a63f85b0e2ffd7c347e89d9e7d3a5fcc8e,1
CESNET/netopeer2,code_change_lines_sum,https://oss.open-digger.cn/github/CESNET/netopeer2/code_change_lines_sum.json,200,,1687,19259da5fa40f6b95c7bb47514ebfbfe5448cb6e16890cc82fb730e7e43eca8e,1
chaijs/chai,issue_resolution_duration,https://oss.open-digger.cn/github/chaijs/chai/issue_resolution_duration.json,200,,15937,1d569ce5e45baf1f477a4a8e19bec707537544a34f1bc96d5202aaec43fb0498,1
chaijs/chai,issue_age,https://oss.open-digger.cn/github/chaijs/chai/issue_age.json,200,,20539,78a224718c8f2fe8238ae0d5534ebe36ebc99a9503853aaf52c54870f67f610e,1
chaijs/chai,issues_new,https://oss.open-digger.cn/github/chaijs/chai/issues_new.json,200,,2240,7463b0a44dcb505282d1e092414dbe85b8152ff77b903142d2026333e39f0904,1
chaijs/chai,contributors,https://oss.open-digger.cn/github/chaijs/chai/contributors.json,200,,1672,034184502680f7917074569d16cd149d1f42c4b25d642b903321516e040a71e4,1
chaijs/chai,code_change_lines_sum,https://oss.open-digger.cn/github/chaijs/chai/code_change_lines_sum.json,200,,2263,5d229d313b93f33c0585df51c80cca19f55c5db443d950866ca56374169753c6,1
chaoss/grimoirelab,issue_resolution_duration,https://oss.open-digger.cn/github/chaoss/grimoirelab/issue_resolution_duration.json,200,,11813,b71db3f57dd8dd338dfef64e7693d3a11241691e35c3092698b89b34898bdaab,1
chaoss/grimoirelab,issue_age,https://oss.open-digger.cn/github/chaoss/grimoirelab/issue_age.json,200,,15763,d2dfbbe4337fc1fbb505c1b7645382c038e0e0c58c5e85b82c5f96f8889da205,1
chaoss/grimoirelab,issues_new,https://oss.open-digger.cn/github/chaoss/grimoirelab/issues_new.json,200,,1584,60c4da0042c1dd1540020b34e0c3dc9b4ccec0fcc36c8b258be911986125b9d3,1
chaoss/grimoirelab,contributors,https://oss.open-digger.cn/github/chaoss/grimoirelab/contributors.json,200,,1256,593a10d86712399add11552e0aa775dbc12c77771bc0a81560e22e26b0b52b33,1
chaoss/grimoirelab,code_change_lines_sum,https://oss.open-digger.cn/github/chaoss/grimoirelab/code_change_lines_sum.json,200,,1746,3ec330fcf1fb739c98c9573c1d327d42b8c551539e361e61eb047d55d2ec59df,1
cheeriojs/cheerio,issue_resolution_duration,https://oss.open-digger.cn/github/cheeriojs/cheerio/issue_resolution_duration.json,200,,18342,cf755847b6e97fec036e338e7d16142200d1329bb2ca9cdcc76933c44ec2ad8d,1
cheeriojs/cheerio,issue_age,https://oss.open-digger.cn/github/cheeriojs/cheerio/issue_age.json,200,,20578,b5cca0edf57363d37d5c6f41ce6f1d8c85dccc4ed3f56ef6f0c41c554cb26e38,1
cheeriojs/cheerio,issues_new,https://oss.open-digger.cn/github/cheeriojs/cheerio/issues_new.json,200,,2288,bf6a33c9af2f5a454d6f18b347cbca10b96e817a6c581b9f1d00afd99a86d95f,1
cheeriojs/cheerio,contributors,https://oss.open-digger.cn/github/cheeriojs/cheerio/contributors.json,200,,1951,1475a600ab515e9d52fc3221dc4872acbf6fdf79f7c4d2fd24a2a61708a2e2db,1
cheeriojs/cheerio,code_change_lines_sum,https://oss.open-digger.cn/github/cheeriojs/cheerio/code_change_lines_sum.json,200,,2577,cb13083b789611dd6de76dfd8ec44d25aba14c65a86b9279ae9b3b821300d3b0,1
chef/chef,issue_resolution_duration,https://oss.open-digger.cn/github/chef/chef/issue_resolution_duration.json,200,,18250,dc85c2c6844915d0425836a5f6e6246195944ba8334bbac9b9dd3c6fb2f68f5a,1
chef/chef,issue_age,https://oss.open-digger.cn/github/chef/chef/issue_age.json,200,,20913,5ce2df1efa600016c995f64fcad1ce4199637684cde8787780d9634b992de0dd,1
chef/chef,issues_new,https://oss.open-digger.cn/github/chef/chef/issues_new.json,200,,2376,2c4179210a0ac9471aa5c05146aa2165cbfd4ca911fb82d8f8ee52af08250a63,1
chef/chef,contributors,https://oss.open-digger.cn/github/chef/chef/contributors.json,200,,2461,cadabf0f9cae6b9cfa3949f8ced89b32afc9bbdd3b8b59b15b651fa9cace0565,1
chef/chef,code_change_lines_sum,https://oss.open-digger.cn/github/chef/chef/code_change_lines_sum.json,200,,2974,857c520fe68ad80312510704b3827d77a0ab985ea7cb81b276c8e07dc68af2d0,1
Chia-Network/chia-blockchain,issue_resolution_duration,https://oss.open-digger.cn/github/Chia-Network/chia-blockchain/issue_resolution_duration.json,200,,10597,5c4c69d33ec6948a9c1d16bfd890f511b50996bddc495b592144f80c9642a1cd,1
Chia-Network/chia-blockchain,issue_age,https://oss.open-digger.cn/github/Chia-Network/chia-blockchain/issue_age.json,200,,11188,4d035449b83b5d77ffcdcda0abe39ddfbcb81c1c6008a441530ed79ab45af144,1
Chia-Network/chia-blockchain,issues_new,https://oss.open-digger.cn/github/Chia-Network/chia-blockchain/issues_new.json,200,,1380,db517ea73f3bd313d3160f9fe9d4d259c471dd02e57ee6dd4f3e353a8c25f1d9,1
Chia-Network/chia-blockchain,contributors,https://oss.open-digger.cn/github/Chia-Network/chia-blockchain/contributors.json,200,,1449,f71f006f9bfaa7720da742109ba3a09f305de7f1513a1a5e136225338806cd20,1
Chia-Network/chia-blockchain,code_change_lines_sum,https://oss.open-digger.cn/github/Chia-Network/chia-blockchain/code_change_lines_sum.json,200,,1808,03fad84c6edc5d3d0a39231642890df7afb6447e21b22ac981b3439980d6b5ca,1
cinder/Cinder,issue_resolution_duration,https://oss.open-digger.cn/github/cinder/Cinder/issue_resolution_duration.json,200,,12764,2bcd27f357e9ba72942e03bc1dbbc5b76d634f2ab4471fc07aaf0d05f182dfca,1
cinder/Cinder,issue_age,https://oss.open-digger.cn/github/cinder/Cinder/issue_age.json,200,,20952,3e6a4694f5e20bb47f77ceefa1ef48bce2b7af11f0e9457f16891d6b2b177a16,1
cinder/Cinder,issues_new,https://oss.open-digger.cn/github/cinder/Cinder/issues_new.json,200,,1829,f9d51090d92787a722baf1467a040fa91aa44ca8a8fc88321b581b91cb38a760,1
cinder/Cinder,contributors,https://oss.open-digger.cn/github/cinder/Cinder/contributors.json,200,,1722,256187ac222b2cba85ca27a1172649c7f57e7365ac97943d08265735423d71e0,1
cinder/Cinder,code_change_lines_sum,https://oss.open-digger.cn/github/cinder/Cinder/code_change_lines_sum.json,200,,2395,c34f519409572e5cd88268630899b4ecdedc0398e50922cdc23b83c1c8f0574f,1
cisco/ChezScheme,issue_resolution_duration,https://oss.open-digger.cn/github/cisco/ChezScheme/issue_resolution_duration.json,200,,14658,ecf3964158798ae6d36a023f60abff92412f13651399588f99577a9b8301063c,1
cisco/ChezScheme,issue_age,https://oss.open-digger.cn/github/cisco/ChezScheme/issue_age.json,200,,18462,690ccb8d2d221c36b39ac9d978dad27a8f0e50e60fe89a3f97e5a44d1a2ca0df,1
cisco/ChezScheme,issues_new,https://oss.open-digger.cn/github/cisco/ChezScheme/issues_new.json,200,,2007,227d1a6f647441003d0bc9d766f680af75945030b9bc9b9343eedcf39fc06035,1
cisco/ChezScheme,contributors,https://oss.open-digger.cn/github/cisco/ChezScheme/contributors.json,200,,1766,5b7bef99a0bec113f773f6575dbdd66c4d6d6564f45cde39de38acc9b861c1da,1
cisco/ChezScheme,code_change_lines_sum,https://oss.open-digger.cn/github/cisco/ChezScheme/code_change_lines_sum.json,200,,2209,aed6e03c7b7c39ef2e2731104870acac2e62f5721652a14c3df3f4d9e8fe8c02,1
clappr/clappr,issue_resolution_duration,https://oss.open-digger.cn/github/clappr/clappr/issue_resolution_duration.json,200,,17496,d0ff6cb21619e72c65f8da5cc828e740721c153748bd97f4efe1275a55849242,1
clappr/clappr,issue_age,https://oss.open-digger.cn/github/clappr/clappr/issue_age.json,200,,20655,7d723db66c48ce534f354f6c6969bada75b5d91f007df69ee03b5761b5db40d5,1
clappr/clappr,issues_new,https://oss.open-digger.cn/github/clappr/clappr/issues_new.json,200,,2129,b863afc8cc446cb45ed84b37228b93b0867bab9cf0880d5e0309e80119a40ec7,1
clappr/clappr,contributors,https://oss.open-digger.cn/github/clappr/clappr/contributors.json,200,,1547,35b1425f92f481dbc1a3b08d7958ba30a495bf70d68c359c3a5cbbcbe5e760f4,1
clappr/clappr,code_change_lines_sum,https://oss.open-digger.cn/github/clappr/clappr/code_change_lines_sum.json,200,,1998,fdb59f55ac27727eebd96b788cc7377f3ce534b2882624d40b7d055393db1b7a,1
clearml/clearml,issue_resolution_duration,https://oss.open-digger.cn/github/clearml/clearml/issue_resolution_duration.json,200,,11178,465f262915292530b10c8412e1fb0e04feaf068cbf0d260d6b043a9dc77cb95d,1
clearml/clearml,issue_age,https://oss.open-digger.cn/github/clearml/clearml/issue_age.json,200,,12418,646853678ba4eeda53431f119e5fee02d36ae5fb4eaeb850f51d78506b1684e6,1
clearml/clearml,issues_new,https://oss.open-digger.cn/github/clearml/clearml/issues_new.json,200,,1539,3ec95824476648444daf0bcabaaf5fe754b150ed64eea132919462c7ac2a76ea,1
clearml/clearml,contributors,https://oss.open-digger.cn/github/clearml/clearml/contributors.json,200,,1256,ea23786e0a04056e45183d200aff45397f9c5d068673e9a345c99bf45f83b65e,1
clearml/clearml,code_change_lines_sum,https://oss.open-digger.cn/github/clearml/clearml/code_change_lines_sum.json,200,,1460,a6f48380ebcd4b590ea2539da61048f47fc3e0cea8d37058599f895c518347e3,1
cloud-custodian/cloud-custodian,issue_resolution_duration,https://oss.open-digger.cn/github/cloud-custodian/cloud-custodian/issue_resolution_duration.json,200,,17153,85eea213e34dffb5aa5b9e82f821ce7f0a65d27b7feeb9d42b503cd0cd8742c6,1
cloud-custodian/cloud-custodian,issue_age,https://oss.open-digger.cn/github/cloud-custodian/cloud-custodian/issue_age.json,200,,18650,060f20bdeff32c49642e637eb07aac4535e62fcb73b4cc22808b8c1629babccf,1
cloud-custodian/cloud-custodian,issues_new,https://oss.open-digger.cn/github/cloud-custodian/cloud-custodian/issues_new.json,200,,2240,99eb9b8e2689d3836ed40d5ebd5ec5ae57a36714293a4f2cacd875834d198cb2,1
cloud-custodian/cloud-custodian,contributors,https://oss.open-digger.cn/github/cloud-custodian/cloud-custodian/contributors.json,200,,2189,ff8aacceee657ae7074aae01e99ded2952c167d6f979b7f41fa1981f59204821,1
cloud-custodian/cloud-custodian,code_change_lines_sum,https://oss.open-digger.cn/github/cloud-custodian/cloud-custodian/code_change_lines_sum.json,200,,2733,f7f89a5f94be7b6606a6448eeb980339142ad84b5a6a29584106b0f078a09150,1
cloudtty/cloudtty,issue_resolution_duration,https://oss.open-digger.cn/github/cloudtty/cloudtty/issue_resolution_duration.json,200,,4797,a562dcb1c8cf8c6d75e40b26a95ea249e010497f81b823c25a46452489882a1f,1
cloudtty/cloudtty,issue_age,https://oss.open-digger.cn/github/cloudtty/cloudtty/issue_age.json,200,,7010,1c837b3ff649f962d8daac8024a5b6e4bc2078407d3f3cd922976f23b5c2b0bc,1
cloudtty/cloudtty,issues_new,https://oss.open-digger.cn/github/cloudtty/cloudtty/issues_new.json,200,,639,80e34fbde19988687dabd206470ed2534b9cd8b85f877c7afb64c9a3d85ed6d1,1
cloudtty/cloudtty,contributors,https://oss.open-digger.cn/github/cloudtty/cloudtty/contributors.json,200,,729,45070bf2de2450a427c171045340b9bb18f04b96274356f7d8c9a6a18121f9f5,1
cloudtty/cloudtty,code_change_lines_sum,https://oss.open-digger.cn/github/cloudtty/cloudtty/code_change_lines_sum.json,200,,1154,51b9c873b59f834dbec014fb0cf165200af350bd8365a25965a9ab142ba2c370,1
cloudwego/hertz,issue_resolution_duration,https://oss.open-digger.cn/github/cloudwego/hertz/issue_resolution_duration.json,200,,5995,45122913b2dd666497433bd1e287f6e1953e9d2c25727889c338d3a4682806e6,1
cloudwego/hertz,issue_age,https://oss.open-digger.cn/github/cloudwego/hertz/issue_age.json,200,,7029,40850e55c2c9b97f3643d87286c4da5feea4c502d7c580cd57a66ea2a34c984c,1
cloudwego/hertz,issues_new,https://oss.open-digger.cn/github/cloudwego/hertz/issues_new.json,200,,810,a42d62d83592bce8b911b1aae8ee21fd065afc548afd2e69e14af94adbbf8ee8,1
cloudwego/hertz,contributors,https://oss.open-digger.cn/github/cloudwego/hertz/contributors.json,200,,795,97eef1793b843afc6c7d7322a14c584ad50ba7748eaba3619369ee67d6d75c0c,1
cloudwego/hertz,code_change_lines_sum,https://oss.open-digger.cn/github/cloudwego/hertz/code_change_lines_sum.json,200,,990,cae7487e7d0a99e3c9c0a63a738f0c10c3a496a25ca26a4fafd36a768ceca6e9,1
cloudwego/kitex,issue_resolution_duration,https://oss.open-digger.cn/github/cloudwego/kitex/issue_resolution_duration.json,200,,7790,f5cf6db3d381897b144ed0b54d5fd7dd9497c47e42c6f045f6b30d6ee2c87ef9,1
cloudwego/kitex,issue_age,https://oss.open-digger.cn/github/cloudwego/kitex/issue_age.json,200,,8478,7c70dd57115fb627bdd68c140fb6352443b68f5e58fd0745983794efdfa97cc9,1
cloudwego/kitex,issues_new,https://oss.open-digger.cn/github/cloudwego/kitex/issues_new.json,200,,985,8890ca59bab7ad37e645243b610419aad627931924cf9de193e5138c884e86b5,1
cloudwego/kitex,contributors,https://oss.open-digger.cn/github/cloudwego/kitex/contributors.json,200,,986,c07d4bbed4476179c5b121dea6100bcd5cc1c5844263532ca0e3d1bb899cdadb,1
cloudwego/kitex,code_change_lines_sum,https://oss.open-digger.cn/github/cloudwego/kitex/code_change_lines_sum.json,200,,1240,2470c1bef90dc2b96bdc4804f71b30d14a1dbca39df34d1bd84a3197069753ce,1
cloudwu/skynet,issue_resolution_duration,https://oss.open-digger.cn/github/cloudwu/skynet/issue_resolution_duration.json,200,,16869,7faa97d8aeb2cc66070cd09ccd259d9aea6f0f6516e9e08f58b7d848ee3808c6,1
cloudwu/skynet,issue_age,https://oss.open-digger.cn/github/cloudwu/skynet/issue_age.json,200,,20511,53283fa3845d4cf2ece55c804dc19fb9e0fddbfd3c263dd48e2fadfbad18686f,1
cloudwu/skynet,issues_new,https://oss.open-digger.cn/github/cloudwu/skynet/issues_new.json,200,,2268,a5751b7525c9216c4fdb30078d266fbb96fcdba8607263458b334d56289f1b63,1
cloudwu/skynet,contributors,https://oss.open-digger.cn/github/cloudwu/skynet/contributors.json,200,,1998,6e7a8c2be306295d39a8f352624f768475fa1b20bd2e81cbf0ee6da557f4d974,1
cloudwu/skynet,code_change_lines_sum,https://oss.open-digger.cn/github/cloudwu/skynet/code_change_lines_sum.json,200,,2255,493eaa3ac24e87796bec95cde6bb7f8aa3a49c221d3b53506994a472afb79fc8,1
clusterpedia-io/clusterpedia,issue_resolution_duration,https://oss.open-digger.cn/github/clusterpedia-io/clusterpedia/issue_resolution_duration.json,200,,3558,136d4ef19c48d1251e2221ccff1d83a9fc1cf924d1f85ad5d5d6d17cd667e952,1
clusterpedia-io/clusterpedia,issue_age,https://oss.open-digger.cn/github/clusterpedia-io/clusterpedia/issue_age.json,200,,7794,a68eb0f26f41bdfef91cb4b5c79fca167feefed86b4afa11f241adeab3ef9db6,1
clusterpedia-io/clusterpedia,issues_new,https://oss.open-digger.cn/github/clusterpedia-io/clusterpedia/issues_new.json,200,,561,c7f96ba73ada12695277f750b8e68e17e87409b29c42d4b0fc1ae7123336b109,1
clusterpedia-io/clusterpedia,contributors,https://oss.open-digger.cn/github/clusterpedia-io/clusterpedia/contributors.json,200,,817,af81facd40c634b757e8ff7dc8608669a41fdcc7dad00099582d36a3d79a7efa,1
clusterpedia-io/clusterpedia,code_change_lines_sum,https://oss.open-digger.cn/github/clusterpedia-io/clusterpedia/code_change_lines_sum.json,200,,1019,187f2bbbfa272301c052a6102d199fa38674fbf0b2ce4c45ff2afbb89e3f22a3,1
cmderdev/cmder,issue_resolution_duration,https://oss.open-digger.cn/github/cmderdev/cmder/issue_resolution_duration.json,200,,18111,4f2db50bf34c8e32c0fe617a9d45f2e062bbfe7ee36e746d2bedc751d0698dd3,1
cmderdev/cmder,issue_age,https://oss.open-digger.cn/github/cmderdev/cmder/issue_age.json,200,,20969,e3a00937dcc280235867ee5865c8a4b4d7457bc76c0d3976723a0672a8cd403d,1
cmderdev/cmder,issues_new,https://oss.open-digger.cn/github/cmderdev/cmder/issues_new.json,200,,2347,96f4b08def59c710684b8d319d0e4173ec54f20224f8e46b9da3249683e3f986,1
cmderdev/cmder,contributors,https://oss.open-digger.cn/github/cmderdev/cmder/contributors.json,200,,1864,5c4bb7a76b5a2735452166fe08d8bfa9a38797fe757982daf6fd84ff978c5ff7,1
cmderdev/cmder,code_change_lines_sum,https://oss.open-digger.cn/github/cmderdev/cmder/code_change_lines_sum.json,200,,2207,5dd467e3a04fafd86b4c40519dc438227a0dac9acdddef17c7e50c3c5f42caf7,1
CMU-Perceptual-Computing-Lab/openpose,issue_resolution_duration,https://oss.open-digger.cn/github/CMU-Perceptual-Computing-Lab/openpose/issue_resolution_duration.json,200,,11494,acac582e1188c14ac3b4621e62ebc3e6c2cd8f2f248b16bdb88d0395582ccc49,1
CMU-Perceptual-Computing-Lab/openpose,issue_age,https://oss.open-digger.cn/github/CMU-Perceptual-Computing-Lab/openpose/issue_age.json,200,,16369,6a34b0937cff0d014b31087ee1dce140247f1593e878f520b01c0d8ee5c682a5,1
CMU-Perceptual-Computing-Lab/openpose,issues_new,https://oss.open-digger.cn/github/CMU-Perceptual-Computing-Lab/openpose/issues_new.json,200,,1786,103414d82188bc8d24092bf9beec72b54a115bbcf6a92541937786963c098766,1
CMU-Perceptual-Computing-Lab/openpose,contributors,https://oss.open-digger.cn/github/CMU-Perceptual-Computing-Lab/openpose/contributors.json,200,,987,7df74048237b59978e1ce4e8ba2bd6bd84786051b0e98fb227e247917905543e,1
CMU-Perceptual-Computing-Lab/openpose,code_change_lines_sum,https://oss.open-digger.cn/github/CMU-Perceptual-Computing-Lab/openpose/code_change_lines_sum.json,200,,1381,b427502fdf1dc92aa4fe68f2f40843449c7d55ed43191784811bd4b16bd3e6e0,1
cockroachdb/cockroach,issue_resolution_duration,https://oss.open-digger.cn/github/cockroachdb/cockroach/issue_resolution_duration.json,200,,20059,6f40cc3b93af4c1bfdddde98e61b76963138861ce28d7ef313c35890ab45c178,1
cockroachdb/cockroach,issue_age,https://oss.open-digger.cn/github/cockroachdb/cockroach/issue_age.json,200,,21091,0a6c11bdfad6acf3abb66ddf7d460d1a751db5b473ef842b55fe55c79db78adf,1
cockroachdb/cockroach,issues_new,https://oss.open-digger.cn/github/cockroachdb/cockroach/issues_new.json,200,,2758,b0389680b582f77f482ad55ac01d0181a4a8f5f69bc8fd405c6208af220b35fe,1
cockroachdb/cockroach,contributors,https://oss.open-digger.cn/github/cockroachdb/cockroach/contributors.json,200,,2498,1b603131341372eb2e8e8585b3ab5030d59e26a608121c135d3372276d5c6427,1
cockroachdb/cockroach,code_change_lines_sum,https://oss.open-digger.cn/github/cockroachdb/cockroach/code_change_lines_sum.json,200,,3237,a4847ca7f388116e0666ba395275bd7b3e44fa6d7747a1d9d3720d99cc1e7a98,1
CocoaLumberjack/CocoaLumberjack,issue_resolution_duration,https://oss.open-digger.cn/github/CocoaLumberjack/CocoaLumberjack/issue_resolution_duration.json,200,,16533,33ae2f6ab0ba260717b712e3d3641c3b19ef5bada11ab9bde5d19a01c07eb1e4,1
CocoaLumberjack/CocoaLumberjack,issue_age,https://oss.open-digger.cn/github/CocoaLumberjack/CocoaLumberjack/issue_age.json,200,,20471,c9e45b5c069fb3fcc5dad2a0103988a2f75ce2b31f91caeea8b1d68f8d4799ee,1
CocoaLumberjack/CocoaLumberjack,issues_new,https://oss.open-digger.cn/github/CocoaLumberjack/CocoaLumberjack/issues_new.json,200,,2006,284678fd2cc5767ca81cb3f6f44d561b3b175de394a8261ba066068c147e99a1,1
CocoaLumberjack/CocoaLumberjack,contributors,https://oss.open-digger.cn/github/CocoaLumberjack/CocoaLumberjack/contributors.json,200,,1862,2f74b5d6261bcbc9cb8c63801ed772456bd0fcb8e443c97b447023f74f0f6fd6,1
CocoaLumberjack/CocoaLumberjack,code_change_lines_sum,https://oss.open-digger.cn/github/CocoaLumberjack/CocoaLumberjack/code_change_lines_sum.json,200,,2110,a2d8f39a780105d9dd633e9b4ff137a0f2b5ba6f9cb8c38e18511d73d3ffcb46,1
Cocoanetics/DTCoreText,issue_resolution_duration,https://oss.open-digger.cn/github/Cocoanetics/DTCoreText/issue_resolution_duration.json,200,,12675,2acb52408a2d272f56dba7c5d27f9c2d8ed7d7b00d2c7d07acd072a1e1a4326c,1
Cocoanetics/DTCoreText,issue_age,https://oss.open-digger.cn/github/Cocoanetics/DTCoreText/issue_age.json,200,,20873,8d798cbb9c1d2499c59ccf6fc7069a7ddd6c35ca7e1e6ea97e95925ab844619c,1
Cocoanetics/DTCoreText,issues_new,https://oss.open-digger.cn/github/Cocoanetics/DTCoreText/issues_new.json,200,,1831,528a433752ca3ad68754c52c7e9ad16758885e3ff03c870da69fdfaa6ea3d232,1
Cocoanetics/DTCoreText,contributors,https://oss.open-digger.cn/github/Cocoanetics/DTCoreText/contributors.json,200,,960,e014b442929dc60900dbde82524789c8ed73583f952cb92586be925213222c8c,1
Cocoanetics/DTCoreText,code_change_lines_sum,https://oss.open-digger.cn/github/Cocoanetics/DTCoreText/code_change_lines_sum.json,200,,1261,1d262fa32aa157ffb8fb3f364e1af0b17754b95bfa65925dcd272048f4c1ca22,1
CocoaPods/CocoaPods,issue_resolution_duration,https://oss.open-digger.cn/github/CocoaPods/CocoaPods/issue_resolution_duration.json,200,,18397,69cbabbe19f5c9a00cb1a7ce8ba6340efe2e367405c8cef2829308ea47e4e31f,1
CocoaPods/CocoaPods,issue_age,https://oss.open-digger.cn/github/CocoaPods/CocoaPods/issue_age.json,200,,20798,e4396797d3711410be46411ae40b0223bfba9281c5b5f963eacb360e5abf5698,1
CocoaPods/CocoaPods,issues_new,https://oss.open-digger.cn/github/CocoaPods/CocoaPods/issues_new.json,200,,2522,d4a4cd763b0986ef7e452539622134a00fde45262ffaa6160a9d4b15b3f1effb,1
CocoaPods/CocoaPods,contributors,https://oss.open-digger.cn/github/CocoaPods/CocoaPods/contributors.json,200,,1788,12722a72a9d27042fd7de8158b1402be7e1dada59cd02658c95938fa9a6130d7,1
CocoaPods/CocoaPods,code_change_lines_sum,https://oss.open-digger.cn/github/CocoaPods/CocoaPods/code_change_lines_sum.json,200,,2521,20b480c7b0b4b4eecafcee6d584b2aaaf6e5fc0dd91a1175b5444179239d5edf,1
cocos2d/cocos2d-x,issue_resolution_duration,https://oss.open-digger.cn/github/cocos2d/cocos2d-x/issue_resolution_duration.json,200,,13587,f0dc647df2dd6b2358b12aabaad765b3a4cbb096369840e29c73162e4c212d46,1
cocos2d/cocos2d-x,issue_age,https://oss.open-digger.cn/github/cocos2d/cocos2d-x/issue_age.json,200,,21236,b80a081ba39e3ba36ce7dd4baedacc74b4510bedceaf17658bc65b94a0ecf75a,1
cocos2d/cocos2d-x,issues_new,https://oss.open-digger.cn/github/cocos2d/cocos2d-x/issues_new.json,200,,2053,0346645cf430235bf4e1537108de73831bbacabba3ae1a4fc7d2f15265a2e819,1
cocos2d/cocos2d-x,contributors,https://oss.open-digger.cn/github/cocos2d/cocos2d-x/contributors.json,200,,1436,b5ecbf9ae9dd8a8f540238b4abaab0b2315677938a662084e55f0b5e19684327,1
cocos2d/cocos2d-x,code_change_lines_sum,https://oss.open-digger.cn/github/cocos2d/cocos2d-x/code_change_lines_sum.json,200,,2331,bf09018ec61a580ff3105d28859775064b7c18e3308ba978a998aacad4443799,1
codecombat/codecombat,issue_resolution_duration,https://oss.open-digger.cn/github/codecombat/codecombat/issue_resolution_duration.json,200,,13793,23982bdcb52ee20f4b4a30aa620479a4a212cba5c2c24cb442dea006fcf4f3df,1
codecombat/codecombat,issue_age,https://oss.open-digger.cn/github/codecombat/codecombat/issue_age.json,200,,21035,278be68e40d4274e6cfe52a56ed53de09f57d452d91c5b4819ae1144d2dd6bc2,1
codecombat/codecombat,issues_new,https://oss.open-digger.cn/github/codecombat/codecombat/issues_new.json,200,,1937,652c31131be14f4793ebfc6ae2f0515a644c31a17ce2cbe033d07f4b05504ebb,1
codecombat/codecombat,contributors,https://oss.open-digger.cn/github/codecombat/codecombat/contributors.json,200,,2372,e2762e341020e4b769ace5cb77ba76eb4416d873aec23fe239d901f7e52607cb,1
codecombat/codecombat,code_change_lines_sum,https://oss.open-digger.cn/github/codecombat/codecombat/code_change_lines_sum.json,200,,2946,eaa79b9fa90289562c6f9727a43e2b139f43f5ee3b90fcfe6ba7829d0a8ad851,1
coleifer/peewee,issue_resolution_duration,https://oss.open-digger.cn/github/coleifer/peewee/issue_resolution_duration.json,200,,17324,7dadce276d8990c5d381ec95199c05e1f02dbd374c6ee0d4f683f3664d5e973a,1
coleifer/peewee,issue_age,https://oss.open-digger.cn/github/coleifer/peewee/issue_age.json,200,,20492,3058337e489373d0643be55b37b2814602b3aad0d87af41980ca8fcf08ea3eca,1
coleifer/peewee,issues_new,https://oss.open-digger.cn/github/coleifer/peewee/issues_new.json,200,,2438,0bbc77763dfa2944b40759112bd4537e89e86bd1106b962387247b8514600b8c,1
coleifer/peewee,contributors,https://oss.open-digger.cn/github/coleifer/peewee/contributors.json,200,,1336,e947b55cab11694b9c8fc22eb45ad12513a1d3493e723824d831488fe8b15444,1
coleifer/peewee,code_change_lines_sum,https://oss.open-digger.cn/github/coleifer/peewee/code_change_lines_sum.json,200,,1944,deb66ddb7b37d0d0bdcb5cbb9f54598534aabe09ea49652daa0928c17c0502c3,1
composer/composer,issue_resolution_duration,https://oss.open-digger.cn/github/composer/composer/issue_resolution_duration.json,200,,19248,fd9b8797faf4a027dfaf5a239086fad38702ae3a278958dbc3c01649d7cdac43,1
composer/composer,issue_age,https://oss.open-digger.cn/github/composer/composer/issue_age.json,200,,20789,06318d2fa18819d1527a510ecc8cb60afd24d131145f7dee16f8050278b8c4d0,1
composer/composer,issues_new,https://oss.open-digger.cn/github/composer/composer/issues_new.json,200,,2476,6aa16a5e0ed9de035cb4c64c5dc38b9387e5e6fead2ef396963406233bb57729,1
composer/composer,contributors,https://oss.open-digger.cn/github/composer/composer/contributors.json,200,,2324,db68135088e23d9fdee1c1b7585bdd581354bb4dbe44598f90dbe10561705880,1
composer/composer,code_change_lines_sum,https://oss.open-digger.cn/github/composer/composer/code_change_lines_sum.json,200,,2795,beec4c3fa1158de86e560d078676e48257b415d40fc68b2a63c0102b908e4956,1
CompVis/stable-diffusion,issue_resolution_duration,https://oss.open-digger.cn/github/CompVis/stable-diffusion/issue_resolution_duration.json,200,,3739,b1b0ccf209a0c65e2e1118aa8979f2a5f05fef1a9767061a3b83f219b08ca0d3,1
CompVis/stable-diffusion,issue_age,https://oss.open-digger.cn/github/CompVis/stable-diffusion/issue_age.json,200,,6623,cefcda4db084df80af8b8eb1b561a4b319bf383995450a0e4dd0d416ae2f60a4,1
CompVis/stable-diffusion,issues_new,https://oss.open-digger.cn/github/CompVis/stable-diffusion/issues_new.json,200,,663,cf9405b21dc7b37f9fdca9ba5732d96a5c4cd58f45a61f9d900dc43635ee64d5,1
CompVis/stable-diffusion,contributors,https://oss.open-digger.cn/github/CompVis/stable-diffusion/contributors.json,200,,56,36219e16dbe3a4df44eca3406233ff409fb6d05b35fbb7703daeaad36d5103e2,1
CompVis/stable-diffusion,code_change_lines_sum,https://oss.open-digger.cn/github/CompVis/stable-diffusion/code_change_lines_sum.json,200,,532,3428c728fac22bfd23ce7ac6e8460bb825c76ae4c527c67a74ca4d29813e32c3,1
conda/conda,issue_resolution_duration,https://oss.open-digger.cn/github/conda/conda/issue_resolution_duration.json,200,,19952,ce4377e4a8c34c5f51334b0417c0c72651e775310a394ed26d8fe382015a2b9a,1
conda/conda,issue_age,https://oss.open-digger.cn/github/conda/conda/issue_age.json,200,,21059,34b5f819e031e7d8bac7be5bfb19e80420ce13205b0ee69b6f9deefbb0cb73b6,1
conda/conda,issues_new,https://oss.open-digger.cn/github/conda/conda/issues_new.json,200,,2565,128a3d88c2068da85d863f05af5742fb39c0a77d996c76f5ace41bf19068844d,1
conda/conda,contributors,https://oss.open-digger.cn/github/conda/conda/contributors.json,200,,2393,eb0d89f0e3a41883d3b9261c607c4e7d53149d6f8a9efecb0c8d9d496e69c871,1
conda/conda,code_change_lines_sum,https://oss.open-digger.cn/github/conda/conda/code_change_lines_sum.json,200,,2934,851e21da7b99b84e61faf4ccb5546beb847f029a4d9bc11e7e85707871f4a056,1
Conflux-Chain/conflux-rust,issue_resolution_duration,https://oss.open-digger.cn/github/Conflux-Chain/conflux-rust/issue_resolution_duration.json,200,,9392,110e1e622ccd79b169a11867f6a2a458056a12c0d1a3547c285fd8ce8faf33bd,1
Conflux-Chain/conflux-rust,issue_age,https://oss.open-digger.cn/github/Conflux-Chain/conflux-rust/issue_age.json,200,,12589,39be5f180f8473a86b92be94a1ea37b1a8180f8241798c50540ec6dab0ee1621,1
Conflux-Chain/conflux-rust,issues_new,https://oss.open-digger.cn/github/Conflux-Chain/conflux-rust/issues_new.json,200,,1266,8fd92f4c1bb817a864fe7eac98899537a8e9007ed3c7009ea44bbe541417e8c8,1
Conflux-Chain/conflux-rust,contributors,https://oss.open-digger.cn/github/Conflux-Chain/conflux-rust/contributors.json,200,,1186,2a09b28d7b23a25d5c9bd544df2d3b2b2e08637eb1130cba02195b5f687f97eb,1
Conflux-Chain/conflux-rust,code_change_lines_sum,https://oss.open-digger.cn/github/Conflux-Chain/conflux-rust/code_change_lines_sum.json,200,,1729,5e6c651649b2a8d3548a60160e663a7923719d1a037b49a7e95c3be27cb90800,1
cookieY/Yearning,issue_resolution_duration,https://oss.open-digger.cn/github/cookieY/Yearning/issue_resolution_duration.json,200,,13338,1e93fffe702d56d9e7c6158bbe358f6593539976b9bd04c3f2e7f90b4486fe75,1
cookieY/Yearning,issue_age,https://oss.open-digger.cn/github/cookieY/Yearning/issue_age.json,200,,14693,4b1864bebb8196e6064b28738c36c094836bacce7dc3a0d61391556c6b0e6e00,1
cookieY/Yearning,issues_new,https://oss.open-digger.cn/github/cookieY/Yearning/issues_new.json,200,,1768,e6131dea315aa59157bbeae85962e5592fead67358dbcb322b3aefddc46501bd,1
cookieY/Yearning,contributors,https://oss.open-digger.cn/github/cookieY/Yearning/contributors.json,200,,665,b3cc12c417cb5495fc62160a430a355ba2681506d6de21bbbb677afc9f53b231,1
cookieY/Yearning,code_change_lines_sum,https://oss.open-digger.cn/github/cookieY/Yearning/code_change_lines_sum.json,200,,1054,4494db97dba1f7fab97cbb2cc9eecbeb7781dee2b0cc4520b38388d8eee821d7,1
corda/corda,issue_resolution_duration,https://oss.open-digger.cn/github/corda/corda/issue_resolution_duration.json,200,,9472,2d112e7fb00ad0ce2a93ba8c9bb7eabbaba852fc7fe1efc0afb4a03821b15c32,1
corda/corda,issue_age,https://oss.open-digger.cn/github/corda/corda/issue_age.json,200,,17289,7876d11da1854d90784a11aaa5690eeefb2491d1dae1fc62dbd0239c397d2f8e,1
corda/corda,issues_new,https://oss.open-digger.cn/github/corda/corda/issues_new.json,200,,1313,f3baa2ea637299815eeafc31221fa75c5e31fc1228eeac9865175e4b8d4cfaad,1
corda/corda,contributors,https://oss.open-digger.cn/github/corda/corda/contributors.json,200,,2005,98027a1a0e662e65fd777efcaba2c6f5f642f3fbab5a05bc7c4a10f8206254a9,1
corda/corda,code_change_lines_sum,https://oss.open-digger.cn/github/corda/corda/code_change_lines_sum.json,200,,2459,9211c8f12bdcbf7a3fe748e136a6fc28df45743bf885a472738f642ffe99283b,1
cortexproject/cortex,issue_resolution_duration,https://oss.open-digger.cn/github/cortexproject/cortex/issue_resolution_duration.json,200,,16656,36d76b84db29bb84ab7a963d42b8a6bd4178c6ea85f941fe4ade541bd82436ec,1
cortexproject/cortex,issue_age,https://oss.open-digger.cn/github/cortexproject/cortex/issue_age.json,200,,17796,e06506e9dbf8c7461881aa93a22e3b1ab48cb4738bc1cfb61df4e845d3b77267,1
cortexproject/cortex,issues_new,https://oss.open-digger.cn/github/cortexproject/cortex/issues_new.json,200,,2096,defdf4f2ef98d50b99e2fe3c08253714d0f2aae0e526d81c8de9b54228a8911e,1
cortexproject/cortex,contributors,https://oss.open-digger.cn/github/cortexproject/cortex/contributors.json,200,,2085,01361dde354c82028c5199b7dd7059d333edf8894c443e2b0dc70d97967f06ee,1
cortexproject/cortex,code_change_lines_sum,https://oss.open-digger.cn/github/cortexproject/cortex/code_change_lines_sum.json,200,,2718,673c60b3808302360e4cd9433081782d7d3e100a7ba5af1be4f9ca32a889d994,1
cosmos/cosmos-sdk,issue_resolution_duration,https://oss.open-digger.cn/github/cosmos/cosmos-sdk/issue_resolution_duration.json,200,,16347,e8a9071a0dd1fa23b9d531e17db6e3076f9654b33c61a86ed9cfdd33a37a02e6,1
cosmos/cosmos-sdk,issue_age,https://oss.open-digger.cn/github/cosmos/cosmos-sdk/issue_age.json,200,,17979,a78ed78ae4d6a8c62ba29bd086af2aeaaf020ba9700365ada973f33c770c52ff,1
cosmos/cosmos-sdk,issues_new,https://oss.open-digger.cn/github/cosmos/cosmos-sdk/issues_new.json,200,,2095,5ccbf24d9798eb13391b6e8591e0fff8cdfbfadc9d323198c364a0091a0ce10c,1
cosmos/cosmos-sdk,contributors,https://oss.open-digger.cn/github/cosmos/cosmos-sdk/contributors.json,200,,2045,421a3037d3c3c7c28a3058792ce05bfb74bbb50de8f261bc4bed9e01a44db418,1
cosmos/cosmos-sdk,code_change_lines_sum,https://oss.open-digger.cn/github/cosmos/cosmos-sdk/code_change_lines_sum.json,200,,2652,cde717ab50e9af59fbb98a63e152e26bde1e11e46035c18c589c936fff1fc860,1
crystal-lang/crystal,issue_resolution_duration,https://oss.open-digger.cn/github/crystal-lang/crystal/issue_resolution_duration.json,200,,19368,94ba9d1c8f022ff2f7f16e81a82f7655b43ecb8d2ffb883e63fa869515ea7711,1
crystal-lang/crystal,issue_age,https://oss.open-digger.cn/github/crystal-lang/crystal/issue_age.json,200,,21205,9087d87702a6ea0bf3da6ef6aafe8d5ff420bec67860e1fed4d9c40def606d21,1
crystal-lang/crystal,issues_new,https://oss.open-digger.cn/github/crystal-lang/crystal/issues_new.json,200,,2560,3f28344b86caff14a39f9052fbb9d1dc315dbc968ea41adf95301fd94e49ef98,1
crystal-lang/crystal,contributors,https://oss.open-digger.cn/github/crystal-lang/crystal/contributors.json,200,,2450,354a332be444aa1a38eabbba25a29f5f350f777c1c66b5db0ea86e321d649ad3,1
crystal-lang/crystal,code_change_lines_sum,https://oss.open-digger.cn/github/crystal-lang/crystal/code_change_lines_sum.json,200,,2934,e44d37f47e1aaadcc7c88c7c793545920655690d12f9afcf5062f334e81c9fc9,1
cucumber/cucumber-ruby,issue_resolution_duration,https://oss.open-digger.cn/github/cucumber/cucumber-ruby/issue_resolution_duration.json,200,,13928,a6152031cd6d247d845e69413a87a3c8e6b691a61cc36b2cfc1f03be7f241a52,1
cucumber/cucumber-ruby,issue_age,https://oss.open-digger.cn/github/cucumber/cucumber-ruby/issue_age.json,200,,20340,e1bbb823bf6da89f8a973b3f976befd358998ae89ff694ea1455b336a103be78,1
cucumber/cucumber-ruby,issues_new,https://oss.open-digger.cn/github/cucumber/cucumber-ruby/issues_new.json,200,,1814,b97e730ea46e9fc64a03471c9340cf7d39aeb60d39ccbda8eae5a09e73d0748e,1
cucumber/cucumber-ruby,contributors,https://oss.open-digger.cn/github/cucumber/cucumber-ruby/contributors.json,200,,1989,b49189c7ec20d62903c26b32d94fc3836ca55f341a85ee954c1e6d3b1ff7e8ce,1
cucumber/cucumber-ruby,code_change_lines_sum,https://oss.open-digger.cn/github/cucumber/cucumber-ruby/code_change_lines_sum.json,200,,2388,27046d1afb7787c536d1bbc4afeb684bce74fc751bc5d9410fa5b497b4ac1e07,1
cupy/cupy,issue_resolution_duration,https://oss.open-digger.cn/github/cupy/cupy/issue_resolution_duration.json,200,,15793,babd6843c6e6739348c308a4e26654c2c2c5f62dea5664d13f6718e1f2543a20,1
cupy/cupy,issue_age,https://oss.open-digger.cn/github/cupy/cupy/issue_age.json,200,,16852,c422fc9eb79e2b52bdc279e54a16240ec144c799fd0e646a6baa504a2ebf5a4d,1
cupy/cupy,issues_new,https://oss.open-digger.cn/github/cupy/cupy/issues_new.json,200,,2010,62d1bed0afabdf0be0bdb0c8d745af916bde9f5c2d74ce120f72beada080f8d5,1
cupy/cupy,contributors,https://oss.open-digger.cn/github/cupy/cupy/contributors.json,200,,2066,c764900ca2f37a62b9334839b82a8da3cb033d9dee2078fd5c3cb690a53a70bc,1
cupy/cupy,code_change_lines_sum,https://oss.open-digger.cn/github/cupy/cupy/code_change_lines_sum.json,200,,2534,8163a04be1547b6a9b826dbbaa6cc5f2fd5f2835ed620792e083fbc7354c23fd,1
curl/curl,issue_resolution_duration,https://oss.open-digger.cn/github/curl/curl/issue_resolution_duration.json,200,,18774,dab5ae94651bf549855f190e046e6723bfa9a31994b5da4edd4f6eefa4925f76,1
curl/curl,issue_age,https://oss.open-digger.cn/github/curl/curl/issue_age.json,200,,20439,f2de69c8907845f10fbcb775c8510e84cc035f6dce3b40ce6818f67135cf35db,1
curl/curl,issues_new,https://oss.open-digger.cn/github/curl/curl/issues_new.json,200,,2509,5feba798082dc1fcb802585c1cb01d94c9097d28123b2f66bb48cb9068229d27,1
curl/curl,contributors,https://oss.open-digger.cn/github/curl/curl/contributors.json,200,,1244,5465fb09d4ed5a59db0eac29b677e7f8dfa24ae7f629e5053a2ca360e4756cee,1
curl/curl,code_change_lines_sum,https://oss.open-digger.cn/github/curl/curl/code_change_lines_sum.json,200,,2966,701dd546d1172f44c633cd1f3f112bc32f17117caf9916c8e54cd9e93c2a8c6c,1
cyfdecyf/cow,issue_resolution_duration,https://oss.open-digger.cn/github/cyfdecyf/cow/issue_resolution_duration.json,200,,5311,6e4054394f155a2db5f8a511b4f5e32c179d9325f20ea4bd4da9c0ab48d2a351,1
cyfdecyf/cow,issue_age,https://oss.open-digger.cn/github/cyfdecyf/cow/issue_age.json,200,,20912,5d09abf4236631b1f32f59dc5c5bfbc39a69b1362bab222308575ee56f1ccdb1,1
cyfdecyf/cow,issues_new,https://oss.open-digger.cn/github/cyfdecyf/cow/issues_new.json,200,,1033,012379881bb15a32e70c1c5b4247a9f79991a09b6f8e968e3900d4ca16a532fb,1
cyfdecyf/cow,contributors,https://oss.open-digger.cn/github/cyfdecyf/cow/contributors.json,200,,109,dd8619990c9de373dd06cf503d570d463474cdaba161728e0db206aaf429d185,1
cyfdecyf/cow,code_change_lines_sum,https://oss.open-digger.cn/github/cyfdecyf/cow/code_change_lines_sum.json,200,,596,8daf0c9389d62b03b9fedfd54b5971bfb98b630692ed5eed725cf88bdfa7b983,1
dagster-io/dagster,issue_resolution_duration,https://oss.open-digger.cn/github/dagster-io/dagster/issue_resolution_duration.json,200,,13811,a022aceaff4af46c60c57ac3c8a5235c5e39c403b2239caf04b9e4184996ee46,1
dagster-io/dagster,issue_age,https://oss.open-digger.cn/github/dagster-io/dagster/issue_age.json,200,,14517,47b1a43a5ce761d339c3e146a2205ceea46aa372c9a37e6dfa69eca5db770751,1
dagster-io/dagster,issues_new,https://oss.open-digger.cn/github/dagster-io/dagster/issues_new.json,200,,1875,09ec5f98a496cc4372a843f266f0b746b44caf6cef341ade2788a37d3a973ac3,1
dagster-io/dagster,contributors,https://oss.open-digger.cn/github/dagster-io/dagster/contributors.json,200,,1748,02597bcb73b728c54023ff154b5c4860dffdff2d412363ed9fb5299a8cb82f79,1
dagster-io/dagster,code_change_lines_sum,https://oss.open-digger.cn/github/dagster-io/dagster/code_change_lines_sum.json,200,,2212,89cf1777e129787aeff26caca55c4ff17774e5c30963d0dc00ac2fdbe05928e9,1
dataease/dataease,issue_resolution_duration,https://oss.open-digger.cn/github/dataease/dataease/issue_resolution_duration.json,200,,8476,53f059fd41fbb1b0bd83d968d0f5c366bd29a03bf72b224ad2b81f7d95aba11b,1
dataease/dataease,issue_age,https://oss.open-digger.cn/github/dataease/dataease/issue_age.json,200,,8686,70b0cf91c24a4b2e889abf761226d5b237ba6aae90b9bb927066c05c64062751,1
dataease/dataease,issues_new,https://oss.open-digger.cn/github/dataease/dataease/issues_new.json,200,,1168,6657eae3995778467499ec87188819048e53d23b062f03341f88877bb3bbe655,1
dataease/dataease,contributors,https://oss.open-digger.cn/github/dataease/dataease/contributors.json,200,,1069,f19a9792cba712cd3d84cc5799e4c544963cbc76139f6a5ad470f74789bbcafe,1
dataease/dataease,code_change_lines_sum,https://oss.open-digger.cn/github/dataease/dataease/code_change_lines_sum.json,200,,1376,14c7ac2bcd8d92b82dd11ddf86fe4b33495fa94ac8d82c66e0d5ccd2f3410bfe,1
datavane/datavines,issue_resolution_duration,https://oss.open-digger.cn/github/datavane/datavines/issue_resolution_duration.json,200,,4858,7a71e2a6b8eaec7c99f31e07c62a9ca17af2d25c4375b7baf8213a96da4f1593,1
datavane/datavines,issue_age,https://oss.open-digger.cn/github/datavane/datavines/issue_age.json,200,,6926,bad71531b76615131f2f57ef4887003ae3b553b3feab3a53a92a54ec4fc2cfa5,1
datavane/datavines,issues_new,https://oss.open-digger.cn/github/datavane/datavines/issues_new.json,200,,686,67b317f6e289ae9def5f83af0d6312862b94d61b46becc5dc71a40779ef1b8c1,1
datavane/datavines,contributors,https://oss.open-digger.cn/github/datavane/datavines/contributors.json,200,,727,e1dabd102b077c76a1a6d041c0b4d390fba13a0b7d7b4003284133c03000694a,1
datavane/datavines,code_change_lines_sum,https://oss.open-digger.cn/github/datavane/datavines/code_change_lines_sum.json,200,,875,328e99d6d09e99288921026ec818399b7ed21f56f406119ed35bb1bfc0277bb2,1
davisking/dlib,issue_resolution_duration,https://oss.open-digger.cn/github/davisking/dlib/issue_resolution_duration.json,200,,17673,8b5a374f687ea9163961b0af6c2bd8af4233c251fbbd54cc82fcf4a39363f71b,1
davisking/dlib,issue_age,https://oss.open-digger.cn/github/davisking/dlib/issue_age.json,200,,20258,73f821a6b2371a5de448adc3e73f8e310c7810e9e676fea4fb1793ea2653f5ce,1
davisking/dlib,issues_new,https://oss.open-digger.cn/github/davisking/dlib/issues_new.json,200,,2243,b4ad06a572f99babb4fbb1e63396fee47dc730c8274ffc545d5942309939512c,1
davisking/dlib,contributors,https://oss.open-digger.cn/github/davisking/dlib/contributors.json,200,,2122,327cba2a029066ea207c244e192723f676f4fc090a96f2c4885cc39a6469067b,1
davisking/dlib,code_change_lines_sum,https://oss.open-digger.cn/github/davisking/dlib/code_change_lines_sum.json,200,,2640,cb041fbbd8bcd820569a03bea1a27c747445bf87cd5eb5e1375fd11f986c90d3,1
dbcli/mycli,issue_resolution_duration,https://oss.open-digger.cn/github/dbcli/mycli/issue_resolution_duration.json,200,,17763,fdc0ebbc4ffa0d937337eae8cf7fa7e995d6a20372647d357c3698dc5efef5b2,1
dbcli/mycli,issue_age,https://oss.open-digger.cn/github/dbcli/mycli/issue_age.json,200,,19752,9c80996b9eb08fc3da2653e2863eefc65d2a306f0776bc5ac2069681e873ef78,1
dbcli/mycli,issues_new,https://oss.open-digger.cn/github/dbcli/mycli/issues_new.json,200,,2203,6bb0f34628c86cef9e15bce91e47f1699a4db8429be321d0c7077a5a0b2f99b6,1
dbcli/mycli,contributors,https://oss.open-digger.cn/github/dbcli/mycli/contributors.json,200,,1748,28cb86b0008fb8c89344064c07b1b25309c457ac5880c70edac400636bc65d36,1
dbcli/mycli,code_change_lines_sum,https://oss.open-digger.cn/github/dbcli/mycli/code_change_lines_sum.json,200,,2225,74900943f035224020a098710fec6ac858c4929bc47eaa0141ff4bee8520ba4a,1
dbcli/pgcli,issue_resolution_duration,https://oss.open-digger.cn/github/dbcli/pgcli/issue_resolution_duration.json,200,,17783,25c61d51fefccfc3b4cea70cf6b4fd63d65f38352126f4e41a3605826e6cf305,1
dbcli/pgcli,issue_age,https://oss.open-digger.cn/github/dbcli/pgcli/issue_age.json,200,,20879,c1ba16602cf0362aabe579647672ea1f4b6c6a073c752dba8ed7e033c930d7b2,1
dbcli/pgcli,issues_new,https://oss.open-digger.cn/github/dbcli/pgcli/issues_new.json,200,,2250,5a7d8846ee527dc0e14bc50fc01aed37bc86e045d65c521131869f4d6724648e,1
dbcli/pgcli,contributors,https://oss.open-digger.cn/github/dbcli/pgcli/contributors.json,200,,1860,60f54f696cfb6753694d09442bb4ce5391ab5d0fd3a260c7b98b44d97d1d900e,1
dbcli/pgcli,code_change_lines_sum,https://oss.open-digger.cn/github/dbcli/pgcli/code_change_lines_sum.json,200,,2324,851e0c3f4cee92c9743347061cd92a3ded89a612c44ff136a05c670ebfc02274,1
dcloudio/uni-app,issue_resolution_duration,https://oss.open-digger.cn/github/dcloudio/uni-app/issue_resolution_duration.json,200,,13646,cd8f22e45e823e2cd14c31e537de395e3c3c3189475142b8d09c9c08ce34fbc4,1
dcloudio/uni-app,issue_age,https://oss.open-digger.cn/github/dcloudio/uni-app/issue_age.json,200,,14352,8cb6cfe4bfe3d2700683d239df03f27177742de7c7c7d2a256f35560a62681c8,1
dcloudio/uni-app,issues_new,https://oss.open-digger.cn/github/dcloudio/uni-app/issues_new.json,200,,1760,23d6cc6a0cdc55e4e1522d4d2c79142ece01fa4fbcfa65823b16f7eb544b782d,1
dcloudio/uni-app,contributors,https://oss.open-digger.cn/github/dcloudio/uni-app/contributors.json,200,,1339,7fd7a6e29bae30a61c20aa70ee98305c943bcc96b5f8d64f7dcbbbdc30438b61,1
dcloudio/uni-app,code_change_lines_sum,https://oss.open-digger.cn/github/dcloudio/uni-app/code_change_lines_sum.json,200,,1693,da69b473a4af0f4dc654d1fbb42f14d08050a186a0311912e52b16f8a3ba9784,1
deepmodeling/deepmd-kit,issue_resolution_duration,https://oss.open-digger.cn/github/deepmodeling/deepmd-kit/issue_resolution_duration.json,200,,13198,f8d810fb0ec5b997861844a867d9192568f594d18687fa2f8ee23ec730498076,1
deepmodeling/deepmd-kit,issue_age,https://oss.open-digger.cn/github/deepmodeling/deepmd-kit/issue_age.json,200,,14054,893f043d616d9698efe5573ac25aec02c60d919c4db95379084a6e6555cc3d05,1
deepmodeling/deepmd-kit,issues_new,https://oss.open-digger.cn/github/deepmodeling/deepmd-kit/issues_new.json,200,,1671,d2be8de955d6554c3d9c87e31932fa26fb54affc3bcf942673b487e4729e70d5,1
deepmodeling/deepmd-kit,contributors,https://oss.open-digger.cn/github/deepmodeling/deepmd-kit/contributors.json,200,,1331,2d89b12f4f11f86956d4d22c681ff3e0b016d0ded2ede5e38a7268f6853b86b4,1
deepmodeling/deepmd-kit,code_change_lines_sum,https://oss.open-digger.cn/github/deepmodeling/deepmd-kit/code_change_lines_sum.json,200,,1716,3afd331b5b88e0bab6ea3ab12ef76045f144cb2d6215d9caa3a815fa7eb09562,1
deepstreamIO/deepstream.io,issue_resolution_duration,https://oss.open-digger.cn/github/deepstreamIO/deepstream.io/issue_resolution_duration.json,200,,14079,9d7ba19ccba41f0a58da66dd0892b95998e6f54e6db31228984228d5424ef1a1,1
deepstreamIO/deepstream.io,issue_age,https://oss.open-digger.cn/github/deepstreamIO/deepstream.io/issue_age.json,200,,20656,4445639efdb22dd7876ad92b05bb0f5e185016cbc896ea8a1370ede6c817ce8c,1
deepstreamIO/deepstream.io,issues_new,https://oss.open-digger.cn/github/deepstreamIO/deepstream.io/issues_new.json,200,,1713,5e46b770bf2e7a9b45d7aaaef1f33b08635174c14921696fe7f7960f6794c50f,1
deepstreamIO/deepstream.io,contributors,https://oss.open-digger.cn/github/deepstreamIO/deepstream.io/contributors.json,200,,904,39230adaf2c998b95713add7fae87b5955caaa803579cf196285efeb41729114,1
deepstreamIO/deepstream.io,code_change_lines_sum,https://oss.open-digger.cn/github/deepstreamIO/deepstream.io/code_change_lines_sum.json,200,,1256,3aeff87bc57e261924aec9599249e72b31aa95a412092e2db15650160ea4006b,1
DefinitelyTyped/DefinitelyTyped,issue_resolution_duration,https://oss.open-digger.cn/github/DefinitelyTyped/DefinitelyTyped/issue_resolution_duration.json,200,,19462,4ac4fdaa617ce7105fff5c8a85ad9e1241f6981427f0bfc47d86e4bd62d109d4,1
DefinitelyTyped/DefinitelyTyped,issue_age,https://oss.open-digger.cn/github/DefinitelyTyped/DefinitelyTyped/issue_age.json,200,,21082,d389856999730bcf022dcc7cd9e321921d19b4e8c278ba2bc399e22f8f4146c3,1
DefinitelyTyped/DefinitelyTyped,issues_new,https://oss.open-digger.cn/github/DefinitelyTyped/DefinitelyTyped/issues_new.json,200,,2428,7a3853792f0c28ff01cee1bd90009b9fedd7598c483e5bdb90483bb3f29e93ba,1
DefinitelyTyped/DefinitelyTyped,contributors,https://oss.open-digger.cn/github/DefinitelyTyped/DefinitelyTyped/contributors.json,200,,2691,48483cbe2f49efe60501fc511ee4c7faba080fa319d98f96066928eeb37d57af,1
DefinitelyTyped/DefinitelyTyped,code_change_lines_sum,https://oss.open-digger.cn/github/DefinitelyTyped/DefinitelyTyped/code_change_lines_sum.json,200,,3227,168ac283926f0b8ce6b345e788409cc61bef3a01497c4d8b59b112ae7fbf18ee,1
devtron-labs/devtron,issue_resolution_duration,https://oss.open-digger.cn/github/devtron-labs/devtron/issue_resolution_duration.json,200,,9111,ab7d0d7876f3453a49a02376db09b70b14d15d3dda2b8e66551b05ac1c8abc5c,1
devtron-labs/devtron,issue_age,https://oss.open-digger.cn/github/devtron-labs/devtron/issue_age.json,200,,9889,22fbbbdf9a0d9f4600dbc374eb0930573c9ea2a71c93cdfdc07fe30fdebcea7b,1
devtron-labs/devtron,issues_new,https://oss.open-digger.cn/github/devtron-labs/devtron/issues_new.json,200,,1196,141ba60fd721157d85269f95c893f63596958063d9d96189d6bffe2aa3811db1,1
devtron-labs/devtron,contributors,https://oss.open-digger.cn/github/devtron-labs/devtron/contributors.json,200,,1193,7ab474cae452d2761281e81e8f85796227eb69db30317561b170bf4a05ef7ad6,1
devtron-labs/devtron,code_change_lines_sum,https://oss.open-digger.cn/github/devtron-labs/devtron/code_change_lines_sum.json,200,,1496,b1d5c6bfc960af0ec5cb1767fc5d3fb29ec54a9fed91cf98ee720a1e7d7de764,1
dexidp/dex,issue_resolution_duration,https://oss.open-digger.cn/github/dexidp/dex/issue_resolution_duration.json,200,,17149,5f740326eb483d184e8a4578569509c47ca8e7d94beaa3a60eda6456297b5bfe,1
dexidp/dex,issue_age,https://oss.open-digger.cn/github/dexidp/dex/issue_age.json,200,,19547,9694fab2647c1516fa12bc95f64a6b8eca386461db5d6921c5c1790cf1c7b247,1
dexidp/dex,issues_new,https://oss.open-digger.cn/github/dexidp/dex/issues_new.json,200,,2199,7c1cb7a387cd87783d763f961ebce1873d7cb38b1391356b4b9ea249102bb50e,1
dexidp/dex,contributors,https://oss.open-digger.cn/github/dexidp/dex/contributors.json,200,,2169,feccfa884459cb90ba8ca5de66cafb6652520de5945e0a745db144a9bd703357,1
dexidp/dex,code_change_lines_sum,https://oss.open-digger.cn/github/dexidp/dex/code_change_lines_sum.json,200,,2765,af742d826d3464260832c91063ebf0df134a2a84a4c9cff5cabf3655af64a3f1,1
diaspora/diaspora,issue_resolution_duration,https://oss.open-digger.cn/github/diaspora/diaspora/issue_resolution_duration.json,200,,15216,742e8ede24fe92180c922dd900a5308d0c4469a015a71908305a1f24d4d1d194,1
diaspora/diaspora,issue_age,https://oss.open-digger.cn/github/diaspora/diaspora/issue_age.json,200,,21040,834c5700c7ebff160a5b7620f79fed59c72facc7ad79bcec954ddb3816e94bd6,1
diaspora/diaspora,issues_new,https://oss.open-digger.cn/github/diaspora/diaspora/issues_new.json,200,,1999,ec4ad31952f0bf75f01d1720e55f1b1ca76d72c8582b8c6041caaee314c8c08d,1
diaspora/diaspora,contributors,https://oss.open-digger.cn/github/diaspora/diaspora/contributors.json,200,,1298,79881406a6511272536b2d54ca506a8d24a26f7ee0b0eefff8cea0346063ed47,1
diaspora/diaspora,code_change_lines_sum,https://oss.open-digger.cn/github/diaspora/diaspora/code_change_lines_sum.json,200,,2278,835a9c439f3e117c65e4f556ab30309f9c0497325cf0a5f0089bbedbc2dbc58b,1
didi/KnowStreaming,issue_resolution_duration,https://oss.open-digger.cn/github/didi/KnowStreaming/issue_resolution_duration.json,200,,7760,2c3831868ee12d4f90acf82128f3c41a38e6160dc384a9199aa1e76d0e72c73f,1
didi/KnowStreaming,issue_age,https://oss.open-digger.cn/github/didi/KnowStreaming/issue_age.json,200,,10922,6c8b4c9a3ff730e2f098d4cbc393af39c248a7bc6a1597e6e7fd60a488309429,1
didi/KnowStreaming,issues_new,https://oss.open-digger.cn/github/didi/KnowStreaming/issues_new.json,200,,1093,885a3438317a2e53779cc12ea099768b9ecc7546ae72846ba971741a419589c5,1
didi/KnowStreaming,contributors,https://oss.open-digger.cn/github/didi/KnowStreaming/contributors.json,200,,783,f607e9812105c7de19877c3657e394519a2aa375e3422461a205c7156af6726d,1
didi/KnowStreaming,code_change_lines_sum,https://oss.open-digger.cn/github/didi/KnowStreaming/code_change_lines_sum.json,200,,1012,bdcbcdbd8f3b58c86d14f757e6c0dd34a1fcc4dd2a2fa1cc30fbb9c031b9bae0,1
didi/xiaoju-survey,issue_resolution_duration,https://oss.open-digger.cn/github/didi/xiaoju-survey/issue_resolution_duration.json,200,,2995,58313ea1787fe85f1da14c0ef17056a6255bed113a5acab9ad1126b3d6b88e71,1
didi/xiaoju-survey,issue_age,https://oss.open-digger.cn/github/didi/xiaoju-survey/issue_age.json,200,,4165,ca9788e3fd2895e111e3832a228225a95305e63be1dad2eb1afff16e9c17be96,1
didi/xiaoju-survey,issues_new,https://oss.open-digger.cn/github/didi/xiaoju-survey/issues_new.json,200,,420,959762bf4a6f593ffab5cc93f5db12d61aff79f0dd13fe31ff7b5328d83d0e7e,1
didi/xiaoju-survey,contributors,https://oss.open-digger.cn/github/didi/xiaoju-survey/contributors.json,200,,406,8ed2786d857216b4f8b296a7f07be527bc2beffe028de0f2324ce5ed5cafd3bc,1
didi/xiaoju-survey,code_change_lines_sum,https://oss.open-digger.cn/github/didi/xiaoju-survey/code_change_lines_sum.json,200,,644,1937c86a5dc6d0a7dd23f4672bf62074b3047c8bfb2e6f4ce512e96c4d34f487,1
diem/diem,issue_resolution_duration,https://oss.open-digger.cn/github/diem/diem/issue_resolution_duration.json,200,,5223,402570069aa71940ddb2b76e28602d441e83650ca6bdfa0996ad1e5b60faf893,1
diem/diem,issue_age,https://oss.open-digger.cn/github/diem/diem/issue_age.json,200,,12669,5725f118ad14b6c6f97ed6d8dec5c854ba4084f2a98a7a105344d6de98466716,1
diem/diem,issues_new,https://oss.open-digger.cn/github/diem/diem/issues_new.json,200,,888,812e82ff698c07c1905f7ba1a562799c8fbfc6445fed7b0ddff661aeb8f4e8c6,1
diem/diem,contributors,https://oss.open-digger.cn/github/diem/diem/contributors.json,200,,657,4226730845df8510b55d9d1200acda3dbed6206d95cf0080167144be4278178f,1
diem/diem,code_change_lines_sum,https://oss.open-digger.cn/github/diem/diem/code_change_lines_sum.json,200,,1165,a79f7bdd269dfe8dac53b1695bd0a0b1a3ea7798a2e81f8f87dd5db360bb4701,1
digiteinfotech/kairon,issue_resolution_duration,https://oss.open-digger.cn/github/digiteinfotech/kairon/issue_resolution_duration.json,200,,2135,0c5bb77dd8838f07c5650ba94520af65755c24474fd34a7f11fc32294a716704,1
digiteinfotech/kairon,issue_age,https://oss.open-digger.cn/github/digiteinfotech/kairon/issue_age.json,200,,10892,cf889f7d624552672bef0b3661bdae895e487db121b4c40525d75a70217f7896,1
digiteinfotech/kairon,issues_new,https://oss.open-digger.cn/github/digiteinfotech/kairon/issues_new.json,200,,454,7ad47e27d589a0112dbd4237b2cdc5e8956d83824f93c6e05e1179e7391c2748,1
digiteinfotech/kairon,contributors,https://oss.open-digger.cn/github/digiteinfotech/kairon/contributors.json,200,,1117,6b8265b4b27e7cfc6a8883e11449ae740ea80d394d6cb36352c6175f93128c3d,1
digiteinfotech/kairon,code_change_lines_sum,https://oss.open-digger.cn/github/digiteinfotech/kairon/code_change_lines_sum.json,200,,1460,d3f69f32cbd39b3b43c8e789fbfe1e7efb4e798b2da40f6f1e33d43cbe2fa826,1
dingo/api,issue_resolution_duration,https://oss.open-digger.cn/github/dingo/api/issue_resolution_duration.json,200,,14106,5bd8889be288254f824d52b5102f6474de6a4126cb5e99ed8c86323b9fb5e0d6,1
dingo/api,issue_age,https://oss.open-digger.cn/github/dingo/api/issue_age.json,200,,20786,7375c8176dba99d6fe1116f6c7ad8886d0f9fe00d17a0cbbb456cbeaedf57e05,1
dingo/api,issues_new,https://oss.open-digger.cn/github/dingo/api/issues_new.json,200,,1789,12412c1ea227644bf3d3d638615ebf5849adc893bed12fc4ff95c53068580c7d,1
dingo/api,contributors,https://oss.open-digger.cn/github/dingo/api/contributors.json,200,,782,b7b26418600a91e229f13f84e1eb11160c0e7842a0898b45f467ee1637b0848c,1
dingo/api,code_change_lines_sum,https://oss.open-digger.cn/github/dingo/api/code_change_lines_sum.json,200,,1490,57a07a0442390c7281b91c0810c891747ab46e0e825adb89552a9e0aeb320623,1
dingodb/dingo,issue_resolution_duration,https://oss.open-digger.cn/github/dingodb/dingo/issue_resolution_duration.json,200,,2420,01c882e62d3270f723f6d6603e3954d69a4ca0009e0233e949c3738bda79f306,1
dingodb/dingo,issue_age,https://oss.open-digger.cn/github/dingodb/dingo/issue_age.json,200,,7472,033df5c9af3909ac5f914a2b266e383180cb04c8753dc150b8befc044496ac3e,1
dingodb/dingo,issues_new,https://oss.open-digger.cn/github/dingodb/dingo/issues_new.json,200,,323,a892330de9b50c498b1d79e3c72e7987c49fa17f8a1aff4f628487659490463f,1
dingodb/dingo,contributors,https://oss.open-digger.cn/github/dingodb/dingo/contributors.json,200,,908,84156641560ab07444413cb4bd704688635d22679315e1a1aa0cd6ff8b6b81d1,1
dingodb/dingo,code_change_lines_sum,https://oss.open-digger.cn/github/dingodb/dingo/code_change_lines_sum.json,200,,1184,95aae0280c6ef85813657cf5287e804fa60c643a0b0ab533a6bbb005346c5f30,1
django-extensions/django-extensions,issue_resolution_duration,https://oss.open-digger.cn/github/django-extensions/django-extensions/issue_resolution_duration.json,200,,15958,817ce50bc12601bf3391958139ae0acbf369a07ac50d58f8f730abf680f7f2fc,1
django-extensions/django-extensions,issue_age,https://oss.open-digger.cn/github/django-extensions/django-extensions/issue_age.json,200,,20547,8ec0665826fa6b1f77e05810a1b48956966d7ba2a089ae42715a3f15d0a46bf9,1
django-extensions/django-extensions,issues_new,https://oss.open-digger.cn/github/django-extensions/django-extensions/issues_new.json,200,,2188,bb5e47263e6e6ba07815e997960764b819cc2a27f3b1b722b8dbe31e6dff7f58,1
django-extensions/django-extensions,contributors,https://oss.open-digger.cn/github/django-extensions/django-extensions/contributors.json,200,,1795,3b7c5d84ce409ae2063298b6f07061cf013270c0e238539070aa872742efc338,1
django-extensions/django-extensions,code_change_lines_sum,https://oss.open-digger.cn/github/django-extensions/django-extensions/code_change_lines_sum.json,200,,2507,d4c82f1a19ce0d4f730192bbdccdd31d7df9fb2f6e2340479270126799a33279,1
django-tastypie/django-tastypie,issue_resolution_duration,https://oss.open-digger.cn/github/django-tastypie/django-tastypie/issue_resolution_duration.json,200,,9291,05d0f6c9942e788144c2b70a918764a859ab20e1ebcb2da7206e299ab0063b13,1
django-tastypie/django-tastypie,issue_age,https://oss.open-digger.cn/github/django-tastypie/django-tastypie/issue_age.json,200,,20836,6723c2c4199207bcb93257cfda71178d566614fd0fbb738e1c32bec187a6c018,1
django-tastypie/django-tastypie,issues_new,https://oss.open-digger.cn/github/django-tastypie/django-tastypie/issues_new.json,200,,1389,c41e472f3c499b2d4c76c4200acc8dea206a2cf5e44498af6a8147f1dcdf7fd4,1
django-tastypie/django-tastypie,contributors,https://oss.open-digger.cn/github/django-tastypie/django-tastypie/contributors.json,200,,1033,efaae97c9a758a2ed0c6b4ec2a1f575748efc5c2184208540a1d316039a23d35,1
django-tastypie/django-tastypie,code_change_lines_sum,https://oss.open-digger.cn/github/django-tastypie/django-tastypie/code_change_lines_sum.json,200,,1653,5aab73ad37d95076abd129b988f77d7acbe6a30256d881262ef9ca759d000a67,1
django/django,issue_resolution_duration,https://oss.open-digger.cn/github/django/django/issue_resolution_duration.json,404,,0,,1
django/django,issue_age,https://oss.open-digger.cn/github/django/django/issue_age.json,200,,11495,8e5fd3cb86717cffd99412fc9372fbd52427aab6f2ab7deb8c6196af4bd89cd2,1
django/django,issues_new,https://oss.open-digger.cn/github/django/django/issues_new.json,200,,80,d47a7e84b42a68b8c65eac26abb939e3329565e0564044e46010989fe1b9b068,1
django/django,contributors,https://oss.open-digger.cn/github/django/django/contributors.json,200,,2511,5b2c40218a2006f39a04127b2645c8bef7e10de0e51df2d3e2a1e5158282cb47,1
django/django,code_change_lines_sum,https://oss.open-digger.cn/github/django/django/code_change_lines_sum.json,200,,3114,50f18bbfd4b89e18e954aaf2481a2926ea857a5437d540427ec629bbd6dd9a44,1
dlang/dmd,issue_resolution_duration,https://oss.open-digger.cn/github/dlang/dmd/issue_resolution_duration.json,200,,15639,3a5fb740d15b2142fa85c660e5be339fbc63cb4291bea138a55eb373d1cc247c,1
dlang/dmd,issue_age,https://oss.open-digger.cn/github/dlang/dmd/issue_age.json,200,,2427,7bdbda6dacb3453000ed6e4f81d178b02f99edba836317b0356837d4b8ec6778,1
dlang/dmd,issues_new,https://oss.open-digger.cn/github/dlang/dmd/issues_new.json,200,,354,8f46d95e3b41104ab88d418e28b76f489db3352d6735910ae327d82f7901aada,1
dlang/dmd,contributors,https://oss.open-digger.cn/github/dlang/dmd/contributors.json,200,,2335,a9d01d5434e09e5c2ddf16e74bb4689025e10d6a7a0a3a08f8a4d9bea066db78,1
dlang/dmd,code_change_lines_sum,https://oss.open-digger.cn/github/dlang/dmd/code_change_lines_sum.json,200,,2802,18d08f75a44fc502e8de1877b05aac513a1d1afd4716e01777b9bf85b08ca1a7,1
dmlc/xgboost,issue_resolution_duration,https://oss.open-digger.cn/github/dmlc/xgboost/issue_resolution_duration.json,200,,19405,30684ceadf0232093827f7fef765d9912703dc16597b98c81143f853cce2562b,1
dmlc/xgboost,issue_age,https://oss.open-digger.cn/github/dmlc/xgboost/issue_age.json,200,,20750,323f6b3985c808ecbb4137e9658cc11e075edbd81b3f3ee982e1e0548df5470b,1
dmlc/xgboost,issues_new,https://oss.open-digger.cn/github/dmlc/xgboost/issues_new.json,200,,2500,356485615d998205ce912f4413bb8b1ad7560b4c82749bd8cc93d1d9bf7979f5,1
dmlc/xgboost,contributors,https://oss.open-digger.cn/github/dmlc/xgboost/contributors.json,200,,2406,640d9fe2681a2a176f5a95ee5465854817b874afc6d126c452b4a7a9fc472908,1
dmlc/xgboost,code_change_lines_sum,https://oss.open-digger.cn/github/dmlc/xgboost/code_change_lines_sum.json,200,,2962,e8dace9264be5230c894fd85031d334ff3d6740a2abc05c4609c58fb7a7ca673,1
docker/compose,issue_resolution_duration,https://oss.open-digger.cn/github/docker/compose/issue_resolution_duration.json,200,,19741,06b950977940328d59b45cfed36a26a75ee3b0275d313b6e60e7b47f3f624fb1,1
docker/compose,issue_age,https://oss.open-digger.cn/github/docker/compose/issue_age.json,200,,20877,35dc63866fff39e8d7d9bd7d7d0907a8ac10f187b2e89d9a36fb48218b3b1742,1
docker/compose,issues_new,https://oss.open-digger.cn/github/docker/compose/issues_new.json,200,,2522,ba255aa8a262a8c81d82130a176e5f89e79610128e9eba09d0abb1e1a4dad26e,1
docker/compose,contributors,https://oss.open-digger.cn/github/docker/compose/contributors.json,200,,2339,a64fa628f9671431d7d6446ae61f71e442c607f27c13321d2a5432943046df27,1
docker/compose,code_change_lines_sum,https://oss.open-digger.cn/github/docker/compose/code_change_lines_sum.json,200,,2871,a6187ee18020cf4cc0d0b9fe6f44ce6b789c093af526b590454e1400ba87231c,1
dokku/dokku,issue_resolution_duration,https://oss.open-digger.cn/github/dokku/dokku/issue_resolution_duration.json,200,,18795,58a8d837b667a08eb4626cd5c17660383b03386e8806f2d5c23a38c0d904aeec,1
dokku/dokku,issue_age,https://oss.open-digger.cn/github/dokku/dokku/issue_age.json,200,,20600,4386cbc5ea6f3426bb7969284e74b019b81ea8d6c0bbb7043a5158a04d8b36eb,1
dokku/dokku,issues_new,https://oss.open-digger.cn/github/dokku/dokku/issues_new.json,200,,2494,6f2af6d99ee7a2bd1a25012eedb871d73211544649bb450ab41fa83008f57472,1
dokku/dokku,contributors,https://oss.open-digger.cn/github/dokku/dokku/contributors.json,200,,2382,c016baa6256e2d4e47ba761dfce572b9817d852da153c1177188d094dc49c560,1
dokku/dokku,code_change_lines_sum,https://oss.open-digger.cn/github/dokku/dokku/code_change_lines_sum.json,200,,2840,4f410f38ecaf2e27372814990ef9aca432cba6c8466b53f8b0655d7697aa9c17,1
domaindrivendev/Swashbuckle.AspNetCore,issue_resolution_duration,https://oss.open-digger.cn/github/domaindrivendev/Swashbuckle.AspNetCore/issue_resolution_duration.json,200,,19281,5be979a723e22453feea931da03b24b11bd95ec79fcf395225621b55e22ed957,1
domaindrivendev/Swashbuckle.AspNetCore,issue_age,https://oss.open-digger.cn/github/domaindrivendev/Swashbuckle.AspNetCore/issue_age.json,200,,20266,d75b2ca6e8380cf02599edd80ef424169c7f3b977ac88e0c92fed8d8f37c3003,1
domaindrivendev/Swashbuckle.AspNetCore,issues_new,https://oss.open-digger.cn/github/domaindrivendev/Swashbuckle.AspNetCore/issues_new.json,200,,2356,9658867f9c7890ca2e3237feb43f05fd196298b8c33e04d862d750ac7bb0b17d,1
domaindrivendev/Swashbuckle.AspNetCore,contributors,https://oss.open-digger.cn/github/domaindrivendev/Swashbuckle.AspNetCore/contributors.json,200,,1752,cbd28700ce0f60259f748f51841a74c6021f75e3dac12002f1a82956bb6c353f,1
domaindrivendev/Swashbuckle.AspNetCore,code_change_lines_sum,https://oss.open-digger.cn/github/domaindrivendev/Swashbuckle.AspNetCore/code_change_lines_sum.json,200,,2545,0e1b40dcba71437c2d77cfc603f3dc0c212e87d2cc448675b5e726665dc73630,1
dompdf/dompdf,issue_resolution_duration,https://oss.open-digger.cn/github/dompdf/dompdf/issue_resolution_duration.json,200,,19154,abbc554e27f1bb1de36c825629ac07b34cc7ea71c679d3f76e359d68fd68b317,1
dompdf/dompdf,issue_age,https://oss.open-digger.cn/github/dompdf/dompdf/issue_age.json,200,,20885,7f7f17879a891d743500cfd9a97198df3fbe48e969850682fd363bce297609b0,1
dompdf/dompdf,issues_new,https://oss.open-digger.cn/github/dompdf/dompdf/issues_new.json,200,,2435,36506314654bdb1d6577d2ac37b3119c81697e820d66072e23cc3bd6b029548f,1
dompdf/dompdf,contributors,https://oss.open-digger.cn/github/dompdf/dompdf/contributors.json,200,,1488,ee39fc3caa366424b16ad8e582ac67eb363e531e4bc04794c68735aa9255b53e,1
dompdf/dompdf,code_change_lines_sum,https://oss.open-digger.cn/github/dompdf/dompdf/code_change_lines_sum.json,200,,2295,ddd0b82c401df44b1ba7808a5b7a0d02fa7af2ede7ea4ce6c4593bee6d4c49f2,1
doocs/leetcode,issue_resolution_duration,https://oss.open-digger.cn/github/doocs/leetcode/issue_resolution_duration.json,200,,5788,3548f1a44fd6ef020566e6adc5143ab925c5d9e53dc5841e645462aadafe7f8a,1
doocs/leetcode,issue_age,https://oss.open-digger.cn/github/doocs/leetcode/issue_age.json,200,,13261,8ed9dcf9a375fa789971b3294d7890ca78cefe08fb52da5d55ed6561025e4ec1,1
doocs/leetcode,issues_new,https://oss.open-digger.cn/github/doocs/leetcode/issues_new.json,200,,823,c85b615efba6a4246337745b9a4112dae491a72f0de6a1a5c04a7885b40c924d,1
doocs/leetcode,contributors,https://oss.open-digger.cn/github/doocs/leetcode/contributors.json,200,,1591,fdd1daaa3cab14e4e402beccb1763694686e54cecbaa70a2fb9d41029a3b65d0,1
doocs/leetcode,code_change_lines_sum,https://oss.open-digger.cn/github/doocs/leetcode/code_change_lines_sum.json,200,,2001,dbf236b0d9b3a8d9cfb06e8b2c2919d9156d484942843b09e563f2784d467f4d,1
doorkeeper-gem/doorkeeper,issue_resolution_duration,https://oss.open-digger.cn/github/doorkeeper-gem/doorkeeper/issue_resolution_duration.json,200,,15418,4139827089fce91da999b57177c2565d5131a07b5d6a4bd889b73f9eaaea8868,1
doorkeeper-gem/doorkeeper,issue_age,https://oss.open-digger.cn/github/doorkeeper-gem/doorkeeper/issue_age.json,200,,20464,112272a522e3396ccde6b0f2a4826c7bd18f62d4008e0928daf1147329328360,1
doorkeeper-gem/doorkeeper,issues_new,https://oss.open-digger.cn/github/doorkeeper-gem/doorkeeper/issues_new.json,200,,2098,16394b10e9a14244311896ebf1a8f5a3b8b04989f56a8e74b0068d122ac141e5,1
doorkeeper-gem/doorkeeper,contributors,https://oss.open-digger.cn/github/doorkeeper-gem/doorkeeper/contributors.json,200,,1939,cade6eef4a4480c069d9e15db8aec1683c7741e190269f305846a933a4de8b5f,1
doorkeeper-gem/doorkeeper,code_change_lines_sum,https://oss.open-digger.cn/github/doorkeeper-gem/doorkeeper/code_change_lines_sum.json,200,,2371,908d7f7e835faa092b778fb5d133a6fd345ffbe4ce2c32b6f25bb1219f7e1923,1
dora-rs/dora,issue_resolution_duration,https://oss.open-digger.cn/github/dora-rs/dora/issue_resolution_duration.json,200,,6090,498786cab1c1bc6bd0d62e1626f84244852fce95ccd34b25050addadba947f4c,1
dora-rs/dora,issue_age,https://oss.open-digger.cn/github/dora-rs/dora/issue_age.json,200,,6260,bf1429a21022dfabc721568e2aa388b85877d698d948b2cba9afdb9dd18f0110,1
dora-rs/dora,issues_new,https://oss.open-digger.cn/github/dora-rs/dora/issues_new.json,200,,748,d8600e3f48cdaf94693a3a3c1714af5894f2f8695ef2ee22ed650b1cff762e21,1
dora-rs/dora,contributors,https://oss.open-digger.cn/github/dora-rs/dora/contributors.json,200,,679,0ae2ef1db1e0b17a9d674e813f8b1d553c41e48b3a75e0426b529a760a0125ed,1
dora-rs/dora,code_change_lines_sum,https://oss.open-digger.cn/github/dora-rs/dora/code_change_lines_sum.json,200,,854,7de165c8bf466b461338613d4b04984386933ad29309bc25606be016ff2bb890,1
dotnet/roslyn,issue_resolution_duration,https://oss.open-digger.cn/github/dotnet/roslyn/issue_resolution_duration.json,200,,20243,f090fa8ef745d992b9d62f4df7739b23c636be8caf72566a9bd811f91b5793b5,1
dotnet/roslyn,issue_age,https://oss.open-digger.cn/github/dotnet/roslyn/issue_age.json,200,,21494,35fb810187050461abc0f96ff2cbc138567861f732c45214e058831f0cc0c85e,1
dotnet/roslyn,issues_new,https://oss.open-digger.cn/github/dotnet/roslyn/issues_new.json,200,,2694,ee0a82f740a5426e67946b156132ba55dc23f824826aedb40e6ab6c5aed969b2,1
dotnet/roslyn,contributors,https://oss.open-digger.cn/github/dotnet/roslyn/contributors.json,200,,2515,61b5a353eb047c59433e562d6d9f897cdab46a25e0e3672492ea7989f17e8244,1
dotnet/roslyn,code_change_lines_sum,https://oss.open-digger.cn/github/dotnet/roslyn/code_change_lines_sum.json,200,,3308,ed699034a7b5d863321075d2a7f9bea4536f9d10759a642ead83b6bac8295ff1,1
dotnetcore/BootstrapBlazor,issue_resolution_duration,https://oss.open-digger.cn/github/dotnetcore/BootstrapBlazor/issue_resolution_duration.json,200,,9734,235d4aafed3d4db9e2445b2471a4aa6841aaa37ecd86d2bde2e472078e25ff86,1
dotnetcore/BootstrapBlazor,issue_age,https://oss.open-digger.cn/github/dotnetcore/BootstrapBlazor/issue_age.json,200,,10362,7c236f16908fd63307c178c9fab30cbc2fb5bba33c3cb04ebc5eab88e6a185ce,1
dotnetcore/BootstrapBlazor,issues_new,https://oss.open-digger.cn/github/dotnetcore/BootstrapBlazor/issues_new.json,200,,1335,13db62baa6a143c5aaefbc80ec7791643c25b4976e4ec87ea0841687d656b552,1
dotnetcore/BootstrapBlazor,contributors,https://oss.open-digger.cn/github/dotnetcore/BootstrapBlazor/contributors.json,200,,931,19befeee36a5393bc3bf01997e3f71e9fbe22511bbf7577d430c564c3d059b4e,1
dotnetcore/BootstrapBlazor,code_change_lines_sum,https://oss.open-digger.cn/github/dotnetcore/BootstrapBlazor/code_change_lines_sum.json,200,,1253,45902a1aea83b347aaee59b3a969aa4500744595e4c8cc48811fdaf5b82da50c,1
DragonOS-Community/DragonOS,issue_resolution_duration,https://oss.open-digger.cn/github/DragonOS-Community/DragonOS/issue_resolution_duration.json,200,,5715,a5295255b7af96f720c06e26c0db8aa5deae964f2a90a8ba071e8a3eb75fd293,1
DragonOS-Community/DragonOS,issue_age,https://oss.open-digger.cn/github/DragonOS-Community/DragonOS/issue_age.json,200,,6870,d1b22968c289c53ed2ce567e80fe7199a56ba84a5eef6710a77a1b41622d9273,1
DragonOS-Community/DragonOS,issues_new,https://oss.open-digger.cn/github/DragonOS-Community/DragonOS/issues_new.json,200,,745,7f9b0781397fddefb5588458963a7b6c2edb0dda6706505f587c98f48c85e1c5,1
DragonOS-Community/DragonOS,contributors,https://oss.open-digger.cn/github/DragonOS-Community/DragonOS/contributors.json,200,,689,8ba0c95e33c09025665c4d569db38a605481184aea619ec4f4f23b1fe0eb18b8,1
DragonOS-Community/DragonOS,code_change_lines_sum,https://oss.open-digger.cn/github/DragonOS-Community/DragonOS/code_change_lines_sum.json,200,,894,68dc11692403f95fd75a9c3198719f2cca6c586d23cc2907421df23f7d95d533,1
draios/sysdig,issue_resolution_duration,https://oss.open-digger.cn/github/draios/sysdig/issue_resolution_duration.json,200,,17647,7f33f0159bafd6ab728aa6f5692cf6d19195ddea3614edf5167fe6cdefbd8af1,1
draios/sysdig,issue_age,https://oss.open-digger.cn/github/draios/sysdig/issue_age.json,200,,20774,8a3f6c3b2d94a22d4272b0d7d97402aea192f00f612d62379e1ea3827ebdfee9,1
draios/sysdig,issues_new,https://oss.open-digger.cn/github/draios/sysdig/issues_new.json,200,,2160,100e94362d0e9be479a4f95db5ec100c10722cf01a00ea1376e0c99cb643475a,1
draios/sysdig,contributors,https://oss.open-digger.cn/github/draios/sysdig/contributors.json,200,,2014,43e70124301837646ba1594e25adc486591a5acaef3306f4fa05ba7f13217ffe,1
draios/sysdig,code_change_lines_sum,https://oss.open-digger.cn/github/draios/sysdig/code_change_lines_sum.json,200,,2553,d0b21c94641dd5c87f0f08caca7a877b475e123c9db3abe92aa4a2685697b5d6,1
dropwizard/dropwizard,issue_resolution_duration,https://oss.open-digger.cn/github/dropwizard/dropwizard/issue_resolution_duration.json,200,,17852,c2489eace258035afbc2769a74806ecd18c23e5f9586e3dc40cd42f89195e219,1
dropwizard/dropwizard,issue_age,https://oss.open-digger.cn/github/dropwizard/dropwizard/issue_age.json,200,,20439,4da1ba9d08454e5d3a0e2af475bec25297a3222fea0ccaf6c3f19fb39278813e,1
dropwizard/dropwizard,issues_new,https://oss.open-digger.cn/github/dropwizard/dropwizard/issues_new.json,200,,2319,680a5ba206e68d54aec37db967b9fa738d06124f9813cc69da9d8d7d15c3eeb5,1
dropwizard/dropwizard,contributors,https://oss.open-digger.cn/github/dropwizard/dropwizard/contributors.json,200,,2338,3b6ea9596dc9cbaf8a87f05b252e07417453f83fff3e1aa9e04c0d921a818aae,1
dropwizard/dropwizard,code_change_lines_sum,https://oss.open-digger.cn/github/dropwizard/dropwizard/code_change_lines_sum.json,200,,2683,942f426ede90e2962ce5c8fde3ec49c8cf1976d66c53b6545bfa1160787a208c,1
dropwizard/metrics,issue_resolution_duration,https://oss.open-digger.cn/github/dropwizard/metrics/issue_resolution_duration.json,200,,14772,abf1aad63cf63c556f24739749a560f502b99bc21d301d77c920df6e3c047b91,1
dropwizard/metrics,issue_age,https://oss.open-digger.cn/github/dropwizard/metrics/issue_age.json,200,,20437,ec9dc8e8d817eefe2bc7f9aaee07466b702065528517c1a55eacb5f20ffefb21,1
dropwizard/metrics,issues_new,https://oss.open-digger.cn/github/dropwizard/metrics/issues_new.json,200,,1846,d23462dc35ab4558665eb86cc6c951af26279fff45e371be830211093fa032f8,1
dropwizard/metrics,contributors,https://oss.open-digger.cn/github/dropwizard/metrics/contributors.json,200,,2185,78c3ea99867eec6a2f939c00f29e1d1e367ca5979ee7a863f55760acbc36fcb1,1
dropwizard/metrics,code_change_lines_sum,https://oss.open-digger.cn/github/dropwizard/metrics/code_change_lines_sum.json,200,,2386,f9420fad6b647a3f57acb78480fe6a5bf135064b101b9a6b44dda3317a44f4ce,1
EasyTier/EasyTier,issue_resolution_duration,https://oss.open-digger.cn/github/EasyTier/EasyTier/issue_resolution_duration.json,200,,3596,071723d5a94031406f8c68a509f01b6a0373d59035c66da9fe2477adac2d646b,1
EasyTier/EasyTier,issue_age,https://oss.open-digger.cn/github/EasyTier/EasyTier/issue_age.json,200,,3506,c0248f147bb72e4588acd76857638312371cfbc38859a7ecad8c7e106ab0e9cd,1
EasyTier/EasyTier,issues_new,https://oss.open-digger.cn/github/EasyTier/EasyTier/issues_new.json,200,,537,0812710700b347f4b745eac9ecd478d210d3470859776abed91cf4ccc8351763,1
EasyTier/EasyTier,contributors,https://oss.open-digger.cn/github/EasyTier/EasyTier/contributors.json,200,,377,aa195ab0466fda9ba4f0a8792c94db84d7613a9ed526addfe31524b4f87b52bc,1
EasyTier/EasyTier,code_change_lines_sum,https://oss.open-digger.cn/github/EasyTier/EasyTier/code_change_lines_sum.json,200,,486,a900bba1a12dcd9cb2eae72c2e6485870c5d6e6a3bd840644d80e8c587f48cb2,1
eclipse-sw360/sw360,issue_resolution_duration,https://oss.open-digger.cn/github/eclipse-sw360/sw360/issue_resolution_duration.json,200,,13743,3c44fcf9c3e0b8309bf2837a76130143ce5b90b8c8d7100171520127c8113512,1
eclipse-sw360/sw360,issue_age,https://oss.open-digger.cn/github/eclipse-sw360/sw360/issue_age.json,200,,14603,fb4cc08ae705855a8c9d129c95d8a9f332b76a29893dcfb18cc36ce12f7a904f,1
eclipse-sw360/sw360,issues_new,https://oss.open-digger.cn/github/eclipse-sw360/sw360/issues_new.json,200,,1728,8a947b8a1f7395edf9881c64f6baee68bf0c4553a8d51368f897fead34c7659a,1
eclipse-sw360/sw360,contributors,https://oss.open-digger.cn/github/eclipse-sw360/sw360/contributors.json,200,,1560,9b705840a7f17c6bfb2b4f1e97686abf8371bd18279e0e27e66ebf12e02b8a7c,1
eclipse-sw360/sw360,code_change_lines_sum,https://oss.open-digger.cn/github/eclipse-sw360/sw360/code_change_lines_sum.json,200,,1929,381ddb7f8ae51075c7d69967ef590aa4f85050dfa9a3cdfe6a13e58c98856c50,1
ecomfe/vue-echarts,issue_resolution_duration,https://oss.open-digger.cn/github/ecomfe/vue-echarts/issue_resolution_duration.json,200,,14881,b9cc0c2cf8c5f1490f29f7a64f8345609e6b9979f372efb887ff6ddb3fedec3f,1
ecomfe/vue-echarts,issue_age,https://oss.open-digger.cn/github/ecomfe/vue-echarts/issue_age.json,200,,17928,655d7a130d3c435fd5aa61feb94ebd17ee815ddb1b4c143d0d59117f74196d77,1
ecomfe/vue-echarts,issues_new,https://oss.open-digger.cn/github/ecomfe/vue-echarts/issues_new.json,200,,1909,338603e0ce75335fd503422b2c25c5930b1abc0603bacfd5eb9058e9e6e3da14,1
ecomfe/vue-echarts,contributors,https://oss.open-digger.cn/github/ecomfe/vue-echarts/contributors.json,200,,853,d75454ffce9d89de5c26ffd6ef100ee55a6c79258e4114c8ddfb68da1422157b,1
ecomfe/vue-echarts,code_change_lines_sum,https://oss.open-digger.cn/github/ecomfe/vue-echarts/code_change_lines_sum.json,200,,1369,e40f083c675bbb81c1b2fc037353e313a85df76fbdb5c5fd39a6314b33834c89,1
ecomfe/zrender,issue_resolution_duration,https://oss.open-digger.cn/github/ecomfe/zrender/issue_resolution_duration.json,200,,14236,f70566830a385be9ade243e996e5b91ea25c6ba192483a317b40dd0be4cbab6b,1
ecomfe/zrender,issue_age,https://oss.open-digger.cn/github/ecomfe/zrender/issue_age.json,200,,20750,336fc46ac2034949e9cfd931fa509eaaa090876ce4c2a48cae20f23f75f875b3,1
ecomfe/zrender,issues_new,https://oss.open-digger.cn/github/ecomfe/zrender/issues_new.json,200,,2055,6571933d362c31dc2e4ed205b8625c8c69a5a2d304dcce678905ca65e9406253,1
ecomfe/zrender,contributors,https://oss.open-digger.cn/github/ecomfe/zrender/contributors.json,200,,1563,c09f32fd807707937fd7c2bf9e72a461ac6cea759cc9d9873c6dccd201cacafe,1
ecomfe/zrender,code_change_lines_sum,https://oss.open-digger.cn/github/ecomfe/zrender/code_change_lines_sum.json,200,,2015,43a0f9818d4c9027519967666237a6200068a8b8c7c80b4887074278872b660c,1
eggjs/egg,issue_resolution_duration,https://oss.open-digger.cn/github/eggjs/egg/issue_resolution_duration.json,200,,15442,faedf1f473838002210f723cb517f5756071b4edb563183347b8649d14fdd442,1
eggjs/egg,issue_age,https://oss.open-digger.cn/github/eggjs/egg/issue_age.json,200,,17669,76a30ae3c384a7a45914e3bb17b9153b6252eb026d0499e23ddba937284eab3d,1
eggjs/egg,issues_new,https://oss.open-digger.cn/github/eggjs/egg/issues_new.json,200,,2110,6e88c8fb55fc657fe3650336825cf35ac163a2eadf4fb51314c66d74ae086ea1,1
eggjs/egg,contributors,https://oss.open-digger.cn/github/eggjs/egg/contributors.json,200,,1803,8a08d49e64e41011646481d15ba7a912c3419fc9d0d5b77fd7be23dcafe1ac59,1
eggjs/egg,code_change_lines_sum,https://oss.open-digger.cn/github/eggjs/egg/code_change_lines_sum.json,200,,2154,3e9a9029508d7f1993008dd56fc278124cd4fa8ceaf1e68724175b675d189b0e,1
elastic/beats,issue_resolution_duration,https://oss.open-digger.cn/github/elastic/beats/issue_resolution_duration.json,200,,20030,89754418434915341ef39bd71ad51ab0b4d2cbb2b3927d29c2fd55ae3e0690a3,1
elastic/beats,issue_age,https://oss.open-digger.cn/github/elastic/beats/issue_age.json,200,,20917,37653c13e0b63e4a229a0b949dbd7e6a7be016ce02cb74575f682e781d6e3392,1
elastic/beats,issues_new,https://oss.open-digger.cn/github/elastic/beats/issues_new.json,200,,2609,9be9c3d4c24b71410589da6400d1af8d3bea5639348094b2d0cb90442fd1113b,1
elastic/beats,contributors,https://oss.open-digger.cn/github/elastic/beats/contributors.json,200,,2478,1199d5db8b4369d59608c455926066a6ce2485e152ccca39e325fcc2b7387bf3,1
elastic/beats,code_change_lines_sum,https://oss.open-digger.cn/github/elastic/beats/code_change_lines_sum.json,200,,3166,66cb51ace34d5b3d0560398097771efd0033075e32535f670684950955c3caba,1
elastic/elasticsearch,issue_resolution_duration,https://oss.open-digger.cn/github/elastic/elasticsearch/issue_resolution_duration.json,200,,20088,82bb220e7953fcd75959726b2ee05d3e5df13de48b7831f2330555445c458ce5,1
elastic/elasticsearch,issue_age,https://oss.open-digger.cn/github/elastic/elasticsearch/issue_age.json,200,,21263,86c58f5ad2865291864fe8c46275a4d14f82eeba6fe8955ded14e656590a8208,1
elastic/elasticsearch,issues_new,https://oss.open-digger.cn/github/elastic/elasticsearch/issues_new.json,200,,2717,a7bc975f7ae11a3839ac0697dd586c3559db26c5debfae2a816c0158c9ae6024,1
elastic/elasticsearch,contributors,https://oss.open-digger.cn/github/elastic/elasticsearch/contributors.json,200,,2580,d8eadc65b9d4979b19b6021948c34f8e23b93cd36cfaa3d7a0343a5a334e8d7a,1
elastic/elasticsearch,code_change_lines_sum,https://oss.open-digger.cn/github/elastic/elasticsearch/code_change_lines_sum.json,200,,3238,6d25c152a031230710c8986121bbab46cfe991ffbdd9ef9ebdb7c495f6d48989,1
elastic/kibana,issue_resolution_duration,https://oss.open-digger.cn/github/elastic/kibana/issue_resolution_duration.json,200,,20538,4c723a4e8c8f14b7bbf384c6f417c18c80204543108d6b8b2f821da21b1ab293,1
elastic/kibana,issue_age,https://oss.open-digger.cn/github/elastic/kibana/issue_age.json,200,,21421,a1eded9ce14bd26c85ca5dc906a12b1e0d6840dcea099001927f96ee500ebccd,1
elastic/kibana,issues_new,https://oss.open-digger.cn/github/elastic/kibana/issues_new.json,200,,2765,99d32a3f1815b76beada47189dbf710915ed548dcbcf8892c67e4d1fc8d94c9d,1
elastic/kibana,contributors,https://oss.open-digger.cn/github/elastic/kibana/contributors.json,200,,2635,473754176e89463fb7ec2dea05f9ebcc966fee4335fa8cdbe5763953ffb5c576,1
elastic/kibana,code_change_lines_sum,https://oss.open-digger.cn/github/elastic/kibana/code_change_lines_sum.json,200,,3284,7fd39a5156f6735f1920c23ab7a62683af072ae6490f0793d423f06a529acda7,1
elastic/logstash,issue_resolution_duration,https://oss.open-digger.cn/github/elastic/logstash/issue_resolution_duration.json,200,,19497,efc8664b5deba96a02fde19c1ce0c794782122fe052cfc23668b994ffa2d70f6,1
elastic/logstash,issue_age,https://oss.open-digger.cn/github/elastic/logstash/issue_age.json,200,,21133,7ea1240ca8b033588923961ed0064f9d849741bb381c603d776623df8310af80,1
elastic/logstash,issues_new,https://oss.open-digger.cn/github/elastic/logstash/issues_new.json,200,,2512,4b48ccc9a56b6faf1614effb1eff9eaa98f26c463afda37dc6505d1b15d48667,1
elastic/logstash,contributors,https://oss.open-digger.cn/github/elastic/logstash/contributors.json,200,,2372,98a4286d42b3bb0a41cfe689c12c6c5cd2dbd76f604ce7b0b623b9cb9d743996,1
elastic/logstash,code_change_lines_sum,https://oss.open-digger.cn/github/elastic/logstash/code_change_lines_sum.json,200,,2995,637ad853fd7e384fd1b453987f93121d6677ccd3516a5d7bb63a64eb9ff26102,1
ElemeFE/element,issue_resolution_duration,https://oss.open-digger.cn/github/ElemeFE/element/issue_resolution_duration.json,200,,14391,4e50731f48fa2eb919d13ad7147ce0ed7f7955d6b54650e88d15de7a4bee08ff,1
ElemeFE/element,issue_age,https://oss.open-digger.cn/github/ElemeFE/element/issue_age.json,200,,17880,28ab8159a3a272e6430d810e2caa961f1b793724d530e78a46489a816acb8b58,1
ElemeFE/element,issues_new,https://oss.open-digger.cn/github/ElemeFE/element/issues_new.json,200,,2147,a99bf9fe9643ec09a5c6d4b2d4cf961522c3ec82a42a5ff91e81d3d9b0937049,1
ElemeFE/element,contributors,https://oss.open-digger.cn/github/ElemeFE/element/contributors.json,200,,1274,5a665d6e3e38fa46e1bfaa120036fe3a528692e9c650237fac9543e9e7c8969e,1
ElemeFE/element,code_change_lines_sum,https://oss.open-digger.cn/github/ElemeFE/element/code_change_lines_sum.json,200,,2360,3d5bb1da5d59c40b7599e5a4dfb770b546771cd09250387388f0f524dbd0eec7,1
element-plus/element-plus,issue_resolution_duration,https://oss.open-digger.cn/github/element-plus/element-plus/issue_resolution_duration.json,200,,9969,8198e40a133dfae108ec9faf5db8b5f0edc11bda8160a042616f211861d5bbca,1
element-plus/element-plus,issue_age,https://oss.open-digger.cn/github/element-plus/element-plus/issue_age.json,200,,10454,95cb649942eda38887a5551ae5f48d61f0762e9bf9a7bb3ecc2432d965d2997a,1
element-plus/element-plus,issues_new,https://oss.open-digger.cn/github/element-plus/element-plus/issues_new.json,200,,1367,a9da34761188cc02e7e8bc40d13a2cc340bf9b4c488a689e4b8d4f31e15a7b7a,1
element-plus/element-plus,contributors,https://oss.open-digger.cn/github/element-plus/element-plus/contributors.json,200,,1287,03e9ccb015cbb7ca4a5bf11e93ab0224e10ced1f609523bf355b7eac52fba975,1
element-plus/element-plus,code_change_lines_sum,https://oss.open-digger.cn/github/element-plus/element-plus/code_change_lines_sum.json,200,,1563,c95486e3eed266478fea792e730d84b75e08ba7ca243b0b4abfb5357c8c03c3e,1
EleutherAI/gpt-neox,issue_resolution_duration,https://oss.open-digger.cn/github/EleutherAI/gpt-neox/issue_resolution_duration.json,200,,7466,7894ca55156ec1b2f18546b44a493e63d917756e7a7dd1a022fd44df964fc780,1
EleutherAI/gpt-neox,issue_age,https://oss.open-digger.cn/github/EleutherAI/gpt-neox/issue_age.json,200,,9595,364e41303d269bfa909dd3205031b2331d116849dc8752febbdc0a49dcc44ea7,1
EleutherAI/gpt-neox,issues_new,https://oss.open-digger.cn/github/EleutherAI/gpt-neox/issues_new.json,200,,943,a2072cdf3ca867ad2f32bfa433d680152cf4e3b02bf4f093bab33c9164a3c0b6,1
EleutherAI/gpt-neox,contributors,https://oss.open-digger.cn/github/EleutherAI/gpt-neox/contributors.json,200,,936,573cb69c735041142777b416f8ec065ee2e7593c542fb823faeb60a1e6a71557,1
EleutherAI/gpt-neox,code_change_lines_sum,https://oss.open-digger.cn/github/EleutherAI/gpt-neox/code_change_lines_sum.json,200,,1173,0a8c84c1bff85bf3d184924ecb17dbde1f58328b911abcf076d84fb21340b0f8,1
EleutherAI/lm-evaluation-harness,issue_resolution_duration,https://oss.open-digger.cn/github/EleutherAI/lm-evaluation-harness/issue_resolution_duration.json,200,,9288,db3f73f3939bf763ebfef39b425e48a1bd1823ac5666f483ec73b5d3b10853fa,1
EleutherAI/lm-evaluation-harness,issue_age,https://oss.open-digger.cn/github/EleutherAI/lm-evaluation-harness/issue_age.json,200,,10154,c9ee6ff67db53cbe6916294516bc18f7743c0e62b269227063bccf76d583c1b9,1
EleutherAI/lm-evaluation-harness,issues_new,https://oss.open-digger.cn/github/EleutherAI/lm-evaluation-harness/issues_new.json,200,,1200,defb0eb6f09adf1ac13eba998156e1e6b7f1798488203574dd35cd959b9f5b45,1
EleutherAI/lm-evaluation-harness,contributors,https://oss.open-digger.cn/github/EleutherAI/lm-evaluation-harness/contributors.json,200,,1074,fa0dc10b42e9cb5b67153a8e7d949d4b0c5f5abfab2095a414c896886b2848a4,1
EleutherAI/lm-evaluation-harness,code_change_lines_sum,https://oss.open-digger.cn/github/EleutherAI/lm-evaluation-harness/code_change_lines_sum.json,200,,1354,dadeb78227537f0132ac99dc7d6be47ad6d5f51f6dcbab4324ce87e9bd82b6a8,1
elixir-lang/elixir,issue_resolution_duration,https://oss.open-digger.cn/github/elixir-lang/elixir/issue_resolution_duration.json,200,,18537,3d1ccc6f7da5229d9baa34a6ad6c8ecaa5f3eef7c51a584a9595e8e068fe9127,1
elixir-lang/elixir,issue_age,https://oss.open-digger.cn/github/elixir-lang/elixir/issue_age.json,200,,20443,f70b68d4b3648170da210e66c471be8b278b38fe4a66a360b2b5a9b4e4baa7ae,1
elixir-lang/elixir,issues_new,https://oss.open-digger.cn/github/elixir-lang/elixir/issues_new.json,200,,2504,2713732dbe54ccf54bd65d54f9675643aa38e24ea91d0a3bf9f527f367ffa4ff,1
elixir-lang/elixir,contributors,https://oss.open-digger.cn/github/elixir-lang/elixir/contributors.json,200,,2474,34b6468a69ba3ada8e9735cddb1b07c77793d04fffcaba0efba371c3951d1710,1
elixir-lang/elixir,code_change_lines_sum,https://oss.open-digger.cn/github/elixir-lang/elixir/code_change_lines_sum.json,200,,2878,2db409e511c05b45c6d95253a0375c61776716fe2531f7f0dffb8d37f13edf8d,1
elixir-mint/mint,issue_resolution_duration,https://oss.open-digger.cn/github/elixir-mint/mint/issue_resolution_duration.json,200,,8356,27c400a169039732286f6b7079f2313557754cbf116a2521846f732a9c257296,1
elixir-mint/mint,issue_age,https://oss.open-digger.cn/github/elixir-mint/mint/issue_age.json,200,,15010,e5b3fd814978e200e34a1b925209128eec2e646db1a0d3dbaa6bc4e5bb5a8125,1
elixir-mint/mint,issues_new,https://oss.open-digger.cn/github/elixir-mint/mint/issues_new.json,200,,1107,e1abf3bad60b52e0fe9fd01cb19ca1bb27922f2f74c07d2b14afce64ffa0f648,1
elixir-mint/mint,contributors,https://oss.open-digger.cn/github/elixir-mint/mint/contributors.json,200,,1307,83fa34891f425bb6499433a44eb56cbdc375ec3cb887d59c301f36ce2d6f011f,1
elixir-mint/mint,code_change_lines_sum,https://oss.open-digger.cn/github/elixir-mint/mint/code_change_lines_sum.json,200,,1551,0d8aa30a8feee001ef8aee6209a77239d088522257e9797a9a50b3d7173e3e97,1
ember-cli/ember-cli,issue_resolution_duration,https://oss.open-digger.cn/github/ember-cli/ember-cli/issue_resolution_duration.json,200,,17147,ee68ccb3df967c2539b41ce3a1d071ed482bcccc8900b82832179854b349a0e8,1
ember-cli/ember-cli,issue_age,https://oss.open-digger.cn/github/ember-cli/ember-cli/issue_age.json,200,,20733,f43a64523d5d2c8ce833012212cd8658578de3d0582ed25f9daf0aae735d8f3e,1
ember-cli/ember-cli,issues_new,https://oss.open-digger.cn/github/ember-cli/ember-cli/issues_new.json,200,,2258,6e8e41a37ad8dc7f96d0b1db68eefc4137491bb55d85009e869988d802c918ac,1
ember-cli/ember-cli,contributors,https://oss.open-digger.cn/github/ember-cli/ember-cli/contributors.json,200,,2220,cfa872316058aff8352c0016385d58bcbf9743797790897e0138cabf3817fef4,1
ember-cli/ember-cli,code_change_lines_sum,https://oss.open-digger.cn/github/ember-cli/ember-cli/code_change_lines_sum.json,200,,2655,b63ef6ac24d1e6c769b62e666214931df7bb41d9fa0543128127d6452751f7a2,1
emberjs/ember.js,issue_resolution_duration,https://oss.open-digger.cn/github/emberjs/ember.js/issue_resolution_duration.json,200,,18289,a01cb247a3c2a17e7be5b35de3d1aaf92392de187bee9662a37778f95b244dde,1
emberjs/ember.js,issue_age,https://oss.open-digger.cn/github/emberjs/ember.js/issue_age.json,200,,20767,9f5d56d840d0d0e859901f14f384eaf29d5bd2e975de344deb4644ff24ff9351,1
emberjs/ember.js,issues_new,https://oss.open-digger.cn/github/emberjs/ember.js/issues_new.json,200,,2347,0dd179d3f7c17b032c1d70c250278f41f166c60db5c34f7f2d2ed2c69885bfff,1
emberjs/ember.js,contributors,https://oss.open-digger.cn/github/emberjs/ember.js/contributors.json,200,,2377,883134185bcf914639876c54e095494cc6b6d9dfcf0d70c8d53b7a4d25c2c0bc,1
emberjs/ember.js,code_change_lines_sum,https://oss.open-digger.cn/github/emberjs/ember.js/code_change_lines_sum.json,200,,2925,389c0125782ac0b829e60543f5cf22b728122eba61f3ac33fb57f451c9a83cd7,1
ent/ent,issue_resolution_duration,https://oss.open-digger.cn/github/ent/ent/issue_resolution_duration.json,200,,10013,9b4acd5db68181d506ce99b73de5863ddb828070c903cbcfb5a239ec93356c3d,1
ent/ent,issue_age,https://oss.open-digger.cn/github/ent/ent/issue_age.json,200,,11878,d8963147bf1b9821825909f1709c6b4524b2dd938616c3b5af88043d61e55a76,1
ent/ent,issues_new,https://oss.open-digger.cn/github/ent/ent/issues_new.json,200,,1362,ddacb2e7ff26ddba54523ead419b254524eb338d0907d614b13dbd9cc6c6769b,1
ent/ent,contributors,https://oss.open-digger.cn/github/ent/ent/contributors.json,200,,1284,97d0b0def71e5d328b4433b524be3dad9f2087a2781c4d3b9df922dcf5ee8eb2,1
ent/ent,code_change_lines_sum,https://oss.open-digger.cn/github/ent/ent/code_change_lines_sum.json,200,,1680,fb4a204849c8507af3ea629c2c7ef05ee8ce091fa2ff0c0518880fb1daae3de6,1
envoyproxy/gateway,issue_resolution_duration,https://oss.open-digger.cn/github/envoyproxy/gateway/issue_resolution_duration.json,200,,6964,7438437d5d13c2a085ffdeb2825c41b242f6b39004d4d8f5eb4eb61dc717039e,1
envoyproxy/gateway,issue_age,https://oss.open-digger.cn/github/envoyproxy/gateway/issue_age.json,200,,7075,b30ad7ff3b7059b45da6501fc813ffde2ceca082ef2366044499fc535127d1e0,1
envoyproxy/gateway,issues_new,https://oss.open-digger.cn/github/envoyproxy/gateway/issues_new.json,200,,937,7e7c5a12666a6e58aa992e018ea37b1c87475d39108c766257a2fb44efb626f9,1
envoyproxy/gateway,contributors,https://oss.open-digger.cn/github/envoyproxy/gateway/contributors.json,200,,917,31a74628ebf6fed5932196c2e1c0f7ce15d432fded4ae615254637117cd5dd84,1
envoyproxy/gateway,code_change_lines_sum,https://oss.open-digger.cn/github/envoyproxy/gateway/code_change_lines_sum.json,200,,1178,fbd0e7452dbc61bb82d1bbaad026b5e6222870eab6e11cab6d797fb5f2edad54,1
eosphoros-ai/DB-GPT,issue_resolution_duration,https://oss.open-digger.cn/github/eosphoros-ai/DB-GPT/issue_resolution_duration.json,200,,4941,35dbd452fbbe738a1778199e42eaba0987d82452d8d059661e47cd352f964051,1
eosphoros-ai/DB-GPT,issue_age,https://oss.open-digger.cn/github/eosphoros-ai/DB-GPT/issue_age.json,200,,5255,b2dcaf6203e1b0d4584596cdaf5d4f16278017631df6b4b25244cd6b15bb705d,1
eosphoros-ai/DB-GPT,issues_new,https://oss.open-digger.cn/github/eosphoros-ai/DB-GPT/issues_new.json,200,,721,527141e5daeff56c3a825e57deb1c837b4c6c3626f3b045d2c374b730e7f82b4,1
eosphoros-ai/DB-GPT,contributors,https://oss.open-digger.cn/github/eosphoros-ai/DB-GPT/contributors.json,200,,711,cdc03356c7d6b57d388fbb5ce51357ad678411afd2c25032671fa030b7a5c55e,1
eosphoros-ai/DB-GPT,code_change_lines_sum,https://oss.open-digger.cn/github/eosphoros-ai/DB-GPT/code_change_lines_sum.json,200,,924,2d2bdc8a4135171a3bcee58c08ec5171c40c8eb31001fc3193490f97d4163f65,1
erlang/otp,issue_resolution_duration,https://oss.open-digger.cn/github/erlang/otp/issue_resolution_duration.json,200,,15978,d0a4d324f80783635cfa36a9950b71527cc2961b40f9bfcb9b58fba37e3d6cde,1
erlang/otp,issue_age,https://oss.open-digger.cn/github/erlang/otp/issue_age.json,200,,9417,5cb3b69910c424cf82501472333fec397fb07a195eca872e6c08680e4be98d8e,1
erlang/otp,issues_new,https://oss.open-digger.cn/github/erlang/otp/issues_new.json,200,,1941,09cbf970ade43519c006f166727381cfd015259a2779315a520e5a7fba8773f7,1
erlang/otp,contributors,https://oss.open-digger.cn/github/erlang/otp/contributors.json,200,,2484,841b20f8d68f15750f63e05646831c2783d210d00be328f4315ad4507badad93,1
erlang/otp,code_change_lines_sum,https://oss.open-digger.cn/github/erlang/otp/code_change_lines_sum.json,200,,2993,c089bc30db039638e4803c705e83c35e5bbbcd217847f562c27fd7fe211db64c,1
errbit/errbit,issue_resolution_duration,https://oss.open-digger.cn/github/errbit/errbit/issue_resolution_duration.json,200,,10211,094207a9c44c0498564a16f77137979d75146a0bcdb044ccdc8e84c4deb94812,1
errbit/errbit,issue_age,https://oss.open-digger.cn/github/errbit/errbit/issue_age.json,200,,20795,24b4a689781734c44ba0cf42cfed8e0eceb1a2de5f8c27923cb01d124f3378c6,1
errbit/errbit,issues_new,https://oss.open-digger.cn/github/errbit/errbit/issues_new.json,200,,1517,ac7b80c94095898dfe09f7efb1ef11f3ed28b379f68d4e475d8f0553838f731a,1
errbit/errbit,contributors,https://oss.open-digger.cn/github/errbit/errbit/contributors.json,200,,1608,d3bba7d56aa41fe710af7c86beea183c32f09a9bb8f2e40612c2a2867b2bc36a,1
errbit/errbit,code_change_lines_sum,https://oss.open-digger.cn/github/errbit/errbit/code_change_lines_sum.json,200,,2129,18d7cd477435b29e1968de6eccec93945330011f8dd56618394768001f6ff88a,1
eslint/eslint,issue_resolution_duration,https://oss.open-digger.cn/github/eslint/eslint/issue_resolution_duration.json,200,,19309,2c5b8962fc1ab73ad271b82096fabbcb56cc4990091116d4ed86c5533669706d,1
eslint/eslint,issue_age,https://oss.open-digger.cn/github/eslint/eslint/issue_age.json,200,,20867,9383c0316d3f889a236f571932d259664b35bfb2e379c56f6978da7abc49deb3,1
eslint/eslint,issues_new,https://oss.open-digger.cn/github/eslint/eslint/issues_new.json,200,,2558,c51582aa2c9c84b4885307a305a544c81a45a6f7003678c082b5a387ce1b70d0,1
eslint/eslint,contributors,https://oss.open-digger.cn/github/eslint/eslint/contributors.json,200,,2498,9674e29e212827eb44b4d931991449a5ec31ebbdaee797b01eac4904f52ad743,1
eslint/eslint,code_change_lines_sum,https://oss.open-digger.cn/github/eslint/eslint/code_change_lines_sum.json,200,,2992,caa10ddf076cece0254234ba476f19d6a46666589fe22fc367a223afb7c4d811,1
esp8266/Arduino,issue_resolution_duration,https://oss.open-digger.cn/github/esp8266/Arduino/issue_resolution_duration.json,200,,18021,d537e65bb4c64da85de7098985ebd05750136ea3ee7b0f6bfe1201f48ce7cffb,1
esp8266/Arduino,issue_age,https://oss.open-digger.cn/github/esp8266/Arduino/issue_age.json,200,,20686,67c5b1853bf1abeeeab25ef5cc67512fe6a885245c3bb4e42af71abc5eb31ffe,1
esp8266/Arduino,issues_new,https://oss.open-digger.cn/github/esp8266/Arduino/issues_new.json,200,,2336,61f8e382ef1d452648c31557d0c0c614e35cbf234fb39f129ef1388426c9acf1,1
esp8266/Arduino,contributors,https://oss.open-digger.cn/github/esp8266/Arduino/contributors.json,200,,2029,309e510f09ff9873a376be3a4ed82135b70ef20c7bcd18200adbb1648af063a4,1
esp8266/Arduino,code_change_lines_sum,https://oss.open-digger.cn/github/esp8266/Arduino/code_change_lines_sum.json,200,,2627,98cf8a605139fb8222e60e2fc324a633a7d745921bd6ca8c0a35535c50eca3c6,1
espressif/esp-idf,issue_resolution_duration,https://oss.open-digger.cn/github/espressif/esp-idf/issue_resolution_duration.json,200,,17217,b63db682cf2a401f9a2fd6c9c5acad5afe778c73c0f44bfb18d9b720981cac7e,1
espressif/esp-idf,issue_age,https://oss.open-digger.cn/github/espressif/esp-idf/issue_age.json,200,,17893,420cde198ee517c940ef38578f959b06c5144019c4c10d663927401c5a9b226b,1
espressif/esp-idf,issues_new,https://oss.open-digger.cn/github/espressif/esp-idf/issues_new.json,200,,2299,73a45b4b0e216dd6c3398ae89746dc95d27222096187f5bb935a2d37d6a3b0e6,1
espressif/esp-idf,contributors,https://oss.open-digger.cn/github/espressif/esp-idf/contributors.json,200,,1675,2c344b88338e8c37e14a4871cbd79b39a9a1364b9c414df1cbdd4533eab6c22f,1
espressif/esp-idf,code_change_lines_sum,https://oss.open-digger.cn/github/espressif/esp-idf/code_change_lines_sum.json,200,,2586,41cadc3bc6c30230031306be17e5be302125d769475417986f60680966ad9ef9,1
EstrellaXD/Auto_Bangumi,issue_resolution_duration,https://oss.open-digger.cn/github/EstrellaXD/Auto_Bangumi/issue_resolution_duration.json,200,,5752,c61ec1337870c0fe22674aa2f289102cffbaec81523efc5e3e81015333addb94,1
EstrellaXD/Auto_Bangumi,issue_age,https://oss.open-digger.cn/github/EstrellaXD/Auto_Bangumi/issue_age.json,200,,6987,81b7962f32ff90d5c2d521912383e61efb1e61d8a18a3392ec9adf8505405a60,1
EstrellaXD/Auto_Bangumi,issues_new,https://oss.open-digger.cn/github/EstrellaXD/Auto_Bangumi/issues_new.json,200,,794,e925a1705a5de562ecad9966beff785b9d81f2aa252f48ef4e6c6bcf9aafefe4,1
EstrellaXD/Auto_Bangumi,contributors,https://oss.open-digger.cn/github/EstrellaXD/Auto_Bangumi/contributors.json,200,,383,153d3c079b84d44090a6404197207ed07667664f9c29f5561ab9a73a720516ce,1
EstrellaXD/Auto_Bangumi,code_change_lines_sum,https://oss.open-digger.cn/github/EstrellaXD/Auto_Bangumi/code_change_lines_sum.json,200,,708,f5dd39245821b0891e09e31a7dd148d19880b46bbeceb2a5e03f094b037cf38f,1
ethereum/go-ethereum,issue_resolution_duration,https://oss.open-digger.cn/github/ethereum/go-ethereum/issue_resolution_duration.json,200,,19403,a1c772b150eb9f30533e635d4fe8d7555b8e2ff3667fdbe62340f657fd298c4f,1
ethereum/go-ethereum,issue_age,https://oss.open-digger.cn/github/ethereum/go-ethereum/issue_age.json,200,,20859,c1ff37a3eb30b95129125de73d99d6ba8a8562a899d9be25ddb614160e4e42ce,1
ethereum/go-ethereum,issues_new,https://oss.open-digger.cn/github/ethereum/go-ethereum/issues_new.json,200,,2561,e24f9b535bd658f071a13e3933454fd66a416608769846f533fb1155fa18f94f,1
ethereum/go-ethereum,contributors,https://oss.open-digger.cn/github/ethereum/go-ethereum/contributors.json,200,,2505,62809a5e971ada0da28d7ddc7a5832760c85b361198c2d25a8120190fa21895c,1
ethereum/go-ethereum,code_change_lines_sum,https://oss.open-digger.cn/github/ethereum/go-ethereum/code_change_lines_sum.json,200,,3153,32cb217958b9e6547ca5bb7f60323fd3c9aa50ab94e62d0c122d6f6ce23af156,1
eunomia-bpf/wasm-bpf,issue_resolution_duration,https://oss.open-digger.cn/github/eunomia-bpf/wasm-bpf/issue_resolution_duration.json,200,,1318,a8e723148b6efc2b9862a7e7a5d00e35705c0e415a9a3c37f01e60b1b691e43c,1
eunomia-bpf/wasm-bpf,issue_age,https://oss.open-digger.cn/github/eunomia-bpf/wasm-bpf/issue_age.json,200,,5687,507149eecc08f1428a6a1a23900d07b2cb77fe000583ab1b8d0bb509fa22e80c,1
eunomia-bpf/wasm-bpf,issues_new,https://oss.open-digger.cn/github/eunomia-bpf/wasm-bpf/issues_new.json,200,,184,e3c83844da91b72146f15a382ed3ed98616c7ea472e258e1685019e3e767e8c7,1
eunomia-bpf/wasm-bpf,contributors,https://oss.open-digger.cn/github/eunomia-bpf/wasm-bpf/contributors.json,200,,207,833763704f05cdfa3f80bc369845ab61953ed683a7475e454f147c5a979c4340,1
eunomia-bpf/wasm-bpf,code_change_lines_sum,https://oss.open-digger.cn/github/eunomia-bpf/wasm-bpf/code_change_lines_sum.json,200,,212,357ff0ac0894f90e99b8eebdc60db5fed4a66530aeb2bf0763cf3e627b2581fd,1
evanw/esbuild,issue_resolution_duration,https://oss.open-digger.cn/github/evanw/esbuild/issue_resolution_duration.json,200,,10482,850dd73a4953047a2c214c609fb4936fe971e386dd7e5ef2e0ef05f5afa0795f,1
evanw/esbuild,issue_age,https://oss.open-digger.cn/github/evanw/esbuild/issue_age.json,200,,11287,6b79f1e854020d48ee4b6deb3e8d11daca13e1dc98e18e47831c686e1e312111,1
evanw/esbuild,issues_new,https://oss.open-digger.cn/github/evanw/esbuild/issues_new.json,200,,1430,86746d83e51a76d74cbd830b8047ec43345ed416aeaacfb63832d4401731bbf9,1
evanw/esbuild,contributors,https://oss.open-digger.cn/github/evanw/esbuild/contributors.json,200,,1040,d5996b7b110f4ac1897833777b7a9dd02ed886cba62e466160343b464cab09e2,1
evanw/esbuild,code_change_lines_sum,https://oss.open-digger.cn/github/evanw/esbuild/code_change_lines_sum.json,200,,1490,f5e72615575402630042ea008016d097a89ae74be0dd97774951c67698216bb1,1
evidentlyai/evidently,issue_resolution_duration,https://oss.open-digger.cn/github/evidentlyai/evidently/issue_resolution_duration.json,200,,7830,e366c81472f7a6bbc2e4ddbec41e951e6af3217a90fa46056f979b345dc01524,1
evidentlyai/evidently,issue_age,https://oss.open-digger.cn/github/evidentlyai/evidently/issue_age.json,200,,9375,599af214f4a0aa1b6a71148e3da99d1441966c12535fd974fd7153496a64375a,1
evidentlyai/evidently,issues_new,https://oss.open-digger.cn/github/evidentlyai/evidently/issues_new.json,200,,1116,b9ffd2c0edd3be7da3199b7c319cdb327107669614c20846df992de555d0291d,1
evidentlyai/evidently,contributors,https://oss.open-digger.cn/github/evidentlyai/evidently/contributors.json,200,,970,bfc9a91051ccfe818ee017449503b69c666adcd91b1bffb3d9a7015f3f5466a5,1
evidentlyai/evidently,code_change_lines_sum,https://oss.open-digger.cn/github/evidentlyai/evidently/code_change_lines_sum.json,200,,1213,f907c9832e47cfea6d2970294b4a5e05e1133f9dd3f11cdb35ac6bb8b377daa6,1
explosion/thinc,issue_resolution_duration,https://oss.open-digger.cn/github/explosion/thinc/issue_resolution_duration.json,200,,9950,0bc86da07b316eea353d17080e98c9993f9e0f152aef10238435a7f6f5e263fc,1
explosion/thinc,issue_age,https://oss.open-digger.cn/github/explosion/thinc/issue_age.json,200,,18331,541c7b88e75f409c02ac72d0630f0cf1d38c478f530cc638e5fd61e5da748355,1
explosion/thinc,issues_new,https://oss.open-digger.cn/github/explosion/thinc/issues_new.json,200,,1370,e61b84d939ba020e84d769ee478b18bd1a0ae0f9490100903a6ae1e5f1dde69a,1
explosion/thinc,contributors,https://oss.open-digger.cn/github/explosion/thinc/contributors.json,200,,1403,480eddd06e5eb75a348d8807a0f1bc8fa88fa7c612e1b0f3aaad9891f643f4bd,1
explosion/thinc,code_change_lines_sum,https://oss.open-digger.cn/github/explosion/thinc/code_change_lines_sum.json,200,,1754,18a56f64ce873835b4e2df61da0c01bb0b683a44c60a36ec77043e3b758ea43f,1
expressjs/express,issue_resolution_duration,https://oss.open-digger.cn/github/expressjs/express/issue_resolution_duration.json,200,,18652,cb1313700fd4ed312184a71c81b3f0c004151be9e30f50f5acc7680c069c38aa,1
expressjs/express,issue_age,https://oss.open-digger.cn/github/expressjs/express/issue_age.json,200,,20737,9c7a37f83aa84040e8d89711dfab010adb3ebe7003775eedc76e6c831c5dcf10,1
expressjs/express,issues_new,https://oss.open-digger.cn/github/expressjs/express/issues_new.json,200,,2467,c13406dd75e7435ba6e6784a711f66b5484b7a92d3509d1ec369487e88658ac8,1
expressjs/express,contributors,https://oss.open-digger.cn/github/expressjs/express/contributors.json,200,,1084,b9061be8d26818cc3a925105cc97d239df9745e94c42c85ac7f28608276ec23e,1
expressjs/express,code_change_lines_sum,https://oss.open-digger.cn/github/expressjs/express/code_change_lines_sum.json,200,,2693,35a6348fea595990cef2aad24cd144d1ff73018f10b0f08e75b150abb684c9cd,1
fabric/fabric,issue_resolution_duration,https://oss.open-digger.cn/github/fabric/fabric/issue_resolution_duration.json,200,,15303,a1e02ff31830cf20bef97d7d97acfa3df9793356d2b4eb3ba8051241625d719e,1
fabric/fabric,issue_age,https://oss.open-digger.cn/github/fabric/fabric/issue_age.json,200,,20833,029c3b4a70c82c4f3ecea203fb21c4ccf270bec9b58ec1bea3bbb803861fd709,1
fabric/fabric,issues_new,https://oss.open-digger.cn/github/fabric/fabric/issues_new.json,200,,2228,2f2f1ecddf33089af215196b88280e52a2629e380183d012853feb441f98eec7,1
fabric/fabric,contributors,https://oss.open-digger.cn/github/fabric/fabric/contributors.json,200,,471,cf35c8eeb5a10c05eff06972cd57cb89be5d28c033fb825a56db4bfc73a7c0df,1
fabric/fabric,code_change_lines_sum,https://oss.open-digger.cn/github/fabric/fabric/code_change_lines_sum.json,200,,1860,45bda86e8b0152ce278e664a68c21111309f911884c4c50bbe0ddc1dd15cff6b,1
facebook/facebook-ios-sdk,issue_resolution_duration,https://oss.open-digger.cn/github/facebook/facebook-ios-sdk/issue_resolution_duration.json,200,,9987,2f7f3cebbeb9217d704b427973bbce75d527024e7fded06f8dd2fb6a14e3c88b,1
facebook/facebook-ios-sdk,issue_age,https://oss.open-digger.cn/github/facebook/facebook-ios-sdk/issue_age.json,200,,12568,a283f7ec7372be4addae2c1c94e76dcb8a47c5d612a9cd3dc7e6510bf247759c,1
facebook/facebook-ios-sdk,issues_new,https://oss.open-digger.cn/github/facebook/facebook-ios-sdk/issues_new.json,200,,1579,742c0a905d80ac86a74d0de1560e38db050b7c2c790f046d8f9632e593582633,1
facebook/facebook-ios-sdk,contributors,https://oss.open-digger.cn/github/facebook/facebook-ios-sdk/contributors.json,200,,465,68e40c81dd53deadff5e9c73ff650cb166b4270e69cd3b99241ea9acb2d8d286,1
facebook/facebook-ios-sdk,code_change_lines_sum,https://oss.open-digger.cn/github/facebook/facebook-ios-sdk/code_change_lines_sum.json,200,,2444,6b1fd9aa90f7ac3992b6f205e953743339972a8d6e7994dfe07bd1964e340de3,1
facebook/flow,issue_resolution_duration,https://oss.open-digger.cn/github/facebook/flow/issue_resolution_duration.json,200,,18731,ae349d799e16f57df6d04dee0a000bbca0b44d42f5fb04d3fccef291bd41431d,1
facebook/flow,issue_age,https://oss.open-digger.cn/github/facebook/flow/issue_age.json,200,,21048,07f9879358df119364372f86023af6e10d6a38b4fa058e446d9539cc962470e8,1
facebook/flow,issues_new,https://oss.open-digger.cn/github/facebook/flow/issues_new.json,200,,2428,5b0997e855c712cd14a8d8856c047c0ae9b58ad3832873acea7c765b4006c00f,1
facebook/flow,contributors,https://oss.open-digger.cn/github/facebook/flow/contributors.json,200,,560,dc74a576e50fc03d49f639fdfcbdc5b587aa7f2c3aba4e7d2f65bf3e23de42c9,1
facebook/flow,code_change_lines_sum,https://oss.open-digger.cn/github/facebook/flow/code_change_lines_sum.json,200,,2810,4b0488259251bbc43674a01498c9e1ec3047e5871dd6d07e5483a0a77b947d1e,1
facebook/folly,issue_resolution_duration,https://oss.open-digger.cn/github/facebook/folly/issue_resolution_duration.json,200,,18539,3cc5459b14e2caa2585893c0e2a378dfde9518f6519f4ea25587fabff3c7b14e,1
facebook/folly,issue_age,https://oss.open-digger.cn/github/facebook/folly/issue_age.json,200,,20574,0200b6c8e2294a4d5378940a07f99668a9f8b77e252ab889bf5906b722baf90e,1
facebook/folly,issues_new,https://oss.open-digger.cn/github/facebook/folly/issues_new.json,200,,2366,747c1fbd783b324e631c6cf13c0a5500274a11669a7747bd57f12db06fd6a729,1
facebook/folly,contributors,https://oss.open-digger.cn/github/facebook/folly/contributors.json,200,,242,b2512b082d3b28f3388dc551d83102ba2c1059bc8b635b36e59d2b7477cc9e6e,1
facebook/folly,code_change_lines_sum,https://oss.open-digger.cn/github/facebook/folly/code_change_lines_sum.json,200,,2604,534427a21dac9b911f506244a2b3a8ece47b110aeba0f791b0c80beee4f8ccb3,1
facebook/fresco,issue_resolution_duration,https://oss.open-digger.cn/github/facebook/fresco/issue_resolution_duration.json,200,,14576,f35e1d8186211270be3ceff0498836457e64083b40c94e192f7309c2b7421abb,1
facebook/fresco,issue_age,https://oss.open-digger.cn/github/facebook/fresco/issue_age.json,200,,20428,8d0ba50c49fff525b5239fbcc06ca79118e278502280955ccc97cf91d28bc83b,1
facebook/fresco,issues_new,https://oss.open-digger.cn/github/facebook/fresco/issues_new.json,200,,2237,db3f672e01debe9322f975eb5ccb9cec7d4b59f39cccada4ceb07a9c924c1ff1,1
facebook/fresco,contributors,https://oss.open-digger.cn/github/facebook/fresco/contributors.json,200,,385,73340552e134302bca64de86766d57fa34e25c71f96c851a77dce728946e5612,1
facebook/fresco,code_change_lines_sum,https://oss.open-digger.cn/github/facebook/fresco/code_change_lines_sum.json,200,,1967,3761a832c041928e8e8ab20c21920c2d78ae5d01e6f77bcd22eeb7b1ef55f1c4,1
facebook/hhvm,issue_resolution_duration,https://oss.open-digger.cn/github/facebook/hhvm/issue_resolution_duration.json,200,,16746,f6e263247d592600a478f8ef11c9c9e7ae9a5110cb9ab8045ee53c7f7b62ba2d,1
facebook/hhvm,issue_age,https://oss.open-digger.cn/github/facebook/hhvm/issue_age.json,200,,21089,4188d183bdcd866035b7a8fc8e738aca5d6ab6cd27ecc7e9db3f0d54c4c3071e,1
facebook/hhvm,issues_new,https://oss.open-digger.cn/github/facebook/hhvm/issues_new.json,200,,2152,4fb84ce3ad31c3bbb136ac5a56264ec5083343cb14163f4721406fc932cdacef,1
facebook/hhvm,contributors,https://oss.open-digger.cn/github/facebook/hhvm/contributors.json,200,,443,84f779e95e7a91a40038a132be7fb621ad6ef0ba311b9ac80df6f68e68d99bab,1
facebook/hhvm,code_change_lines_sum,https://oss.open-digger.cn/github/facebook/hhvm/code_change_lines_sum.json,200,,2766,e18ecfb335f1e45efbb963a6c4c4ea80f61a0405197c3b44c03bc3c23040c121,1
facebook/relay,issue_resolution_duration,https://oss.open-digger.cn/github/facebook/relay/issue_resolution_duration.json,200,,16937,25938e8d5d1b94537064fadf0ad967e5dde8c32f0a238ce23f299d49b538c599,1
facebook/relay,issue_age,https://oss.open-digger.cn/github/facebook/relay/issue_age.json,200,,19550,2485ae728f52d9170a238be4142a8db9ae83df600fe3f35e235409f663f7306c,1
facebook/relay,issues_new,https://oss.open-digger.cn/github/facebook/relay/issues_new.json,200,,2271,38b8923b8eb50c26b72e06038b7639f5d35d48d50355f84021491c05272cc40e,1
facebook/relay,contributors,https://oss.open-digger.cn/github/facebook/relay/contributors.json,200,,263,f855bd1b5f1317d2b73ca0750385435e209e326ad3bd2af46e5759791b04e0c2,1
facebook/relay,code_change_lines_sum,https://oss.open-digger.cn/github/facebook/relay/code_change_lines_sum.json,200,,2741,b6d84711a1bed6eb1b170db11ee993be006346598ca68e1fd72e8853b22293ee,1
facebook/rocksdb,issue_resolution_duration,https://oss.open-digger.cn/github/facebook/rocksdb/issue_resolution_duration.json,200,,18914,c33e3214c42d61d55ec46b6495146ab453120b7d21cd9ca2987653c9638d3b7a,1
facebook/rocksdb,issue_age,https://oss.open-digger.cn/github/facebook/rocksdb/issue_age.json,200,,20663,50145e5ebb39f0a2d583b3e784abb7f927d4032853cf7264e0a0166d443c47f5,1
facebook/rocksdb,issues_new,https://oss.open-digger.cn/github/facebook/rocksdb/issues_new.json,200,,2489,fb57c53a01c55f448436155072ae2a0dacde0ddd84d95334a4e40511a7b5ea48,1
facebook/rocksdb,contributors,https://oss.open-digger.cn/github/facebook/rocksdb/contributors.json,200,,1222,4bfa827ebf3e2348c5b020dd83d8bcb1c9c77be15f54236d8b0315dc85876248,1
facebook/rocksdb,code_change_lines_sum,https://oss.open-digger.cn/github/facebook/rocksdb/code_change_lines_sum.json,200,,3030,6c8e22f5c4d7eb4d74e1ded2cf184f94ea11bab78992d886a6d6d2a30ad6734e,1
facebookresearch/fairscale,issue_resolution_duration,https://oss.open-digger.cn/github/facebookresearch/fairscale/issue_resolution_duration.json,200,,5959,9bd21a3e38145c3cfe9ed9aae4f1cea018373eb40d470d1866b9f1c837c828f6,1
facebookresearch/fairscale,issue_age,https://oss.open-digger.cn/github/facebookresearch/fairscale/issue_age.json,200,,10434,4f2265b6b0a9276f1e9e055ac705def9d567cc44abfeaff359942e9ddf464426,1
facebookresearch/fairscale,issues_new,https://oss.open-digger.cn/github/facebookresearch/fairscale/issues_new.json,200,,918,ba7fafcb1ab359d9caffd291ff8ddcd9246a995d0d28bae0692120fdd1011fa3,1
facebookresearch/fairscale,contributors,https://oss.open-digger.cn/github/facebookresearch/fairscale/contributors.json,200,,764,87c7a9bda35cb9e73cb04d28d8f2b7d707c0925943616789124b50339e11ae8e,1
facebookresearch/fairscale,code_change_lines_sum,https://oss.open-digger.cn/github/facebookresearch/fairscale/code_change_lines_sum.json,200,,1003,76f88f8dcd85dac44b3c28f3fc44c1566c199d47677b2ae056c4cf47e0a2a2cd,1
falconry/falcon,issue_resolution_duration,https://oss.open-digger.cn/github/falconry/falcon/issue_resolution_duration.json,200,,17840,674ad5ce4020b98df06cacf1ad951c3dfbf92aaa815517e9edda115b5a0e1e3d,1
falconry/falcon,issue_age,https://oss.open-digger.cn/github/falconry/falcon/issue_age.json,200,,20755,e97053a2fae1bd1d69c564539bfe83b5315f945a2e8d5acc5142eeb1a0a68c55,1
falconry/falcon,issues_new,https://oss.open-digger.cn/github/falconry/falcon/issues_new.json,200,,2225,76feb17bf2ce0390a904c67d36ab06be9cef88540ed1993efdf042a0a531bf8d,1
falconry/falcon,contributors,https://oss.open-digger.cn/github/falconry/falcon/contributors.json,200,,2116,9d0f61d6665da3e896176447f8285161b70131f9beebb653c95ff7d0cab7499b,1
falconry/falcon,code_change_lines_sum,https://oss.open-digger.cn/github/falconry/falcon/code_change_lines_sum.json,200,,2688,ebb879a0489c1e02b3bba087990835401f4628d5fd1b835df9124d288673b682,1
farm-fe/farm,issue_resolution_duration,https://oss.open-digger.cn/github/farm-fe/farm/issue_resolution_duration.json,200,,5016,9bc11b66468dc0753582afdee385c95a201ae8a492af9357962843c4c866756e,1
farm-fe/farm,issue_age,https://oss.open-digger.cn/github/farm-fe/farm/issue_age.json,200,,6583,a4b144a649cc69ee5c749f683adf17e90bf18350e97e9854b4f1f0458bd9d78c,1
farm-fe/farm,issues_new,https://oss.open-digger.cn/github/farm-fe/farm/issues_new.json,200,,637,1660ca0dca65e2b9ee79826d239e8fc1677e24925b1a188e3eb3491d00b25b76,1
farm-fe/farm,contributors,https://oss.open-digger.cn/github/farm-fe/farm/contributors.json,200,,651,356ceb3dc4c769864a009d4850bcb58b65401f0ae6f826c58b95ae1fb8fcdcae,1
farm-fe/farm,code_change_lines_sum,https://oss.open-digger.cn/github/farm-fe/farm/code_change_lines_sum.json,200,,842,d04f6886be3c4d335b2e887824c20475dc8e6ce3aa5d2d8b8db9df09bd100ffb,1
fasiondog/hikyuu,issue_resolution_duration,https://oss.open-digger.cn/github/fasiondog/hikyuu/issue_resolution_duration.json,200,,8894,5676b653dd4240325b7181d4016ca5ba578f39c35cbfe378e60739dd76c86e25,1
fasiondog/hikyuu,issue_age,https://oss.open-digger.cn/github/fasiondog/hikyuu/issue_age.json,200,,14395,3d05d0743d1ec67c37c65649481e6fec2ed6ac7d38bdee56b80dab3a667bd85a,1
fasiondog/hikyuu,issues_new,https://oss.open-digger.cn/github/fasiondog/hikyuu/issues_new.json,200,,1077,04db983dc6c6c3c778897e18d6fcf21d9f98742dfe1b91702f021162b7a4114b,1
fasiondog/hikyuu,contributors,https://oss.open-digger.cn/github/fasiondog/hikyuu/contributors.json,200,,740,b8d9dfbcb6c35a0e5165942f2a9c85c3f5e6f199c7a5c5d63c544149f3e86c96,1
fasiondog/hikyuu,code_change_lines_sum,https://oss.open-digger.cn/github/fasiondog/hikyuu/code_change_lines_sum.json,200,,872,f205113f80c58a9cf1bbae19e4a75610ab4509a7725c77e8fb8de30bdace0798,1
fastlane/fastlane,issue_resolution_duration,https://oss.open-digger.cn/github/fastlane/fastlane/issue_resolution_duration.json,200,,19301,c71230362b77d432b368146ec523c4a3d4c51908a1bf61401087af1333882904,1
fastlane/fastlane,issue_age,https://oss.open-digger.cn/github/fastlane/fastlane/issue_age.json,200,,20836,d8a64c6c3cd8347db8b0109e523ff866b789879f9b17270b1a1a220349cb3c93,1
fastlane/fastlane,issues_new,https://oss.open-digger.cn/github/fastlane/fastlane/issues_new.json,200,,2569,609142eb7c6e4028a29d61912efe9535856ad3e25f3ef44d02f206e964f59af2,1
fastlane/fastlane,contributors,https://oss.open-digger.cn/github/fastlane/fastlane/contributors.json,200,,2363,ce6e457ed65395770ee9dedf54256872964bea61b1957f35b70111126744de3a,1
fastlane/fastlane,code_change_lines_sum,https://oss.open-digger.cn/github/fastlane/fastlane/code_change_lines_sum.json,200,,2890,179b43dc13aa829737aec8b5b9857e6ad95b5cd512d9ece30a9d024db1002bdb,1
fatih/vim-go,issue_resolution_duration,https://oss.open-digger.cn/github/fatih/vim-go/issue_resolution_duration.json,200,,17681,7e2020f9a298f88d5799779514b991037938f2c6c29e12c56071c8b53728cdcc,1
fatih/vim-go,issue_age,https://oss.open-digger.cn/github/fatih/vim-go/issue_age.json,200,,20378,c470016cdc8a07d8075df2bece28eb53fffab8069e0419d79abd4a0a92a6e163,1
fatih/vim-go,issues_new,https://oss.open-digger.cn/github/fatih/vim-go/issues_new.json,200,,2305,bd24b4723ccca440413f84a8004ec5ec594fd408824b1faa5ad0e9d09f82bd39,1
fatih/vim-go,contributors,https://oss.open-digger.cn/github/fatih/vim-go/contributors.json,200,,2091,c7f94f8c5f6035ff7ac0dafd8346da4417d44dec9c5b34914b992331544e1c24,1
fatih/vim-go,code_change_lines_sum,https://oss.open-digger.cn/github/fatih/vim-go/code_change_lines_sum.json,200,,2362,5951d471f816df934436ecadb31dbff0e0a5d9ab3301759a1df65a546bbcba97,1
feathersjs/feathers,issue_resolution_duration,https://oss.open-digger.cn/github/feathersjs/feathers/issue_resolution_duration.json,200,,16872,8e3c29007599aa9f99cb4661d65a8bc90aadf8b6868058601b5b0793c1052781,1
feathersjs/feathers,issue_age,https://oss.open-digger.cn/github/feathersjs/feathers/issue_age.json,200,,20304,d4ef8eccba5fb6096d386ae36b85414da6b02fbbf1f6edbcda45f30e6041c163,1
feathersjs/feathers,issues_new,https://oss.open-digger.cn/github/feathersjs/feathers/issues_new.json,200,,2263,676476c651955bc4f720d15accc3b63a1ddce04d84fb2871683465b3eea5c546,1
feathersjs/feathers,contributors,https://oss.open-digger.cn/github/feathersjs/feathers/contributors.json,200,,2068,6ae5ce17b2b93d6062058fc8246e961550c517fafa22b74db8b99ba581bd4dca,1
feathersjs/feathers,code_change_lines_sum,https://oss.open-digger.cn/github/feathersjs/feathers/code_change_lines_sum.json,200,,2722,4b58787f3ead15108181c46ccbf3e7e88893d55ced406acc31e26e8940b85775,1
FISCO-BCOS/FISCO-BCOS,issue_resolution_duration,https://oss.open-digger.cn/github/FISCO-BCOS/FISCO-BCOS/issue_resolution_duration.json,200,,12485,5df2dd97b38336b25cbb9564e06ebbf1b612148d5157730a5741b8e26dbb0373,1
FISCO-BCOS/FISCO-BCOS,issue_age,https://oss.open-digger.cn/github/FISCO-BCOS/FISCO-BCOS/issue_age.json,200,,14722,f849786338bc873300697da10a86b12fe86b6c0f689bb985a0952a1fc5c8aea4,1
FISCO-BCOS/FISCO-BCOS,issues_new,https://oss.open-digger.cn/github/FISCO-BCOS/FISCO-BCOS/issues_new.json,200,,1674,e6351c2a03376a8bc38e5936befc00b6c170d9966fdcc0506898a1b79f845cdd,1
FISCO-BCOS/FISCO-BCOS,contributors,https://oss.open-digger.cn/github/FISCO-BCOS/FISCO-BCOS/contributors.json,200,,1659,df9c7331b24776f66c0134aee38a11963ee5e9cbedd3f687d1751be6925778c8,1
FISCO-BCOS/FISCO-BCOS,code_change_lines_sum,https://oss.open-digger.cn/github/FISCO-BCOS/FISCO-BCOS/code_change_lines_sum.json,200,,2202,81e540729a8a8a35e8c0e781a4da1bb1da27c124b40ea2bc02ad807b11df07c6,1
fish-shell/fish-shell,issue_resolution_duration,https://oss.open-digger.cn/github/fish-shell/fish-shell/issue_resolution_duration.json,200,,19116,9b4462749f22eb95c88e9fd944453d90db91de8bb80cc8b5df2d242296178d39,1
fish-shell/fish-shell,issue_age,https://oss.open-digger.cn/github/fish-shell/fish-shell/issue_age.json,200,,20963,d69e2a20095ac3ee9c6e178db8a6f251f745c4fb30e59c317ec11b44c73e3b9f,1
fish-shell/fish-shell,issues_new,https://oss.open-digger.cn/github/fish-shell/fish-shell/issues_new.json,200,,2529,f359f20d471f8d666fdd163dfc07fcf03f447839e323e3c51fa580d72922a4e7,1
fish-shell/fish-shell,contributors,https://oss.open-digger.cn/github/fish-shell/fish-shell/contributors.json,200,,2344,098587d6163c6659ba24775fca629bae289fa2fb01d7ba2cd5dad410301dca92,1
fish-shell/fish-shell,code_change_lines_sum,https://oss.open-digger.cn/github/fish-shell/fish-shell/code_change_lines_sum.json,200,,2893,dd093afd4a9abff41c27efd2a030180676e5b3cfa49bb70ac18605f3567c631d,1
flot/flot,issue_resolution_duration,https://oss.open-digger.cn/github/flot/flot/issue_resolution_duration.json,200,,6924,9f7eff4544e17657d62007f768748ea22986072128484a3975062ff2eed83d7f,1
flot/flot,issue_age,https://oss.open-digger.cn/github/flot/flot/issue_age.json,200,,20916,ee5210fb6b056870b1e8d6cd87c24c3edc07407d6c6aa54b5f37413f47a41b5b,1
flot/flot,issues_new,https://oss.open-digger.cn/github/flot/flot/issues_new.json,200,,1629,99c8e689be00406c6ecfad938db690e67cc03f69c0f8a984ce89f7cc00d93376,1
flot/flot,contributors,https://oss.open-digger.cn/github/flot/flot/contributors.json,200,,375,49ad568a6b18b2b578faded3c8821183b9d94a8caa38a89e87bcf97ae8c49c3c,1
flot/flot,code_change_lines_sum,https://oss.open-digger.cn/github/flot/flot/code_change_lines_sum.json,200,,1395,335a1bf98b17df5ed6aa400c1b5922d28e4d058663cd939a69b3a94cd92f458f,1
fluent/fluentd,issue_resolution_duration,https://oss.open-digger.cn/github/fluent/fluentd/issue_resolution_duration.json,200,,18637,c25f3d50fbcc45222ef8813e036135a4535296d9d9b88d2fd7d341acf855e864,1
fluent/fluentd,issue_age,https://oss.open-digger.cn/github/fluent/fluentd/issue_age.json,200,,20542,83c90e27c3fade136318c78f8a43ff377ab39f302e880fd86c54b63860f16914,1
fluent/fluentd,issues_new,https://oss.open-digger.cn/github/fluent/fluentd/issues_new.json,200,,2395,d46ee8ffec58f2709ade97e01513306eee211012c6aff79b003d8fdccc7ed0ba,1
fluent/fluentd,contributors,https://oss.open-digger.cn/github/fluent/fluentd/contributors.json,200,,2308,049cab2f3152cf281fabb21b633b6713596955e40bb1df4869d11aa98041d238,1
fluent/fluentd,code_change_lines_sum,https://oss.open-digger.cn/github/fluent/fluentd/code_change_lines_sum.json,200,,2759,4a4cdefe4e99562f2df2dd6aa8530b321c3a7c5065ec8b1fe3102c252ae7f82d,1
flutter/flutter,issue_resolution_duration,https://oss.open-digger.cn/github/flutter/flutter/issue_resolution_duration.json,200,,19435,c11c61eb18f2ca6e3a93230924b8b2f3a6a043dc28aaae9ea64b6c47d2a6e9bc,1
flutter/flutter,issue_age,https://oss.open-digger.cn/github/flutter/flutter/issue_age.json,200,,20947,afcba7a69ecb7313ac921745b124ac64647f19eea144777c5b6a6e2054c28714,1
flutter/flutter,issues_new,https://oss.open-digger.cn/github/flutter/flutter/issues_new.json,200,,2705,f67dd3cd374b34bf3f8496c41d32a86c8fcc477feb8d0e33aefb86f266906892,1
flutter/flutter,contributors,https://oss.open-digger.cn/github/flutter/flutter/contributors.json,200,,2382,dbf4c3dd04eb9f8010f58ae94fe87fdaf75ef73ec748be234ce7d1705befb43c,1
flutter/flutter,code_change_lines_sum,https://oss.open-digger.cn/github/flutter/flutter/code_change_lines_sum.json,200,,3009,7ad26797e9b8950756c58692a03f8549261d323bf53c03c922f2761e00666540,1
fluxcd/flux2,issue_resolution_duration,https://oss.open-digger.cn/github/fluxcd/flux2/issue_resolution_duration.json,200,,10030,9ad246f37d2c6e9cfd6bf69ae3d2c7d2733a4373ada154747173f279e73d2af1,1
fluxcd/flux2,issue_age,https://oss.open-digger.cn/github/fluxcd/flux2/issue_age.json,200,,10837,4d3662dfb4bb6031aa7edf22a4aacc49162a58c80caf77ac23337d945d1eed7a,1
fluxcd/flux2,issues_new,https://oss.open-digger.cn/github/fluxcd/flux2/issues_new.json,200,,1343,55e717d619c51eaa7d180369e28597a49206037912e003f460f62e6fb9871575,1
fluxcd/flux2,contributors,https://oss.open-digger.cn/github/fluxcd/flux2/contributors.json,200,,1266,6c8f3a737789706c4be69b8f43f37b9f919a0d160fea84c1b367b037c622e31b,1
fluxcd/flux2,code_change_lines_sum,https://oss.open-digger.cn/github/fluxcd/flux2/code_change_lines_sum.json,200,,1545,fcc856a9f396afdee2e5aa819536990cf519c043b95fb1eb349e31a1128a0b52,1
fossology/fossology,issue_resolution_duration,https://oss.open-digger.cn/github/fossology/fossology/issue_resolution_duration.json,200,,18926,cf30761c24c7c769447438bd0c82ca65007057654e5ad20d251baccf673e9fed,1
fossology/fossology,issue_age,https://oss.open-digger.cn/github/fossology/fossology/issue_age.json,200,,20626,722be790f6f8b1de5bc3602d72e0596785550810a814d4ff16f6973b694ad660,1
fossology/fossology,issues_new,https://oss.open-digger.cn/github/fossology/fossology/issues_new.json,200,,2346,fc3204ed609d2e6d5c5ac762b36bf23f237b5d0e8e7ee1e86999556cd3519852,1
fossology/fossology,contributors,https://oss.open-digger.cn/github/fossology/fossology/contributors.json,200,,2148,7baa381c335e1cd5c8fea3ea5f4f77a2a57a77720c4f141b7faf346998a78414,1
fossology/fossology,code_change_lines_sum,https://oss.open-digger.cn/github/fossology/fossology/code_change_lines_sum.json,200,,2727,f0560af190d6643afd5d83fb1e903585a02f04f1093ef7dc9bb852c1f46b64ec,1
FredrikNoren/ungit,issue_resolution_duration,https://oss.open-digger.cn/github/FredrikNoren/ungit/issue_resolution_duration.json,200,,12761,75ff249b021092ca8b914f6e25bbb0108fa90799e4d68bc24da2a9a366b51aba,1
FredrikNoren/ungit,issue_age,https://oss.open-digger.cn/github/FredrikNoren/ungit/issue_age.json,200,,20800,36e29406b1c5a4e603d39427b7ded232daceadab179c09fe8d0e1b58274d9251,1
FredrikNoren/ungit,issues_new,https://oss.open-digger.cn/github/FredrikNoren/ungit/issues_new.json,200,,1805,ae3138d8b95bdf179e5a2542636bc99e63b78d3557e4a6e2f6c94d4232c8f944,1
FredrikNoren/ungit,contributors,https://oss.open-digger.cn/github/FredrikNoren/ungit/contributors.json,200,,1882,defa52f66a8925a6098965aeea8da3e90d570432abb070f444574aa2e2699526,1
FredrikNoren/ungit,code_change_lines_sum,https://oss.open-digger.cn/github/FredrikNoren/ungit/code_change_lines_sum.json,200,,2465,1f09e37978835f3a304287223ccd62d44899e560bab42e76f2fb97bea721956b,1
fullcalendar/fullcalendar,issue_resolution_duration,https://oss.open-digger.cn/github/fullcalendar/fullcalendar/issue_resolution_duration.json,200,,17791,9c24c32a1843c0037c960a36ce766b7dacf2942d76e2ede2c48a5828e6264463,1
fullcalendar/fullcalendar,issue_age,https://oss.open-digger.cn/github/fullcalendar/fullcalendar/issue_age.json,200,,19916,ac98e0b4f4a1e6cd1ad24bd951761334e05d7116e4cf4f3369ac5f05a3b80c9d,1
fullcalendar/fullcalendar,issues_new,https://oss.open-digger.cn/github/fullcalendar/fullcalendar/issues_new.json,200,,2358,ee8ff7530241f2749f1d2788211c11d4fa3b09f37e15c6d453302a2d09b2f8d6,1
fullcalendar/fullcalendar,contributors,https://oss.open-digger.cn/github/fullcalendar/fullcalendar/contributors.json,200,,797,749d031a78789386db18bbef0f00658e890fce36ffabeb2c1984b8ca0bae065c,1
fullcalendar/fullcalendar,code_change_lines_sum,https://oss.open-digger.cn/github/fullcalendar/fullcalendar/code_change_lines_sum.json,200,,2419,5f74e034f0d4bcb1702963ba9da167fcb53679682b61e095ea4a05262736265f,1
g1879/DrissionPage,issue_resolution_duration,https://oss.open-digger.cn/github/g1879/DrissionPage/issue_resolution_duration.json,200,,5001,af6382fbb24b9f9a41570ba0b44af7584bd50614fc4fb67491a2738955d0fe13,1
g1879/DrissionPage,issue_age,https://oss.open-digger.cn/github/g1879/DrissionPage/issue_age.json,200,,5559,eb7be448fe37328506718a42410cb28aef67b65bdbdb610e9d754768b4694f92,1
g1879/DrissionPage,issues_new,https://oss.open-digger.cn/github/g1879/DrissionPage/issues_new.json,200,,749,e7f5644f4c2c57480b186ec5dbc755f93026eeed296a5b0bb026dedb89e045c4,1
g1879/DrissionPage,contributors,https://oss.open-digger.cn/github/g1879/DrissionPage/contributors.json,200,,135,f4d01d11687f03236936cc7e19378b5d576ef4c8593181d031fd2b627615459a,1
g1879/DrissionPage,code_change_lines_sum,https://oss.open-digger.cn/github/g1879/DrissionPage/code_change_lines_sum.json,200,,256,accd713c026e54a955e67b287349e78f85ba035d824d181c87350dec5c9d6143,1
gatling/gatling,issue_resolution_duration,https://oss.open-digger.cn/github/gatling/gatling/issue_resolution_duration.json,200,,18532,7565e46ac90962511de2599a5917f137ce9f072692155b1e78e37353fb37f2f3,1
gatling/gatling,issue_age,https://oss.open-digger.cn/github/gatling/gatling/issue_age.json,200,,20525,a1731b018dac8b4a4973e3c9b49e2fd87d80be997ab2e4e3800b97bd2a7d9ae5,1
gatling/gatling,issues_new,https://oss.open-digger.cn/github/gatling/gatling/issues_new.json,200,,2399,d0e8bff84b8153d2ed078b45b9748c26c741987857057ae1f9b219f3e56a0ba6,1
gatling/gatling,contributors,https://oss.open-digger.cn/github/gatling/gatling/contributors.json,200,,480,7a33b869678372b646b152a8a43bb130d168dc4e118f1709399a982d16c53ae7,1
gatling/gatling,code_change_lines_sum,https://oss.open-digger.cn/github/gatling/gatling/code_change_lines_sum.json,200,,2105,13f063ba9cd3ccdfaad18c8a2f56caa54b0dd46be310ad7307df1c753a77fd45,1
gatsbyjs/gatsby,issue_resolution_duration,https://oss.open-digger.cn/github/gatsbyjs/gatsby/issue_resolution_duration.json,200,,17869,7ed9b719f040e0c70f50eb034b7edf399b45a91b289f621f43ff76a278516262,1
gatsbyjs/gatsby,issue_age,https://oss.open-digger.cn/github/gatsbyjs/gatsby/issue_age.json,200,,20135,36dc5cfe5ecf8d463d1b57963aabe53104c097987bb38071ad267228d31c9e76,1
gatsbyjs/gatsby,issues_new,https://oss.open-digger.cn/github/gatsbyjs/gatsby/issues_new.json,200,,2370,356025d7fba2153faeac7f5c598ead41d3e11544a0b51bd9d313786fa044c958,1
gatsbyjs/gatsby,contributors,https://oss.open-digger.cn/github/gatsbyjs/gatsby/contributors.json,200,,2270,b265965b1a495bed2955b23db18241e3f8e719646a732534b60d07e743ea6343,1
gatsbyjs/gatsby,code_change_lines_sum,https://oss.open-digger.cn/github/gatsbyjs/gatsby/code_change_lines_sum.json,200,,2806,50ba71fa759f03efec4b94d5f849ea7dfc37a4eba94ccc650a7b2ab7d9445270,1
getgrav/grav,issue_resolution_duration,https://oss.open-digger.cn/github/getgrav/grav/issue_resolution_duration.json,200,,18864,3f7bcd65fcb9f42b13fa1ec55f4029c44c415f4c88f7bf077a14d1410816ba82,1
getgrav/grav,issue_age,https://oss.open-digger.cn/github/getgrav/grav/issue_age.json,200,,20621,43460f7f293a5c5abc88b095f4dc8e7b328cdd20122364aec9e3c03746ec90ba,1
getgrav/grav,issues_new,https://oss.open-digger.cn/github/getgrav/grav/issues_new.json,200,,2482,3c1783e94fc326fafddbf5a5b6bc22e7b866b6c2dec35627c78b8db3388019df,1
getgrav/grav,contributors,https://oss.open-digger.cn/github/getgrav/grav/contributors.json,200,,1786,842bfca3a10f36abdbe1a5a0a68f0dc5ec1916a56b7db8df604c6ed3dbebc73c,1
getgrav/grav,code_change_lines_sum,https://oss.open-digger.cn/github/getgrav/grav/code_change_lines_sum.json,200,,2203,04ea5641d743cce74645265a5390bad3618feb12bf53b7c710a057a405875ddf,1
getpelican/pelican,issue_resolution_duration,https://oss.open-digger.cn/github/getpelican/pelican/issue_resolution_duration.json,200,,18272,cbfaf016ac8655a13326e7ba2a209ddb81812886335bda89f982b36b51540306,1
getpelican/pelican,issue_age,https://oss.open-digger.cn/github/getpelican/pelican/issue_age.json,200,,20458,ae1e9e53ddfb89268354b0bc4d0ee726e82f47734cda51a2021ed9a14e4d78cf,1
getpelican/pelican,issues_new,https://oss.open-digger.cn/github/getpelican/pelican/issues_new.json,200,,2337,fe70804517947b6b7c60dda39032b4ab751433a06d68814ba4f1617f916f0190,1
getpelican/pelican,contributors,https://oss.open-digger.cn/github/getpelican/pelican/contributors.json,200,,1941,1ccd98a7b39a41e79c12ef86bed4ea2a730697dd1bd5d900913a8e505014ede3,1
getpelican/pelican,code_change_lines_sum,https://oss.open-digger.cn/github/getpelican/pelican/code_change_lines_sum.json,200,,2504,ab3ecff1d0a436f7f20959bd03aac378b767907a6de48b0b0582704b519b75a6,1
getsentry/sentry,issue_resolution_duration,https://oss.open-digger.cn/github/getsentry/sentry/issue_resolution_duration.json,200,,19920,752d9bef0b1bc6d2c185f047db7a1d4c32990524aa08fd807c3ab3a1f0d775c8,1
getsentry/sentry,issue_age,https://oss.open-digger.cn/github/getsentry/sentry/issue_age.json,200,,20927,c629d995d6a18ecbc1a25bb4ffb5f054d66226dcb5ebb3c1d458e9c542261aa3,1
getsentry/sentry,issues_new,https://oss.open-digger.cn/github/getsentry/sentry/issues_new.json,200,,2615,45a7a440ceba192340fe200daebb198dffa2ad55da05e7668b4c5178df33f685,1
getsentry/sentry,contributors,https://oss.open-digger.cn/github/getsentry/sentry/contributors.json,200,,2532,f4ae00ffe64a688e62f74cc983bf4da957efd3400c62f2effd9133fe12002ce4,1
getsentry/sentry,code_change_lines_sum,https://oss.open-digger.cn/github/getsentry/sentry/code_change_lines_sum.json,200,,3141,c6faea4211727b735d8124138e77608d8ab2c117d9ef4d125c9105c9f4d8dc4c,1
gevent/gevent,issue_resolution_duration,https://oss.open-digger.cn/github/gevent/gevent/issue_resolution_duration.json,200,,17672,0ec4c524a1d821629571fbc50eb8c8bf6b8e41a9a2e9cf7d3d292c600e65aedc,1
gevent/gevent,issue_age,https://oss.open-digger.cn/github/gevent/gevent/issue_age.json,200,,20391,993ada6a7c08fc5de6876618bdb2fa039586a67ed7c74bca2fb462d306819c8a,1
gevent/gevent,issues_new,https://oss.open-digger.cn/github/gevent/gevent/issues_new.json,200,,2234,74f8021737624cdc8a86a63e56224265c2f127ba38477dcaf7c5a09439f9cc9f,1
gevent/gevent,contributors,https://oss.open-digger.cn/github/gevent/gevent/contributors.json,200,,1467,850b92f738f6828668df04f820d665bb7da37cf6439c4f6f80c055d5c42d7718,1
gevent/gevent,code_change_lines_sum,https://oss.open-digger.cn/github/gevent/gevent/code_change_lines_sum.json,200,,2082,125d7ee7017f8fbd42cc2871b57978c9ba05a87c04b1df48e747a474a4ef3914,1
gin-gonic/gin,issue_resolution_duration,https://oss.open-digger.cn/github/gin-gonic/gin/issue_resolution_duration.json,200,,18872,5eb9d6e7f5b99293d99a8f45edac8b8448eaf93c9e5984b877878e4471aeae4b,1
gin-gonic/gin,issue_age,https://oss.open-digger.cn/github/gin-gonic/gin/issue_age.json,200,,20812,98863b40645f9243716687e3d5360bda69bba98a7ee1c7a7a4135bef41cd3724,1
gin-gonic/gin,issues_new,https://oss.open-digger.cn/github/gin-gonic/gin/issues_new.json,200,,2445,575461d70f80dc3058ad7cf07a633b05f53e11edca774f18113cc6a145befb10,1
gin-gonic/gin,contributors,https://oss.open-digger.cn/github/gin-gonic/gin/contributors.json,200,,2110,6faf7868174e69cedfb98f934745c984421a194c7f69a8a9ee4123e9724dae6d,1
gin-gonic/gin,code_change_lines_sum,https://oss.open-digger.cn/github/gin-gonic/gin/code_change_lines_sum.json,200,,2726,ee477550ad3a366bfb864a7467ee01339ae6d9b35a9979cdc5b7ab6116950139,1
gitbucket/gitbucket,issue_resolution_duration,https://oss.open-digger.cn/github/gitbucket/gitbucket/issue_resolution_duration.json,200,,17821,b6d2708df7c7885bf477ad74c0fe26d4492b146cb435870b28a29a17bca07749,1
gitbucket/gitbucket,issue_age,https://oss.open-digger.cn/github/gitbucket/gitbucket/issue_age.json,200,,20936,b1460778d414a2991c21de1f3866b025bfe873a9ff18cb7d9ec1d6e23ea18b9a,1
gitbucket/gitbucket,issues_new,https://oss.open-digger.cn/github/gitbucket/gitbucket/issues_new.json,200,,2277,51ff9366b17c0dfbfa0132d2e1ed9703c5564de25c5db3dbfc726d402e1b0ec5,1
gitbucket/gitbucket,contributors,https://oss.open-digger.cn/github/gitbucket/gitbucket/contributors.json,200,,2288,b661739d3524b9d6e35e8e3e5d46d83e06a3277a1dbb2798b4f6ec3c0c9d6ea3,1
gitbucket/gitbucket,code_change_lines_sum,https://oss.open-digger.cn/github/gitbucket/gitbucket/code_change_lines_sum.json,200,,2513,132a28312f467a39f8bdf3900f321d7350ee2fef3bc18f67816b90f97d562684,1
gocd/gocd,issue_resolution_duration,https://oss.open-digger.cn/github/gocd/gocd/issue_resolution_duration.json,200,,18285,e4e4107b3b82e55bab7d34ac424f99750f3015661c36e40a9e7dd7c78ba67dee,1
gocd/gocd,issue_age,https://oss.open-digger.cn/github/gocd/gocd/issue_age.json,200,,20765,d06ed05e291caac975a46220409414d6985834b4415c793f6a05322d3937ae64,1
gocd/gocd,issues_new,https://oss.open-digger.cn/github/gocd/gocd/issues_new.json,200,,2349,f98ee6afe5cfc6b0d34665593cdacb9ae806e33a581c46be0a8dfe13c3d88de6,1
gocd/gocd,contributors,https://oss.open-digger.cn/github/gocd/gocd/contributors.json,200,,2316,a3b01734f300c5b654b36444a672f04499dc350133a30f9aaff5bc6ad6cc391a,1
gocd/gocd,code_change_lines_sum,https://oss.open-digger.cn/github/gocd/gocd/code_change_lines_sum.json,200,,3005,07d1d5dab9d9df06676b392d4180e6b3117b2bfc79e28817894fd15b090852ad,1
godotengine/godot,issue_resolution_duration,https://oss.open-digger.cn/github/godotengine/godot/issue_resolution_duration.json,200,,20274,b506c0962503b639be7c694263a054d6bacf9bd8e234ef19257df5704c4d5b51,1
godotengine/godot,issue_age,https://oss.open-digger.cn/github/godotengine/godot/issue_age.json,200,,21496,cec212ef07104d257d6d8dd0d3a0a90dbbbe949db59023d96deb679bab97b313,1
godotengine/godot,issues_new,https://oss.open-digger.cn/github/godotengine/godot/issues_new.json,200,,2737,7d6cdf51af1e56124fc0387193a5ffa693257bb5fb70d786a9fa9465cef508f5,1
godotengine/godot,contributors,https://oss.open-digger.cn/github/godotengine/godot/contributors.json,200,,2595,69858d6300069b835b8c4aee87b68aeadcf2e69a23d148fb57cb1b5971a610b9,1
godotengine/godot,code_change_lines_sum,https://oss.open-digger.cn/github/godotengine/godot/code_change_lines_sum.json,200,,3208,06e429764c884909010317365ec4d9c1edc2701bd65ed8ca63abb77e0494d9b9,1
gogf/gf,issue_resolution_duration,https://oss.open-digger.cn/github/gogf/gf/issue_resolution_duration.json,200,,13695,bbf4da70a13f69a567954c29e1d9dca3e27dc68855c18a3308bee66eb4fa0ab2,1
gogf/gf,issue_age,https://oss.open-digger.cn/github/gogf/gf/issue_age.json,200,,13347,ffa3c56988500f248c09bbe23ab8607057846f6f4b270a950d6c563dc01db75e,1
gogf/gf,issues_new,https://oss.open-digger.cn/github/gogf/gf/issues_new.json,200,,1764,e856a30d88d0d064d89726ec1984a5876cb38c0cd300136dac10fb5335c0b114,1
gogf/gf,contributors,https://oss.open-digger.cn/github/gogf/gf/contributors.json,200,,1477,e7633caf24c7accf473f464b7a0bcb422d4ec0adb35718d914a5b8983904dd1c,1
gogf/gf,code_change_lines_sum,https://oss.open-digger.cn/github/gogf/gf/code_change_lines_sum.json,200,,1928,8295efc1b3c705bf37a08c3cded6453ff8cf183e5b02946fa9ac8e23a389ad36,1
golang/go,issue_resolution_duration,https://oss.open-digger.cn/github/golang/go/issue_resolution_duration.json,200,,19960,09fdbfcfc13be265224e79a61e2dcacc90f7ec0dfed6cba9b3242345884131dd,1
golang/go,issue_age,https://oss.open-digger.cn/github/golang/go/issue_age.json,200,,21535,c19d703be150a6883c7e00cc8de3c1f51f21c54413ea45d5a7ab69fc82ab76a1,1
golang/go,issues_new,https://oss.open-digger.cn/github/golang/go/issues_new.json,200,,2752,a54bf3e63d6f21386c27dbffa06d13325b5a77a8da6df17d2a068c4604983c6a,1
golang/go,contributors,https://oss.open-digger.cn/github/golang/go/contributors.json,200,,97,b0b7aefecdff314c0eda2b37d09917d2ba8f42d5b80ac7444e349654c4b75309,1
golang/go,code_change_lines_sum,https://oss.open-digger.cn/github/golang/go/code_change_lines_sum.json,200,,2727,540055394658f077e14f36e87d0c8b9bdda8ccf55cab52ff687e098205c38819,1
google/cadvisor,issue_resolution_duration,https://oss.open-digger.cn/github/google/cadvisor/issue_resolution_duration.json,200,,18373,07872b5cf658307da3f3d9aae1c12d0d3924cfdd3b2925875ed87456e3f2e0a1,1
google/cadvisor,issue_age,https://oss.open-digger.cn/github/google/cadvisor/issue_age.json,200,,20817,ec82e4f2227ac76693fa12e5436eb465cc04bce54842e5234444290483feaf9a,1
google/cadvisor,issues_new,https://oss.open-digger.cn/github/google/cadvisor/issues_new.json,200,,2399,47c5ccc28d712621d3df2996eccdff458b7611ea3462909263799940092a34ac,1
google/cadvisor,contributors,https://oss.open-digger.cn/github/google/cadvisor/contributors.json,200,,2120,84b22555748212a33124ae82ab817a98cad81805984bc09646bf603a4dde48c6,1
google/cadvisor,code_change_lines_sum,https://oss.open-digger.cn/github/google/cadvisor/code_change_lines_sum.json,200,,2744,0dc47975a507ef6bc0c792e2784973bda6657fa3a24848c8a703ea770125e362,1
google/ExoPlayer,issue_resolution_duration,https://oss.open-digger.cn/github/google/ExoPlayer/issue_resolution_duration.json,200,,17537,da833b8b5f22dce22993a2b480dccbb61ac4e9ac9650e9a6e0687b95bf7313a2,1
google/ExoPlayer,issue_age,https://oss.open-digger.cn/github/google/ExoPlayer/issue_age.json,200,,20912,cd2fe28e828b2ccf06bea23dfe524a02e120919322e2f33fcd19c76944edee8a,1
google/ExoPlayer,issues_new,https://oss.open-digger.cn/github/google/ExoPlayer/issues_new.json,200,,2371,1b582263ceced3592072f3249f24e85de6413761d6971723bfd07506891816bf,1
google/ExoPlayer,contributors,https://oss.open-digger.cn/github/google/ExoPlayer/contributors.json,200,,1646,1b6b0b1e93d2eaab5e7d87273c00ce5b96274aedff0c2d888108a7d5005c6082,1
google/ExoPlayer,code_change_lines_sum,https://oss.open-digger.cn/github/google/ExoPlayer/code_change_lines_sum.json,200,,2493,fbd5b0b9983d12abfbaf360f6fc83fd1abfcb911fc46735d72df30f8a5acc9d7,1
google/flatbuffers,issue_resolution_duration,https://oss.open-digger.cn/github/google/flatbuffers/issue_resolution_duration.json,200,,19751,3d79d7d696bd4feba17a08b36a6366fb262641636d839c71ae4bd6f574959c2c,1
google/flatbuffers,issue_age,https://oss.open-digger.cn/github/google/flatbuffers/issue_age.json,200,,20745,b240f5a52d018babb9f3b7f5f6a2cf35c318b266a7cb1ee975f9b44b72fe6d15,1
google/flatbuffers,issues_new,https://oss.open-digger.cn/github/google/flatbuffers/issues_new.json,200,,2464,e9f6d364fe9f740e6967c7666244dbe0436384b73aae0ee7802016d138a69b8e,1
google/flatbuffers,contributors,https://oss.open-digger.cn/github/google/flatbuffers/contributors.json,200,,2235,393e2a7d283c459227f2f1adce2d7fc8e4229a645e7b7ebac7f5d2ebdedaf85e,1
google/flatbuffers,code_change_lines_sum,https://oss.open-digger.cn/github/google/flatbuffers/code_change_lines_sum.json,200,,2932,ead07e905a630f895630ba98d50f2ba177ca340ce6af8d8f4a7d9028154c5cd7,1
google/fonts,issue_resolution_duration,https://oss.open-digger.cn/github/google/fonts/issue_resolution_duration.json,200,,19503,8f45c5512db98bf4e28e7fbd8c36016b9d25da4f46dc879575ace2c723ca9298,1
google/fonts,issue_age,https://oss.open-digger.cn/github/google/fonts/issue_age.json,200,,20717,adebc7e81ce7abb08c52fcd55d3995edd129702655e3af452a5a71e036bb37ad,1
google/fonts,issues_new,https://oss.open-digger.cn/github/google/fonts/issues_new.json,200,,2477,5165676bcb95bb9b3661fb29aa067aea6edc84c37b69145bebc2809e63e403c9,1
google/fonts,contributors,https://oss.open-digger.cn/github/google/fonts/contributors.json,200,,2218,53cda585414077f346ffe2af7d7acdb9f1064e3908701b7034097349b310a921,1
google/fonts,code_change_lines_sum,https://oss.open-digger.cn/github/google/fonts/code_change_lines_sum.json,200,,2816,76686d89adf270c7216e87ece0e99e07bff19509a4e04aecbee16638746f5281,1
google/gson,issue_resolution_duration,https://oss.open-digger.cn/github/google/gson/issue_resolution_duration.json,200,,18054,d94f334733b8f3bc30aaf18ed26f48bc83cf4dbfba5ad5e97a5b81350e9d99a7,1
google/gson,issue_age,https://oss.open-digger.cn/github/google/gson/issue_age.json,200,,20294,8140d4bb1b6bfae54743852ec455c867970db4fc3d38a52399a9fc45a47778f3,1
google/gson,issues_new,https://oss.open-digger.cn/github/google/gson/issues_new.json,200,,2265,5627e15c1cc3674484e43fa0cdfd24a4de64adaa10bc2f09442d13889aa64741,1
google/gson,contributors,https://oss.open-digger.cn/github/google/gson/contributors.json,200,,1911,51e1311fe7635e09e538fbeed5e285a352df57c41cf85d50f4649e01523baedf,1
google/gson,code_change_lines_sum,https://oss.open-digger.cn/github/google/gson/code_change_lines_sum.json,200,,2653,64d14861acf3e63284f73d2aef2a07849ca19d5a0c5003e5e4ea5e0e10517ce7,1
google/guava,issue_resolution_duration,https://oss.open-digger.cn/github/google/guava/issue_resolution_duration.json,200,,18808,b34b64dc560fc6eb8d359d950990f2993135d04e6f9529c6105a1f87e82e1a87,1
google/guava,issue_age,https://oss.open-digger.cn/github/google/guava/issue_age.json,200,,20515,64b8e4183567c8c108c5b402d7eb4dcaa3c93766b1f09778e3e9536261bb4dc9,1
google/guava,issues_new,https://oss.open-digger.cn/github/google/guava/issues_new.json,200,,2428,2f53f7424110a507df4111f8926aae692a9ab4142bef0b6c1631a10dabd9fef6,1
google/guava,contributors,https://oss.open-digger.cn/github/google/guava/contributors.json,200,,1345,fb01a0110b81f13d268a575aa189399563cf9c2059a7fd21042a5a5f4ec9150c,1
google/guava,code_change_lines_sum,https://oss.open-digger.cn/github/google/guava/code_change_lines_sum.json,200,,2834,5a67b20ece0024819d1c0526615d437f4ef878b7e0e9d768ed08281eece177b4,1
google/guice,issue_resolution_duration,https://oss.open-digger.cn/github/google/guice/issue_resolution_duration.json,200,,13245,789c1685a3e30e54b4195df06b5edf4cd574b3321001bf9ee69ef0e3c87e4017,1
google/guice,issue_age,https://oss.open-digger.cn/github/google/guice/issue_age.json,200,,20835,f8c47dfea7a8a71afaf027fb98af6ff02f8ba00a284eb260023a02b9ee0ce5ba,1
google/guice,issues_new,https://oss.open-digger.cn/github/google/guice/issues_new.json,200,,1980,e34ca982abc2dea9a81116c08b2d370c90b2100e45f7c8407a74abfba39eb730,1
google/guice,contributors,https://oss.open-digger.cn/github/google/guice/contributors.json,200,,1411,59e75393e1b0d73f3ae26300ff8b475b5dcf3e620d5e45e1901e237e24de0410,1
google/guice,code_change_lines_sum,https://oss.open-digger.cn/github/google/guice/code_change_lines_sum.json,200,,2356,35dd9c04646a9b4fdcf053c1928b643daf3513fc9c34b3dda2607f7672ee282c,1
google/j2objc,issue_resolution_duration,https://oss.open-digger.cn/github/google/j2objc/issue_resolution_duration.json,200,,16088,183b723da24edd000a4dc40da8e6fd013daa50faf3d3a0a8c4f3e9ebdf46f0ae,1
google/j2objc,issue_age,https://oss.open-digger.cn/github/google/j2objc/issue_age.json,200,,20631,93a3565be12089beefdda208d45ff14b602875e453c50dc71dfee4217f7cf1c3,1
google/j2objc,issues_new,https://oss.open-digger.cn/github/google/j2objc/issues_new.json,200,,2057,3cc74594cbf89203ca11857b7f870adeb103f49f9059c30957067f9a87f60004,1
google/j2objc,contributors,https://oss.open-digger.cn/github/google/j2objc/contributors.json,200,,2000,16543d84a8c25ee57ca378953198cc93895acd5b2010f6457cbf77674cb4d788,1
google/j2objc,code_change_lines_sum,https://oss.open-digger.cn/github/google/j2objc/code_change_lines_sum.json,200,,2502,cd510cb559d90a113b2badd7f548475b589b4d89c8ecd979e0e943f02a9f48e6,1
google/neuroglancer,issue_resolution_duration,https://oss.open-digger.cn/github/google/neuroglancer/issue_resolution_duration.json,200,,13157,79552f41f01889f8b8fe321b90a26c6104c1683d9d4363fe56c5bc803b47d17d,1
google/neuroglancer,issue_age,https://oss.open-digger.cn/github/google/neuroglancer/issue_age.json,200,,17179,c55e335669c4ae410c464ac6eee05abd1f78b6393741e0a6db383604f4c83aa9,1
google/neuroglancer,issues_new,https://oss.open-digger.cn/github/google/neuroglancer/issues_new.json,200,,1778,e7e9028f6227ee66b9a2641c2190fe08b5695d2971573645298072e80f253e71,1
google/neuroglancer,contributors,https://oss.open-digger.cn/github/google/neuroglancer/contributors.json,200,,1573,a9ccdc676b42258254c8b781689c7475ab1d886ca23b0e148262b4f3ffb1b0e1,1
google/neuroglancer,code_change_lines_sum,https://oss.open-digger.cn/github/google/neuroglancer/code_change_lines_sum.json,200,,2217,c576f015548b64dbfb60d45f0e11f21ff0f54f3febce08f60e07ea58276ce9cd,1
goplus/xgo,issue_resolution_duration,https://oss.open-digger.cn/github/goplus/xgo/issue_resolution_duration.json,200,,13352,925d20763d0841f3cc94ddcbbe9a1219e6da424e4de98bc057695989bba0c33a,1
goplus/xgo,issue_age,https://oss.open-digger.cn/github/goplus/xgo/issue_age.json,200,,18683,cfc11018c92f08c4e1c5381c786c63d01d0ecc4265b781c44ba2f86beac490b9,1
goplus/xgo,issues_new,https://oss.open-digger.cn/github/goplus/xgo/issues_new.json,200,,1728,fa109a8c51c10f57e5e2a9a10163b3ac2ce21193e4deff190197e3935dee7a49,1
goplus/xgo,contributors,https://oss.open-digger.cn/github/goplus/xgo/contributors.json,200,,1367,49cedd2ec802f31549adc4f80fdae274d1c850816f009fbfe4a6f1037484581a,1
goplus/xgo,code_change_lines_sum,https://oss.open-digger.cn/github/goplus/xgo/code_change_lines_sum.json,200,,1819,9766dab80a89cbabc5ce8d019c00bc579a26c162d0435517e01e335930dd4d6b,1
gradle/gradle,issue_resolution_duration,https://oss.open-digger.cn/github/gradle/gradle/issue_resolution_duration.json,200,,17277,f8162456ffceadd0564d96aa82a1252a0ea57102e38010fd91a7935bee5cf4a2,1
gradle/gradle,issue_age,https://oss.open-digger.cn/github/gradle/gradle/issue_age.json,200,,17830,0a68d4ec5f283d5adae7caaf28f155286e1b4c622b5ab884b7bc2807772deb13,1
gradle/gradle,issues_new,https://oss.open-digger.cn/github/gradle/gradle/issues_new.json,200,,2318,6419de84ff162bb3c6ed4ae0ab8d08ba72da3961c94befa4a32cb5e26e217188,1
gradle/gradle,contributors,https://oss.open-digger.cn/github/gradle/gradle/contributors.json,200,,2493,04d0f149df063bf2bca1acd04a4dd75b0e5a71a14f38827a8fd3bd3ab6de4322,1
gradle/gradle,code_change_lines_sum,https://oss.open-digger.cn/github/gradle/gradle/code_change_lines_sum.json,200,,3094,65960f62893dc3463437850dc85ad81eb805e65cfbd57a7d6cf925ff2565bab5,1
grafana/grafana,issue_resolution_duration,https://oss.open-digger.cn/github/grafana/grafana/issue_resolution_duration.json,200,,20158,fe859bc91e2da8e450ca23810a915fce2869341ee6e8264091128f9945b90171,1
grafana/grafana,issue_age,https://oss.open-digger.cn/github/grafana/grafana/issue_age.json,200,,21182,00f352486c7cbaf1f3205d704746ae7a18d2f057b2de26a1160b8291e66380c7,1
grafana/grafana,issues_new,https://oss.open-digger.cn/github/grafana/grafana/issues_new.json,200,,2725,788ede3c4c1423ca90ea416ae81b31a4e8ae481fe6823c82d6db279830a24b61,1
grafana/grafana,contributors,https://oss.open-digger.cn/github/grafana/grafana/contributors.json,200,,2592,7b57f5d5aa2e5ffb2270ca2fab715e6e086e60b29536821296bc3cd456fb806d,1
grafana/grafana,code_change_lines_sum,https://oss.open-digger.cn/github/grafana/grafana/code_change_lines_sum.json,200,,3218,4e557b8db404886bafa4b0e57680aea939789c0ed48d32b7f6bdc243264a17a0,1
graphite-project/graphite-web,issue_resolution_duration,https://oss.open-digger.cn/github/graphite-project/graphite-web/issue_resolution_duration.json,200,,17035,dc0d44b6e2574eb104fad141f00402e023c0be701c2be4fc086e1bbf1d42e493,1
graphite-project/graphite-web,issue_age,https://oss.open-digger.cn/github/graphite-project/graphite-web/issue_age.json,200,,20647,255169ad97c19c0218f5220d4d6457f1227095fc4c0d3f4da9d7b82614d76a0b,1
graphite-project/graphite-web,issues_new,https://oss.open-digger.cn/github/graphite-project/graphite-web/issues_new.json,200,,2087,ef2beca3e1586ce462fca3b0c407b77c17ede18de1f8842f402094de46a76c32,1
graphite-project/graphite-web,contributors,https://oss.open-digger.cn/github/graphite-project/graphite-web/contributors.json,200,,1811,3a5b34871511a9013b6c4c16229f7d5bc508a06dc9d8b6be84773066969ec470,1
graphite-project/graphite-web,code_change_lines_sum,https://oss.open-digger.cn/github/graphite-project/graphite-web/code_change_lines_sum.json,200,,2099,1f2b9a2c22678acdd0e46c6003eb73cb680002f6acfa358f268eb9d89db8f41c,1
graphql/graphql-js,issue_resolution_duration,https://oss.open-digger.cn/github/graphql/graphql-js/issue_resolution_duration.json,200,,17461,3a88f17387677d4d521da1dccb93f28edbbb6ee6062e16c9edda49497f8c72a8,1
graphql/graphql-js,issue_age,https://oss.open-digger.cn/github/graphql/graphql-js/issue_age.json,200,,19813,2b223fa18ce3ad43ecaf326f4926f491a233b65d347fba88a00c71923072ea24,1
graphql/graphql-js,issues_new,https://oss.open-digger.cn/github/graphql/graphql-js/issues_new.json,200,,2179,c489703f87010f6acb80e05b7d7cbb92f9f011915228504f45edcc55764547fb,1
graphql/graphql-js,contributors,https://oss.open-digger.cn/github/graphql/graphql-js/contributors.json,200,,2166,2a29609b13e946572c205ddf5ed4a2347267b113236b5933f1e1ef9bceb4a014,1
graphql/graphql-js,code_change_lines_sum,https://oss.open-digger.cn/github/graphql/graphql-js/code_change_lines_sum.json,200,,2778,106a901a8a7c7921f1be23f5decd91b73950f5cd8a30e7f2b2f94b34b6dbbe66,1
GreptimeTeam/greptimedb,issue_resolution_duration,https://oss.open-digger.cn/github/GreptimeTeam/greptimedb/issue_resolution_duration.json,200,,6539,3ffa15c8b65fe85b3f94126d443193bcd6dfc16f4c0636338b7ddaeb3c70665f,1
GreptimeTeam/greptimedb,issue_age,https://oss.open-digger.cn/github/GreptimeTeam/greptimedb/issue_age.json,200,,6230,58b31260c1caf7379ca82b41a76bbf9a0838af07ae12981db12588cd83960d9b,1
GreptimeTeam/greptimedb,issues_new,https://oss.open-digger.cn/github/GreptimeTeam/greptimedb/issues_new.json,200,,874,6caa945632512d4be0d2fa33196c887d1a7c6ef8fb90be53320227e6488be80d,1
GreptimeTeam/greptimedb,contributors,https://oss.open-digger.cn/github/GreptimeTeam/greptimedb/contributors.json,200,,823,f08c19bd41b6dccd24db9f7b6877906b93f1df30eb17788ae606adfce13fd5a5,1
GreptimeTeam/greptimedb,code_change_lines_sum,https://oss.open-digger.cn/github/GreptimeTeam/greptimedb/code_change_lines_sum.json,200,,1034,da46172ad2935747b0e8fc7ab0707cff027efc77326ac4ee57aec4121a7f3307,1
grpc/grpc,issue_resolution_duration,https://oss.open-digger.cn/github/grpc/grpc/issue_resolution_duration.json,200,,19830,6042db7419f5cc914630de35338271f76e26c449e40351545db811bb6650a662,1
grpc/grpc,issue_age,https://oss.open-digger.cn/github/grpc/grpc/issue_age.json,200,,20892,c5e8b7474361b8ef8a46c5035a05180f93b4509a3bca1cd38d49c182199472b0,1
grpc/grpc,issues_new,https://oss.open-digger.cn/github/grpc/grpc/issues_new.json,200,,2578,280124b7445f1cd6a8cce5e784acd496310e128eb48d1f304660db4376d15e3b,1
grpc/grpc,contributors,https://oss.open-digger.cn/github/grpc/grpc/contributors.json,200,,2451,6385cef822f2c47dfee1fcc12feba76d657d81f45b4a9cb39bed83a258b549d6,1
grpc/grpc,code_change_lines_sum,https://oss.open-digger.cn/github/grpc/grpc/code_change_lines_sum.json,200,,3123,a9e847f7630f7407653b38dcf3743f61cd42829b55969ae7fff072db3f06ad53,1
gruntjs/grunt,issue_resolution_duration,https://oss.open-digger.cn/github/gruntjs/grunt/issue_resolution_duration.json,200,,11748,ca38146a2763ba8197b81519bd84d0225f53cda3166dd5825b1087e3573d927b,1
gruntjs/grunt,issue_age,https://oss.open-digger.cn/github/gruntjs/grunt/issue_age.json,200,,20980,122d3e77131d9a994a9c4483170b89366f55ca02aeeb23996cc3768b0b4261ed,1
gruntjs/grunt,issues_new,https://oss.open-digger.cn/github/gruntjs/grunt/issues_new.json,200,,1646,a177dae6347ba74f7d0157ac87a49c6bf92662bdfdf0173bb8359164140cb791,1
gruntjs/grunt,contributors,https://oss.open-digger.cn/github/gruntjs/grunt/contributors.json,200,,820,f674ac15ffed029318ffe852061f7fe5edfe8171e85b1eb5e8c4a4821431acf6,1
gruntjs/grunt,code_change_lines_sum,https://oss.open-digger.cn/github/gruntjs/grunt/code_change_lines_sum.json,200,,1122,a2e5a78cfb68c11cf0471791d6a7619657f73c12b3707135d5bba47385b38c85,1
guardian/frontend,issue_resolution_duration,https://oss.open-digger.cn/github/guardian/frontend/issue_resolution_duration.json,200,,13614,648f784de48e2216ac2f848b905d0f411101385a69fa900e305bb45626db1d89,1
guardian/frontend,issue_age,https://oss.open-digger.cn/github/guardian/frontend/issue_age.json,200,,20487,1f759efe8da3fff5b363764f1b8893f8d4172c29c0ede1cb47d7dca5058e5afd,1
guardian/frontend,issues_new,https://oss.open-digger.cn/github/guardian/frontend/issues_new.json,200,,1869,dcf17951ea1586909a262542c0cf30f11b09291092a3d8eccf79b2cf15d0cca8,1
guardian/frontend,contributors,https://oss.open-digger.cn/github/guardian/frontend/contributors.json,200,,2473,100b0e9d1b678599e28c10670b7158b5e777d0aacde74b4183bb87ded4695fde,1
guardian/frontend,code_change_lines_sum,https://oss.open-digger.cn/github/guardian/frontend/code_change_lines_sum.json,200,,3017,a635569f41f2d221107cba6b9d9aedba18589a25df060b288b22e276fc4bb412,1
guzzle/guzzle,issue_resolution_duration,https://oss.open-digger.cn/github/guzzle/guzzle/issue_resolution_duration.json,200,,17594,5a1deb6592266893ddbd7f0de4404590bd1a4a92d2ea7aebef66ff9369afde16,1
guzzle/guzzle,issue_age,https://oss.open-digger.cn/github/guzzle/guzzle/issue_age.json,200,,20388,d69531d56e599b0a42cbfa2a49896e7ab3b527424ff326e60f38e09aef6b0e0e,1
guzzle/guzzle,issues_new,https://oss.open-digger.cn/github/guzzle/guzzle/issues_new.json,200,,2258,88787bb5ed52a1fdfcd76091eaeff39880e773af26e63494afef4fee811fe57b,1
guzzle/guzzle,contributors,https://oss.open-digger.cn/github/guzzle/guzzle/contributors.json,200,,1616,1c29857da08471498bb10a85ec63495d105120b4a233b95ebe3842a1211fc781,1
guzzle/guzzle,code_change_lines_sum,https://oss.open-digger.cn/github/guzzle/guzzle/code_change_lines_sum.json,200,,2367,1026ed8b2becf5c09fc589798861317247f82a1b892e635d7cc15078f54539e5,1
h2o/h2o,issue_resolution_duration,https://oss.open-digger.cn/github/h2o/h2o/issue_resolution_duration.json,200,,16345,d345b94e11b22fa6c817d067b74b34566618f1a04e148e3fab9b759092cb230f,1
h2o/h2o,issue_age,https://oss.open-digger.cn/github/h2o/h2o/issue_age.json,200,,20757,8640ae0de57ae5f73cd151913b2c706fb5f986fcdf496759338c9b6cf0b46b95,1
h2o/h2o,issues_new,https://oss.open-digger.cn/github/h2o/h2o/issues_new.json,200,,2287,70d9d91e7d72e91f7f0bf0290ad5b67bce46273a0dcab9df6c80d133d67d8a7b,1
h2o/h2o,contributors,https://oss.open-digger.cn/github/h2o/h2o/contributors.json,200,,2208,047f1594ea6c7b8654ca8a62bd841e2ba36fc39916e38725ff0d2e14efbe1974,1
h2o/h2o,code_change_lines_sum,https://oss.open-digger.cn/github/h2o/h2o/code_change_lines_sum.json,200,,2823,b8029d49c32b97e72eb647a0de8ce5b15704fe7a4c66ec1f42bce8c3704c2c1a,1
h5bp/html5-boilerplate,issue_resolution_duration,https://oss.open-digger.cn/github/h5bp/html5-boilerplate/issue_resolution_duration.json,200,,15038,6a460d44cb53265bc63532a4e2c7058b181997bde82c30c787517a99e52d3a59,1
h5bp/html5-boilerplate,issue_age,https://oss.open-digger.cn/github/h5bp/html5-boilerplate/issue_age.json,200,,20337,ff7acfa11d677323642f0130328f3c75bf81d04ad87983cc0519efac798293ab,1
h5bp/html5-boilerplate,issues_new,https://oss.open-digger.cn/github/h5bp/html5-boilerplate/issues_new.json,200,,1913,d2534d46230fc05d8d4749119915f2f8e76860a2f92fc7b632d24ff0f734e09f,1
h5bp/html5-boilerplate,contributors,https://oss.open-digger.cn/github/h5bp/html5-boilerplate/contributors.json,200,,1795,6f35a617995cd4f2a7b725ff0bfb76bd75af426d029bb2f8c04177cfca285373,1
h5bp/html5-boilerplate,code_change_lines_sum,https://oss.open-digger.cn/github/h5bp/html5-boilerplate/code_change_lines_sum.json,200,,2627,801c7f8875a64e31f14a162c0ac23046316f61b85fe4c8374754c6a5e8faad54,1
haiwen/seafile,issue_resolution_duration,https://oss.open-digger.cn/github/haiwen/seafile/issue_resolution_duration.json,200,,19366,9d454b8b73ef5dd5c6368e9c7b87afc7d681ec151d40fb13cf552b52a4ce6e4e,1
haiwen/seafile,issue_age,https://oss.open-digger.cn/github/haiwen/seafile/issue_age.json,200,,20713,2690cfda99d56a4dfbd4af987f2825ab3dca94eff87f61fa525ea6f04f9301f6,1
haiwen/seafile,issues_new,https://oss.open-digger.cn/github/haiwen/seafile/issues_new.json,200,,2373,65d3ea37bd5a4f555f3c0d672412a7598ab66e076a54a370230e237d255fda92,1
haiwen/seafile,contributors,https://oss.open-digger.cn/github/haiwen/seafile/contributors.json,200,,1725,3539b81e4d4fbc491323241be6ac2b97919403898db332f7ef8d30ad5fc969db,1
haiwen/seafile,code_change_lines_sum,https://oss.open-digger.cn/github/haiwen/seafile/code_change_lines_sum.json,200,,2130,6205ae71f4850c2a6e0ac3b26916f0971c0c1ef91acd6749e0d9184b657644d9,1
handsontable/handsontable,issue_resolution_duration,https://oss.open-digger.cn/github/handsontable/handsontable/issue_resolution_duration.json,200,,19301,d125a9d5583a214aa09a213ea5da49efdbc5951f16d32fbd6b559da946bf91f2,1
handsontable/handsontable,issue_age,https://oss.open-digger.cn/github/handsontable/handsontable/issue_age.json,200,,20842,4dbf8cf967ad650743e6dfa33320e89fe89b5cf25b78ae82a5094eb9050ee421,1
handsontable/handsontable,issues_new,https://oss.open-digger.cn/github/handsontable/handsontable/issues_new.json,200,,2484,fd67dbe7b53634bd530ad4b1c5bb0d3c398cde2a7dec9e0e65bb71e9d99c5763,1
handsontable/handsontable,contributors,https://oss.open-digger.cn/github/handsontable/handsontable/contributors.json,200,,2059,31a91c8a95603f084422e7798c91c3feff080f09efdef76d5104834ab31e3806,1
handsontable/handsontable,code_change_lines_sum,https://oss.open-digger.cn/github/handsontable/handsontable/code_change_lines_sum.json,200,,3035,cb40835985388e4852bb9651e94809fc7ebb5dbe9081e6d3b68c65fd6d62b323,1
hantsy/spring-reactive-sample,issue_resolution_duration,https://oss.open-digger.cn/github/hantsy/spring-reactive-sample/issue_resolution_duration.json,200,,2830,82102fb29361cfcf9d9299d843838b253147b7c201dee7b4d12d406aba432a3d,1
hantsy/spring-reactive-sample,issue_age,https://oss.open-digger.cn/github/hantsy/spring-reactive-sample/issue_age.json,200,,2493,9479e772eebb031c0827c25efc44ffc2207022358fd89dcdba8877ca3c5b115b,1
hantsy/spring-reactive-sample,issues_new,https://oss.open-digger.cn/github/hantsy/spring-reactive-sample/issues_new.json,200,,321,7615c6cd1e7fd2709d6dd7c4fef14d93dc83ce78e37cf73fe61e201864ef87b0,1
hantsy/spring-reactive-sample,contributors,https://oss.open-digger.cn/github/hantsy/spring-reactive-sample/contributors.json,200,,766,339bb6a99e5f6078a944185d5321ac596d7c7b3f5d9c703cd5da557eb990471d,1
hantsy/spring-reactive-sample,code_change_lines_sum,https://oss.open-digger.cn/github/hantsy/spring-reactive-sample/code_change_lines_sum.json,200,,431,02c7f9d213ad4b2bfd41a6c984ce712d2938e4b295f9aceb63ff925763efbbcf,1
hapijs/hapi,issue_resolution_duration,https://oss.open-digger.cn/github/hapijs/hapi/issue_resolution_duration.json,200,,16823,4d30a4dcede1dea0a466078f812b970052181c30e35841b8069a4bf19c816b75,1
hapijs/hapi,issue_age,https://oss.open-digger.cn/github/hapijs/hapi/issue_age.json,200,,20178,ebea2efbe044ced11eef8232b80a19377a895f69d2a104669e178b032e4b8557,1
hapijs/hapi,issues_new,https://oss.open-digger.cn/github/hapijs/hapi/issues_new.json,200,,2288,e2f985c623b656d0fceb3ad67cb481240f18fdbcdb512863d3429590d1a141c5,1
hapijs/hapi,contributors,https://oss.open-digger.cn/github/hapijs/hapi/contributors.json,200,,1781,8ae2512f78dd5348804fddef1d5bc70ba9d9bcb5147961d5a197064ff54591e4,1
hapijs/hapi,code_change_lines_sum,https://oss.open-digger.cn/github/hapijs/hapi/code_change_lines_sum.json,200,,2234,e9fb2b74eba473690f6d91aaf49dd24060ed572d7a6b8c666a643c6c3aa24ecc,1
harlanc/xiu,issue_resolution_duration,https://oss.open-digger.cn/github/harlanc/xiu/issue_resolution_duration.json,200,,5414,2395bebd87690ba59dac58f45eb05f16995671aaeef2889f7774ee576a317ff9,1
harlanc/xiu,issue_age,https://oss.open-digger.cn/github/harlanc/xiu/issue_age.json,200,,8783,981675a50dc53288f15fb92b09ab71d987a77b21a1514ff981ff9d6ef7a6840a,1
harlanc/xiu,issues_new,https://oss.open-digger.cn/github/harlanc/xiu/issues_new.json,200,,744,2e4e1deb29867f2e43d6419c157904c1a0e75f48f5705649e528b3b3b7f9954d,1
harlanc/xiu,contributors,https://oss.open-digger.cn/github/harlanc/xiu/contributors.json,200,,447,b717fa87372e2077502a8396abba11e35d9f0334130802958151f5f32603a4ee,1
harlanc/xiu,code_change_lines_sum,https://oss.open-digger.cn/github/harlanc/xiu/code_change_lines_sum.json,200,,561,8e9e060ceb7081e0470dfcdc2d94d41be07437a37a390b779828e546fe7419d4,1
hashicorp/consul,issue_resolution_duration,https://oss.open-digger.cn/github/hashicorp/consul/issue_resolution_duration.json,200,,18067,9541a38ea9f2867598707dc9da92f50940f502c739815cc0f56a03bc63de53e2,1
hashicorp/consul,issue_age,https://oss.open-digger.cn/github/hashicorp/consul/issue_age.json,200,,21008,dd43ecfd1cbbb677abc7fefa0b5859983a36e2a4dd6cd3827a1530feeb67c991,1
hashicorp/consul,issues_new,https://oss.open-digger.cn/github/hashicorp/consul/issues_new.json,200,,2478,ad8c498030f1917e705541076d07267b53d984f2e6dcc04d2419935fca149b77,1
hashicorp/consul,contributors,https://oss.open-digger.cn/github/hashicorp/consul/contributors.json,200,,2472,ba52d01a23e3d1e3182bf5eba13cf7131f80879ca0026487c3d4042c0fc6360d,1
hashicorp/consul,code_change_lines_sum,https://oss.open-digger.cn/github/hashicorp/consul/code_change_lines_sum.json,200,,3121,2a91ed4fcaf4f61a0eb1ab4f081be1474d6823ce1f37fa064752bc12d070487a,1
hashicorp/terraform,issue_resolution_duration,https://oss.open-digger.cn/github/hashicorp/terraform/issue_resolution_duration.json,200,,19456,075a0342b3f702ea3930442b347ba00f8f1be83ea9edfa7fcf9d13dcd29df47c,1
hashicorp/terraform,issue_age,https://oss.open-digger.cn/github/hashicorp/terraform/issue_age.json,200,,21157,68a9ece4f163afc986aabe32ac819aa089040ba92f679252130828483a5f1d59,1
hashicorp/terraform,issues_new,https://oss.open-digger.cn/github/hashicorp/terraform/issues_new.json,200,,2622,aeaaa71d7330f866b01a0b00f16c78d442aa4ead89cd9d75057472d2fc3a0d22,1
hashicorp/terraform,contributors,https://oss.open-digger.cn/github/hashicorp/terraform/contributors.json,200,,2495,445b73c725d9814d3a4b2d4cd23cff3d4593afaff5bc497e023767a435572a77,1
hashicorp/terraform,code_change_lines_sum,https://oss.open-digger.cn/github/hashicorp/terraform/code_change_lines_sum.json,200,,3127,5c7cfcdd12476340666d27205793882a84d141da8c14e0d3f613b7493a88a9cc,1
hashicorp/vault,issue_resolution_duration,https://oss.open-digger.cn/github/hashicorp/vault/issue_resolution_duration.json,200,,18956,662ccfae2e4d80965412f57014eeff413145abbfab5bfb0b190ace5d0b9c6cdd,1
hashicorp/vault,issue_age,https://oss.open-digger.cn/github/hashicorp/vault/issue_age.json,200,,20526,7ebd10911a7059df46d1a14d402668aa9f50fb843d9bda8dfd4c151b3fdeaf2a,1
hashicorp/vault,issues_new,https://oss.open-digger.cn/github/hashicorp/vault/issues_new.json,200,,2486,cab399baa2149b03993b24e7a65a145bf51b249fd4343adeccb3d5459729987e,1
hashicorp/vault,contributors,https://oss.open-digger.cn/github/hashicorp/vault/contributors.json,200,,2350,1f13d7fd2cd87f0b504b4ffaf88713e54e5240afb7f1393c0d963023f58ee475,1
hashicorp/vault,code_change_lines_sum,https://oss.open-digger.cn/github/hashicorp/vault/code_change_lines_sum.json,200,,3063,94f02dbd0e3d128aa818ffcaf46b0cb1c1c970aeb3982378382978700cb49dfa,1
hefengbao/jingmo,issue_resolution_duration,https://oss.open-digger.cn/github/hefengbao/jingmo/issue_resolution_duration.json,200,,1201,a324078d996bc5cc07383f7f81df130ce991455defc735364eb099fe556df015,1
hefengbao/jingmo,issue_age,https://oss.open-digger.cn/github/hefengbao/jingmo/issue_age.json,200,,3911,c7c8a5e4125c089d44aa816c25a3a1d21028800d432524fd5bdf910e649a798b,1
hefengbao/jingmo,issues_new,https://oss.open-digger.cn/github/hefengbao/jingmo/issues_new.json,200,,251,eb7f94b5bce271ab26d76d619efcf50039cb668310ed431c706ccfcd00e7e963,1
hefengbao/jingmo,contributors,https://oss.open-digger.cn/github/hefengbao/jingmo/contributors.json,200,,121,56bba62c9507d2545eda93f3731380178a6d3384037fe92daa3c07ee7261a112,1
hefengbao/jingmo,code_change_lines_sum,https://oss.open-digger.cn/github/hefengbao/jingmo/code_change_lines_sum.json,200,,151,3fa17199624fd83c200af186462ac0b835b9fb0ecc75e6495d43ed5d6ac0e50f,1
helix-editor/helix,issue_resolution_duration,https://oss.open-digger.cn/github/helix-editor/helix/issue_resolution_duration.json,200,,8420,3d4ddb163ea7cee538496b3b79dfdefca743af12ff73852d4301e1e2d847f333,1
helix-editor/helix,issue_age,https://oss.open-digger.cn/github/helix-editor/helix/issue_age.json,200,,9045,e8fcdf46f005d7a6116494be152d25635a1605a8be11f820c625f8a07418d437,1
helix-editor/helix,issues_new,https://oss.open-digger.cn/github/helix-editor/helix/issues_new.json,200,,1204,f8cbd133b7f3c7aab1e4a76ba1a0687935643f1139eb8cb5dc418379cf5f44f4,1
helix-editor/helix,contributors,https://oss.open-digger.cn/github/helix-editor/helix/contributors.json,200,,1167,2bda66aa6f4c904754311d249e37e26cb4bf28f33d6656c95291bd4016d0450c,1
helix-editor/helix,code_change_lines_sum,https://oss.open-digger.cn/github/helix-editor/helix/code_change_lines_sum.json,200,,1362,229f947cf7c567453f6dbd5467a4e2654513d0fe83c665f37db47532b4198872,1
HelloZeroNet/ZeroNet,issue_resolution_duration,https://oss.open-digger.cn/github/HelloZeroNet/ZeroNet/issue_resolution_duration.json,200,,12563,d53c212a5b296ee7a4ed90766d6dc527140c06d2c1c1e43b427941178f095a8a,1
HelloZeroNet/ZeroNet,issue_age,https://oss.open-digger.cn/github/HelloZeroNet/ZeroNet/issue_age.json,200,,20875,bb2d1d899ff33aa6788b7590d6e74973baddc384c132f856e8874d5d28d042ed,1
HelloZeroNet/ZeroNet,issues_new,https://oss.open-digger.cn/github/HelloZeroNet/ZeroNet/issues_new.json,200,,2095,15243e17cbfa0928e023ae02a8cf8a4cf86ec95ac17d73b8c45a41f2151e8992,1
HelloZeroNet/ZeroNet,contributors,https://oss.open-digger.cn/github/HelloZeroNet/ZeroNet/contributors.json,200,,1146,86b931e763c9b503c042f634766ffd06914a50a915985cb617f8d6549ef62e36,1
HelloZeroNet/ZeroNet,code_change_lines_sum,https://oss.open-digger.cn/github/HelloZeroNet/ZeroNet/code_change_lines_sum.json,200,,1776,e1b6c74dd23b2be1b5e3c468b80444eeaa06bd750bf09cf86b99d1563dd77ac8,1
hexojs/hexo,issue_resolution_duration,https://oss.open-digger.cn/github/hexojs/hexo/issue_resolution_duration.json,200,,18260,6e4e9ca9b1ddac0d8714251e88f0cc4dd7d2f8d9b80f77825f71863ccfb718ed,1
hexojs/hexo,issue_age,https://oss.open-digger.cn/github/hexojs/hexo/issue_age.json,200,,20855,0b4352cdf910778f92eec543bdcb850ccf8613bfd0f6f123c13e935e4e316b8e,1
hexojs/hexo,issues_new,https://oss.open-digger.cn/github/hexojs/hexo/issues_new.json,200,,2352,85bd4e78b41a093e4febf8139103bcceba417235f3bd2ab9cdbbf6a3d672e504,1
hexojs/hexo,contributors,https://oss.open-digger.cn/github/hexojs/hexo/contributors.json,200,,2065,87c03108a43a3ef1db831a8d65eb77dde52dc73b05d649f463edb6b6b3a16ac0,1
hexojs/hexo,code_change_lines_sum,https://oss.open-digger.cn/github/hexojs/hexo/code_change_lines_sum.json,200,,2586,91dc5085ce38f02bc26164ddc871a30eb3bbe1584cdb2991d82092e2aa6b06fc,1
highcharts/highcharts,issue_resolution_duration,https://oss.open-digger.cn/github/highcharts/highcharts/issue_resolution_duration.json,200,,19926,e7431fe30d06f8dbda6e707af4c475571de0f1e0d0decfa3d1d04137a60d894f,1
highcharts/highcharts,issue_age,https://oss.open-digger.cn/github/highcharts/highcharts/issue_age.json,200,,21221,997502b936bc560e73b8c5a777a919aece710fa58b80a6ce51693de003d40bcb,1
highcharts/highcharts,issues_new,https://oss.open-digger.cn/github/highcharts/highcharts/issues_new.json,200,,2577,d0e452d31c1c8dc33f98b1f056fca7ca46547a70776775af8f3928dd36ce231e,1
highcharts/highcharts,contributors,https://oss.open-digger.cn/github/highcharts/highcharts/contributors.json,200,,2317,cd11adc5f204ca62b02ba60f758853a7fde62f5f48231a0ca568f037094272ba,1
highcharts/highcharts,code_change_lines_sum,https://oss.open-digger.cn/github/highcharts/highcharts/code_change_lines_sum.json,200,,2957,d809e54bda4ff4125fb672d6c5565e2202b723a5f3e94d758d2b534d4002f23a,1
hiroi-sora/Umi-OCR,issue_resolution_duration,https://oss.open-digger.cn/github/hiroi-sora/Umi-OCR/issue_resolution_duration.json,200,,5802,7e1d2e65089a970e99a9e8883208d0025477c82eb7b7ebf08f2abb6e1dd400a8,1
hiroi-sora/Umi-OCR,issue_age,https://oss.open-digger.cn/github/hiroi-sora/Umi-OCR/issue_age.json,200,,6914,d6a9cdf59569cb5fa6e89b86fa951b84b2ccf3220ce3a919114a3db559f168d4,1
hiroi-sora/Umi-OCR,issues_new,https://oss.open-digger.cn/github/hiroi-sora/Umi-OCR/issues_new.json,200,,826,b71b750bf372b4dfccbf3f30a81e8d2053b58bb10af3ae4a4cda6d19c8531b5b,1
hiroi-sora/Umi-OCR,contributors,https://oss.open-digger.cn/github/hiroi-sora/Umi-OCR/contributors.json,200,,285,4246b5be824c39f63af80ad40eb5bf5ee62fdeec5f2431f69b2061f65d41c8bd,1
hiroi-sora/Umi-OCR,code_change_lines_sum,https://oss.open-digger.cn/github/hiroi-sora/Umi-OCR/code_change_lines_sum.json,200,,360,1a1fdb74be43595462b82f605ff4e93a99caa044683ccf460d06c67a2b6a0ac1,1
hpcaitech/ColossalAI,issue_resolution_duration,https://oss.open-digger.cn/github/hpcaitech/ColossalAI/issue_resolution_duration.json,200,,6346,109d1f9911b8093e5f5e288855cf9d5c6e90a2ef1451f6b12825339b03e7e159,1
hpcaitech/ColossalAI,issue_age,https://oss.open-digger.cn/github/hpcaitech/ColossalAI/issue_age.json,200,,8108,2ae9c8b25ececbfbbd8169989457f705a3278f102f17ec465c2c8ee953acb853,1
hpcaitech/ColossalAI,issues_new,https://oss.open-digger.cn/github/hpcaitech/ColossalAI/issues_new.json,200,,885,b0edfde3d152adff44a6379a1ce4b988b2045d31c18ec78f74beb4eb04c17823,1
hpcaitech/ColossalAI,contributors,https://oss.open-digger.cn/github/hpcaitech/ColossalAI/contributors.json,200,,835,8f8ac8119f8f51b514794989b3457b0b8a8542e9d1ec1727a27f67efa6174f5b,1
hpcaitech/ColossalAI,code_change_lines_sum,https://oss.open-digger.cn/github/hpcaitech/ColossalAI/code_change_lines_sum.json,200,,1125,7ed887783b86010d4e6d755b41346cc93fb47db7aa3e1a1397bab4095eb39cae,1
hrydgard/ppsspp,issue_resolution_duration,https://oss.open-digger.cn/github/hrydgard/ppsspp/issue_resolution_duration.json,200,,19450,96d33d194b348cf624811a4ce38618c4ec51dfe3a0f7dc271ccf4e6937a31418,1
hrydgard/ppsspp,issue_age,https://oss.open-digger.cn/github/hrydgard/ppsspp/issue_age.json,200,,21057,f491dbdf8b95cd82e35ae84d9531df164e7f519e45516a15a79abf340adf80ab,1
hrydgard/ppsspp,issues_new,https://oss.open-digger.cn/github/hrydgard/ppsspp/issues_new.json,200,,2540,213f0605b9c402886839c41f5e76d80d533c0fbeed17388fbaf555ec769a92e5,1
hrydgard/ppsspp,contributors,https://oss.open-digger.cn/github/hrydgard/ppsspp/contributors.json,200,,2404,11047f5398e5afde0a772ea6df859540be84408a71c97191b15b29e34e0e6cb9,1
hrydgard/ppsspp,code_change_lines_sum,https://oss.open-digger.cn/github/hrydgard/ppsspp/code_change_lines_sum.json,200,,2982,2603586a64bc63e4ab7a48269ef024b6d5be9c2acb1b1be8a875f0826826f10a,1
humhub/humhub,issue_resolution_duration,https://oss.open-digger.cn/github/humhub/humhub/issue_resolution_duration.json,200,,19102,a9721b970b65b4054e855e08c910142c9d403aa9f6c3acc37c39a531f72194c2,1
humhub/humhub,issue_age,https://oss.open-digger.cn/github/humhub/humhub/issue_age.json,200,,20951,433fad6d1a7910b0a6a90cafc5d24a0c104f357ceb195b2109d3c45e450132f7,1
humhub/humhub,issues_new,https://oss.open-digger.cn/github/humhub/humhub/issues_new.json,200,,2501,0c7023bce2cb17a0197cd0971120e412186ca77fed6ec48d6bc0a85f1e6a7841,1
humhub/humhub,contributors,https://oss.open-digger.cn/github/humhub/humhub/contributors.json,200,,2260,45f0ef37080f4e4fdb2ece3bf1a8aaaa7d2fe843b19e85b290385330be070fba,1
humhub/humhub,code_change_lines_sum,https://oss.open-digger.cn/github/humhub/humhub/code_change_lines_sum.json,200,,2909,9beaf83a1d69ec0d3886b971dfd284e44e97249b5656750ab1817ef90a7633be,1
hwameistor/hwameistor,issue_resolution_duration,https://oss.open-digger.cn/github/hwameistor/hwameistor/issue_resolution_duration.json,200,,6033,46cc46a55448ba7822c9218c75411918611d55abe1b69101552e3e26b4a3eb48,1
hwameistor/hwameistor,issue_age,https://oss.open-digger.cn/github/hwameistor/hwameistor/issue_age.json,200,,6861,eb1ffa52e6729ec01e5f61715af2dec483d070cb914af2949e177f3a902b1f22,1
hwameistor/hwameistor,issues_new,https://oss.open-digger.cn/github/hwameistor/hwameistor/issues_new.json,200,,806,0042d843ed35169ce543be80b20edc6aa95c34e1838540577e0209b97cefdb6f,1
hwameistor/hwameistor,contributors,https://oss.open-digger.cn/github/hwameistor/hwameistor/contributors.json,200,,784,db319e7fc31c0778843ed9c0b969048e2ca71f0ed625b8b35487632543c56f15,1
hwameistor/hwameistor,code_change_lines_sum,https://oss.open-digger.cn/github/hwameistor/hwameistor/code_change_lines_sum.json,200,,952,f2ad2ab58965443e9f04bffcc2a65281eba40ecffebeff03df0f199eb18fd025,1
hyperledger/fabric,issue_resolution_duration,https://oss.open-digger.cn/github/hyperledger/fabric/issue_resolution_duration.json,200,,7402,93ab7d955c1dda809147a5b1169065b1e53cb28f179dc4979c48141c177834f2,1
hyperledger/fabric,issue_age,https://oss.open-digger.cn/github/hyperledger/fabric/issue_age.json,200,,10270,997c15db8cee398d8af5aff1d162fdfaeddb83d4be5510cf3bbcecb9143975df,1
hyperledger/fabric,issues_new,https://oss.open-digger.cn/github/hyperledger/fabric/issues_new.json,200,,1025,1594106017e75171a081d91c54f626e718f3f095fa21e12d409bfea6aa825932,1
hyperledger/fabric,contributors,https://oss.open-digger.cn/github/hyperledger/fabric/contributors.json,200,,1416,64a1951cd906403cf50e03e51c757109d41ad1c63e7491c03b2afbc8472cd022,1
hyperledger/fabric,code_change_lines_sum,https://oss.open-digger.cn/github/hyperledger/fabric/code_change_lines_sum.json,200,,2581,7ddc200d6aa438131cb8b5177cab46533a152225c26a8062fd043d6c35a05f71,1
i18next/i18next,issue_resolution_duration,https://oss.open-digger.cn/github/i18next/i18next/issue_resolution_duration.json,200,,18240,b7fc47c2b44b630d77c504ee2b90108b4b94e0c60d60d5953b7f548c01fd310a,1
i18next/i18next,issue_age,https://oss.open-digger.cn/github/i18next/i18next/issue_age.json,200,,20141,f852114817a507b63c1f162ec415a0f8f043929d77cf0115858b8dc50550eb0a,1
i18next/i18next,issues_new,https://oss.open-digger.cn/github/i18next/i18next/issues_new.json,200,,2387,455480d0b479e6597cdddf3286141f6a760f415a1503058b73e6b53cc6194d91,1
i18next/i18next,contributors,https://oss.open-digger.cn/github/i18next/i18next/contributors.json,200,,1967,ba72e8161607cc8aa6d9911e09773a542ef8ed21b36c0f9f02b3c7b9b2bc8977,1
i18next/i18next,code_change_lines_sum,https://oss.open-digger.cn/github/i18next/i18next/code_change_lines_sum.json,200,,2375,065c14c00d6c5cc220fdc3d593db6a2dec6729cc1dbb10cbdf9282d9fb84381a,1
i3/i3,issue_resolution_duration,https://oss.open-digger.cn/github/i3/i3/issue_resolution_duration.json,200,,18383,404f9c9df216772758abb807a537271446ebe42ae3816f3af3744ff333b249a9,1
i3/i3,issue_age,https://oss.open-digger.cn/github/i3/i3/issue_age.json,200,,20418,999f30f33be064b87b1f7086e3cb46c140bb54425d941c21c30b8e8fcb650d59,1
i3/i3,issues_new,https://oss.open-digger.cn/github/i3/i3/issues_new.json,200,,2397,932f847b1df36188d9b5a537b2fbd56b5c107b9402a0d00a9b4410aa5448da8b,1
i3/i3,contributors,https://oss.open-digger.cn/github/i3/i3/contributors.json,200,,2030,960b29dd7c28b04c0a41bffd6f26f4954d508987f58e0eaa1fef3616c7cdb6f6,1
i3/i3,code_change_lines_sum,https://oss.open-digger.cn/github/i3/i3/code_change_lines_sum.json,200,,2485,41d142c46636d5c47793af23b5f395b0a2150fae82a00b13321f6a4e5d097be4,1
iamkun/dayjs,issue_resolution_duration,https://oss.open-digger.cn/github/iamkun/dayjs/issue_resolution_duration.json,200,,12310,f9884cafea2e4adf22f8fce473cb26dde5e791f570aea81c595576d503b77e91,1
iamkun/dayjs,issue_age,https://oss.open-digger.cn/github/iamkun/dayjs/issue_age.json,200,,14607,6b64a496dcfc7da1fa2983c500c0131daa7c2c472809a37f6f645ce5fafc3e37,1
iamkun/dayjs,issues_new,https://oss.open-digger.cn/github/iamkun/dayjs/issues_new.json,200,,1748,f7d8fb087bcf6fa430f2ffb66cca48f240017f7e701ca955b662e4c6eef5e10d,1
iamkun/dayjs,contributors,https://oss.open-digger.cn/github/iamkun/dayjs/contributors.json,200,,1254,e7ee87de9d2a994f7bf463bfcab0f029cc0eacf7d5ab3a160b1066af3788624c,1
iamkun/dayjs,code_change_lines_sum,https://oss.open-digger.cn/github/iamkun/dayjs/code_change_lines_sum.json,200,,1942,4613bf7c55202bb6b2bd7b2d5d7af41a2b5424bc54a76eb661ae93383ba6b8c7,1
ianyh/Amethyst,issue_resolution_duration,https://oss.open-digger.cn/github/ianyh/Amethyst/issue_resolution_duration.json,200,,18655,3b085cb772e1a3e23928d096c8cd2e34137930c44a332c8a74f467bb1fa656ef,1
ianyh/Amethyst,issue_age,https://oss.open-digger.cn/github/ianyh/Amethyst/issue_age.json,200,,20600,4d93ce188143088e3c0eb6ed44239fb75f7b5ecd01f70a3430d034935047453b,1
ianyh/Amethyst,issues_new,https://oss.open-digger.cn/github/ianyh/Amethyst/issues_new.json,200,,2333,a78351e09a2104c6df7cbfe2b4d2b06864292f102ca14394aa5d5b5d408f962b,1
ianyh/Amethyst,contributors,https://oss.open-digger.cn/github/ianyh/Amethyst/contributors.json,200,,1670,caff4cac7c021ed7578e39347b953b75e85059b1789d01498b35cdc65ef3b1c7,1
ianyh/Amethyst,code_change_lines_sum,https://oss.open-digger.cn/github/ianyh/Amethyst/code_change_lines_sum.json,200,,2187,88ad65f7584fe5422b1b3b7ca8fa795726b1658c24fc612d97dae8d324d13359,1
ibireme/YYKit,issue_resolution_duration,https://oss.open-digger.cn/github/ibireme/YYKit/issue_resolution_duration.json,200,,6768,73be9359eb6b4a8dd4be3c7e23345ade1c7ed9215ed5f01cfd71112a09bfcc4b,1
ibireme/YYKit,issue_age,https://oss.open-digger.cn/github/ibireme/YYKit/issue_age.json,200,,19370,88a728037f477b1646f4a498cb792e0805fd6470f51318a35d39a9529dffc3e6,1
ibireme/YYKit,issues_new,https://oss.open-digger.cn/github/ibireme/YYKit/issues_new.json,200,,1535,0e2fb5d875c9fb2d01136a5b2f8a72cbee8650e223bac5ebbcd89e7212b2c196,1
ibireme/YYKit,contributors,https://oss.open-digger.cn/github/ibireme/YYKit/contributors.json,200,,194,528b862218d431dc02fd1c7d4f58adb43cccaeb64dc74cfdb081d9bfc54c4785,1
ibireme/YYKit,code_change_lines_sum,https://oss.open-digger.cn/github/ibireme/YYKit/code_change_lines_sum.json,200,,824,821dd6a4942318bfc467c9dc133461679c3dd59738c7c03136493716027501ed,1
ibireme/YYText,issue_resolution_duration,https://oss.open-digger.cn/github/ibireme/YYText/issue_resolution_duration.json,200,,8199,431d5068697396922bb20fd7a2d18e40aaea0ae52eb51a0b027ef88123db0a41,1
ibireme/YYText,issue_age,https://oss.open-digger.cn/github/ibireme/YYText/issue_age.json,200,,19492,0314f58a17d6d0290c958c3265933a7b6c0942618bfb3c3a39c14c71846d1081,1
ibireme/YYText,issues_new,https://oss.open-digger.cn/github/ibireme/YYText/issues_new.json,200,,1819,565469ae2215f14bfd3a54c03743b3b50df0c501a60215eb2f7c932f9e27bf92,1
ibireme/YYText,contributors,https://oss.open-digger.cn/github/ibireme/YYText/contributors.json,200,,132,21bc6eea1256e77cc4fd8ce645ec4e17588c31abc95d5dbb8aa37fd4c642f71b,1
ibireme/YYText,code_change_lines_sum,https://oss.open-digger.cn/github/ibireme/YYText/code_change_lines_sum.json,200,,903,a192c880e812fc170808208496b4e3de6bd30e3cdb93ffa924daceb63b4b2ad2,1
iced-rs/iced,issue_resolution_duration,https://oss.open-digger.cn/github/iced-rs/iced/issue_resolution_duration.json,200,,11110,6a10b03b115e09458318488beead6acecab4458596a6a051d311f3c49d129124,1
iced-rs/iced,issue_age,https://oss.open-digger.cn/github/iced-rs/iced/issue_age.json,200,,12265,63cf734a361a5e06ccadcb57e0025581a0f5fba050fba201e130a5f194d53a44,1
iced-rs/iced,issues_new,https://oss.open-digger.cn/github/iced-rs/iced/issues_new.json,200,,1484,32a6264551018daf7000249f8aa9f7924d21d43646e96670edb50abe62f8319f,1
iced-rs/iced,contributors,https://oss.open-digger.cn/github/iced-rs/iced/contributors.json,200,,1390,1450a79a8523ae221a08c4fff8fdc46a4c94ee609b70d9f2b85bcf3065b31f97,1
iced-rs/iced,code_change_lines_sum,https://oss.open-digger.cn/github/iced-rs/iced/code_change_lines_sum.json,200,,1726,bb8d53eb5f2ac205c382ba9179137824ab18f25ac56e3a3129470a54ab091f9a,1
icsharpcode/ILSpy,issue_resolution_duration,https://oss.open-digger.cn/github/icsharpcode/ILSpy/issue_resolution_duration.json,200,,18886,d38267295fceae6505371662b8eb83d01b3084146aa7281800bc72f64df6eccd,1
icsharpcode/ILSpy,issue_age,https://oss.open-digger.cn/github/icsharpcode/ILSpy/issue_age.json,200,,20616,e887ede32b01db2cd353dc3c766352940589abe027b71b1ba290412d498857b7,1
icsharpcode/ILSpy,issues_new,https://oss.open-digger.cn/github/icsharpcode/ILSpy/issues_new.json,200,,2433,5b8250cd81605a5cd0a0c9a14460f8ad02f0ed0aa2df2058cf178d3af97374c3,1
icsharpcode/ILSpy,contributors,https://oss.open-digger.cn/github/icsharpcode/ILSpy/contributors.json,200,,1994,33591d8462497fc4e65693b4bf99f1e8d86a6a630ae3f1cc4e29c0d49d659734,1
icsharpcode/ILSpy,code_change_lines_sum,https://oss.open-digger.cn/github/icsharpcode/ILSpy/code_change_lines_sum.json,200,,2761,1b21bed38e9f844c88f901e8e4402c23db87518c0dfcf63b4b56a02fc9927f13,1
infiniticio/infinitic,issue_resolution_duration,https://oss.open-digger.cn/github/infiniticio/infinitic/issue_resolution_duration.json,200,,4416,1cc58248d07dd7dd2ccb9c8466086471c18779bc38bbb07dcf14cccd415ceb43,1
infiniticio/infinitic,issue_age,https://oss.open-digger.cn/github/infiniticio/infinitic/issue_age.json,200,,9504,8819a72db2d8918f663a0022bc8a630df7ef237dd7d81cfb65f6f9ce0b8596c6,1
infiniticio/infinitic,issues_new,https://oss.open-digger.cn/github/infiniticio/infinitic/issues_new.json,200,,511,d583a0eda8927aab1bde23d62cffe6fa3e1a0eb1f0d062aa7e8c394ecef05965,1
infiniticio/infinitic,contributors,https://oss.open-digger.cn/github/infiniticio/infinitic/contributors.json,200,,743,247e076b2fab59973093b1ff784aae7047bded264b36602b49981b48c6217e9b,1
infiniticio/infinitic,code_change_lines_sum,https://oss.open-digger.cn/github/infiniticio/infinitic/code_change_lines_sum.json,200,,1065,72286709b03b8f674ebb45f8ed42a351260815aca9fb7fcecd96a06a66a030a7,1
influxdata/influxdb,issue_resolution_duration,https://oss.open-digger.cn/github/influxdata/influxdb/issue_resolution_duration.json,200,,19581,199d371551f6c1bd21c566ec2638c5ce84fe590ffb0eb580b1cda85dd9e0bd81,1
influxdata/influxdb,issue_age,https://oss.open-digger.cn/github/influxdata/influxdb/issue_age.json,200,,20957,d44f1ff8967a65d9817fbe61ac29243ee9c32fc0fc7f8fd84b99ee649c945146,1
influxdata/influxdb,issues_new,https://oss.open-digger.cn/github/influxdata/influxdb/issues_new.json,200,,2569,b055a74701e77fc203e217b1542504e8602478d8c7809cf0887fb80b0085a841,1
influxdata/influxdb,contributors,https://oss.open-digger.cn/github/influxdata/influxdb/contributors.json,200,,2415,25756e9b0d8dc0044f2ca3e1f7903ad38adf0b709ff9e9a72e41a0f80ff5b792,1
influxdata/influxdb,code_change_lines_sum,https://oss.open-digger.cn/github/influxdata/influxdb/code_change_lines_sum.json,200,,3046,c6c5ef4dba80dd275f32ccc427e946fa7fcfd42a589d82c4b0044480bce03fea,1
InsightSoftwareConsortium/ITK,issue_resolution_duration,https://oss.open-digger.cn/github/InsightSoftwareConsortium/ITK/issue_resolution_duration.json,200,,13083,6c5c494c667389a8c1823fdfdeaac1bb3ff8a371e5c31febacf015173e178cde,1
InsightSoftwareConsortium/ITK,issue_age,https://oss.open-digger.cn/github/InsightSoftwareConsortium/ITK/issue_age.json,200,,13938,e04c8aef3b13caa940f1d867e2cfc340288eda49d509aebd978967c68fb41b08,1
InsightSoftwareConsortium/ITK,issues_new,https://oss.open-digger.cn/github/InsightSoftwareConsortium/ITK/issues_new.json,200,,1680,4f38f3890cf0f67b9cb790f0aee7c6fef529b89adc9f9efb1f0bc0545d2a4425,1
InsightSoftwareConsortium/ITK,contributors,https://oss.open-digger.cn/github/InsightSoftwareConsortium/ITK/contributors.json,200,,1657,c771cb86492ffdbe9f6dbcdfef9c6464b69c644254a72d10b62e7127b898828a,1
InsightSoftwareConsortium/ITK,code_change_lines_sum,https://oss.open-digger.cn/github/InsightSoftwareConsortium/ITK/code_change_lines_sum.json,200,,2382,fb26d4dcb5c21effb53ff88c300bd8ac8e637ee9ca5724d58f96c8a3777b8de3,1
intuit/auto,issue_resolution_duration,https://oss.open-digger.cn/github/intuit/auto/issue_resolution_duration.json,200,,8678,4f68ad881b6d115a61888c736fd76fb50fd1c6b2f1e9b53477d107b2bfaee2be,1
intuit/auto,issue_age,https://oss.open-digger.cn/github/intuit/auto/issue_age.json,200,,13444,0a8a306ee20b5b4c7e25bf10d8158974a518e7b1a4db2d45386bad947ccaa493,1
intuit/auto,issues_new,https://oss.open-digger.cn/github/intuit/auto/issues_new.json,200,,1334,583e97896e66cf35fd7dd331dcedd1397524dd52596849451d60c370d928b0ff,1
intuit/auto,contributors,https://oss.open-digger.cn/github/intuit/auto/contributors.json,200,,1074,05d454fa62f0c39813331bfa9481a0ae2f93240da31869a4be83a0be51539a52,1
intuit/auto,code_change_lines_sum,https://oss.open-digger.cn/github/intuit/auto/code_change_lines_sum.json,200,,1569,4f0726ec71a5a35ede6cdc8d4bb438b736663321c44a7d5ecdc182feaf4994bd,1
ipfs/helia,issue_resolution_duration,https://oss.open-digger.cn/github/ipfs/helia/issue_resolution_duration.json,200,,5147,3fcf40fae9fa91cd0a18369c6008f8c5e30c87c69b3763aecb7513cb7d06507c,1
ipfs/helia,issue_age,https://oss.open-digger.cn/github/ipfs/helia/issue_age.json,200,,6174,3771f3bc421863d66ebaa4ed0dd3985941649b40dffd26001ee5f83677c7e9cd,1
ipfs/helia,issues_new,https://oss.open-digger.cn/github/ipfs/helia/issues_new.json,200,,625,6d10238e736683e70210b843705dc55665c723397afc01c459deb3f500e6ede8,1
ipfs/helia,contributors,https://oss.open-digger.cn/github/ipfs/helia/contributors.json,200,,579,4a8adb7687e5d9c7d86ed01a2e8fa44c6d3ec610e00116ea14171d8dfd712451,1
ipfs/helia,code_change_lines_sum,https://oss.open-digger.cn/github/ipfs/helia/code_change_lines_sum.json,200,,708,d15b4ce8e7d536a225a17a72e911f8960f6afa11acb3dfaa74b1a5cb872b65b5,1
ipfs/ipfs-desktop,issue_resolution_duration,https://oss.open-digger.cn/github/ipfs/ipfs-desktop/issue_resolution_duration.json,200,,16376,4974407125ffb824d1afb9669fea501a98882da84baf8ee85ee5a77c264801bf,1
ipfs/ipfs-desktop,issue_age,https://oss.open-digger.cn/github/ipfs/ipfs-desktop/issue_age.json,200,,19866,1dd40ccc166d0dc5da5c20944078781882123450f16d17ef31a215946b49027f,1
ipfs/ipfs-desktop,issues_new,https://oss.open-digger.cn/github/ipfs/ipfs-desktop/issues_new.json,200,,2098,9c1ece495fc8962a37e04e9badc2648d8051d395eef9f01c1eb29cdc09afa453,1
ipfs/ipfs-desktop,contributors,https://oss.open-digger.cn/github/ipfs/ipfs-desktop/contributors.json,200,,1793,f5f4ac99e39b3ed824783ff7125c88a06774a320b4459026ba203ec8224deae4,1
ipfs/ipfs-desktop,code_change_lines_sum,https://oss.open-digger.cn/github/ipfs/ipfs-desktop/code_change_lines_sum.json,200,,2251,158bd6e0ddc6a2c2dbf0b7106e9213175c1995a21615eac6e69097d8cdb67836,1
istanbuljs/istanbuljs,issue_resolution_duration,https://oss.open-digger.cn/github/istanbuljs/istanbuljs/issue_resolution_duration.json,200,,9697,e51144a5166e804e5cf161f1cfdbb67289238724576b0daa3487fb5e3024458b,1
istanbuljs/istanbuljs,issue_age,https://oss.open-digger.cn/github/istanbuljs/istanbuljs/issue_age.json,200,,16777,82393fe0d8b6da6aa62be53bc0c2cee0d023d699d21611fbae1f965e6faa969f,1
istanbuljs/istanbuljs,issues_new,https://oss.open-digger.cn/github/istanbuljs/istanbuljs/issues_new.json,200,,1669,d4dfc916dc81d448c99995c9f214cc13348ad794cafe8e81a9cfebe521e2461d,1
istanbuljs/istanbuljs,contributors,https://oss.open-digger.cn/github/istanbuljs/istanbuljs/contributors.json,200,,1039,d3ccac6c202dc9f08bf3ef590abe28be1df0838627c6f897adfcafa03be58293,1
istanbuljs/istanbuljs,code_change_lines_sum,https://oss.open-digger.cn/github/istanbuljs/istanbuljs/code_change_lines_sum.json,200,,1611,21b3d221953e9b85ccf99c049127673c29ec8cd1e29477f2ecdd28d4058f8d60,1
istio/istio,issue_resolution_duration,https://oss.open-digger.cn/github/istio/istio/issue_resolution_duration.json,200,,16454,6c73836a65c00928c769a1e4885be5b6387b65e887074d5ecd8bdd64c2583dcf,1
istio/istio,issue_age,https://oss.open-digger.cn/github/istio/istio/issue_age.json,200,,17137,d0a341be4706d7e4b0f796fade37e31c285bfee578ce4646067ca82be9dd364c,1
istio/istio,issues_new,https://oss.open-digger.cn/github/istio/istio/issues_new.json,200,,2205,d702a68dfff0bb255c77ae0a98743b592fd9a6abf27daffe56521186d4cb1034,1
istio/istio,contributors,https://oss.open-digger.cn/github/istio/istio/contributors.json,200,,2124,57e7a03d56b99335447307f24a407f77febd7b1f3ca6a5dec5ad21f5e4db1c9f,1
istio/istio,code_change_lines_sum,https://oss.open-digger.cn/github/istio/istio/code_change_lines_sum.json,200,,2610,8c41570c06468068396fdd80bf15b30d731e6704eae03dcfa58b2bc1a78d58af,1
istio/ztunnel,issue_resolution_duration,https://oss.open-digger.cn/github/istio/ztunnel/issue_resolution_duration.json,200,,5340,98f0a76c6df13b930ede43b14992f02605381fe8af1d9c62364afb2c71832fbc,1
istio/ztunnel,issue_age,https://oss.open-digger.cn/github/istio/ztunnel/issue_age.json,200,,6229,01829828b0a605ff7a0b83f6fc349a1e424f9c64b2db05f0832373fa91d48d92,1
istio/ztunnel,issues_new,https://oss.open-digger.cn/github/istio/ztunnel/issues_new.json,200,,722,716f9ec33e4f3739db891bb4c5374fdd7eef8484b9310756217409e7969edfd2,1
istio/ztunnel,contributors,https://oss.open-digger.cn/github/istio/ztunnel/contributors.json,200,,746,b1376944e5ca60ca70b1023d53cfadca11fe9e9eac7dd1039d9b0c6ead1c607b,1
istio/ztunnel,code_change_lines_sum,https://oss.open-digger.cn/github/istio/ztunnel/code_change_lines_sum.json,200,,954,b8ab0ae4f1076ca99d6da2b6b0e1d4538fbbc816691f6a592ab3cab55c0b7bdd,1
ithewei/libhv,issue_resolution_duration,https://oss.open-digger.cn/github/ithewei/libhv/issue_resolution_duration.json,200,,9367,103ab4051039834fbc79f798c2c860565c4e232a0552b32084c4e3374beec6fe,1
ithewei/libhv,issue_age,https://oss.open-digger.cn/github/ithewei/libhv/issue_age.json,200,,9758,c9d620976d891c952cb690a9cc44d21c64706e7cd11e7bff015506b9177468e5,1
ithewei/libhv,issues_new,https://oss.open-digger.cn/github/ithewei/libhv/issues_new.json,200,,1252,add10cc989c7f17d33a885e31fad273e3686be274ea60ceea9302ed7574bd073,1
ithewei/libhv,contributors,https://oss.open-digger.cn/github/ithewei/libhv/contributors.json,200,,781,740922f56185a5c11681cc0e39cc816afa30df47bf3630aee94f09fe06a7d42e,1
ithewei/libhv,code_change_lines_sum,https://oss.open-digger.cn/github/ithewei/libhv/code_change_lines_sum.json,200,,1107,9d41e4a117fb2b7d0926070d2843769af72a462868a2acf6192b8fa225914804,1
IvorySQL/IvorySQL,issue_resolution_duration,https://oss.open-digger.cn/github/IvorySQL/IvorySQL/issue_resolution_duration.json,200,,6914,86b07e3c9e7979e57814e4c47a52233b93289e425dd1b6d440a5cbbf8d9621a8,1
IvorySQL/IvorySQL,issue_age,https://oss.open-digger.cn/github/IvorySQL/IvorySQL/issue_age.json,200,,7814,e923a33cebf0aa969fda528beae40d2077ea94604352b9069b781e0c591fe27e,1
IvorySQL/IvorySQL,issues_new,https://oss.open-digger.cn/github/IvorySQL/IvorySQL/issues_new.json,200,,890,2582886e40aa7f999ca2786d81b255aac2beb6483140c10b9234d5bfaf1c6b04,1
IvorySQL/IvorySQL,contributors,https://oss.open-digger.cn/github/IvorySQL/IvorySQL/contributors.json,200,,656,6407f6784191d4b16336cbeacbc296196852d88126766f42ce6ba4346d0b7f00,1
IvorySQL/IvorySQL,code_change_lines_sum,https://oss.open-digger.cn/github/IvorySQL/IvorySQL/code_change_lines_sum.json,200,,946,1463c04dd77b7d19b918e424ae80289183639a9ce79ece7a53c6c702507c74bd,1
JamesNK/Newtonsoft.Json,issue_resolution_duration,https://oss.open-digger.cn/github/JamesNK/Newtonsoft.Json/issue_resolution_duration.json,200,,17685,01ad1f7d110029cdb2d91b3cba90314f7608943fc1e64bcc3a4a648f0bd17708,1
JamesNK/Newtonsoft.Json,issue_age,https://oss.open-digger.cn/github/JamesNK/Newtonsoft.Json/issue_age.json,200,,20706,0e3e412aa40eabc67695e9ed3627f73266af58167e4615342f39365c739dabae,1
JamesNK/Newtonsoft.Json,issues_new,https://oss.open-digger.cn/github/JamesNK/Newtonsoft.Json/issues_new.json,200,,2360,d1a733aa0f5c838dcdcb86f65c6b3eaadcc04451065e16461fa2b70614d7a382,1
JamesNK/Newtonsoft.Json,contributors,https://oss.open-digger.cn/github/JamesNK/Newtonsoft.Json/contributors.json,200,,1401,08fd93a1281ba01ed42825740ad6dd40f59b6c2cd51dda666ec8fc687c38ff4a,1
JamesNK/Newtonsoft.Json,code_change_lines_sum,https://oss.open-digger.cn/github/JamesNK/Newtonsoft.Json/code_change_lines_sum.json,200,,2321,1190d5843509d472645be2db84f09327cad5687901a3345e2c28464960f816eb,1
jashkenas/backbone,issue_resolution_duration,https://oss.open-digger.cn/github/jashkenas/backbone/issue_resolution_duration.json,200,,9860,d9a176f03300c9e43ab5a48604de7ab61c2bf300ee071a3d21f7e1cfaf715743,1
jashkenas/backbone,issue_age,https://oss.open-digger.cn/github/jashkenas/backbone/issue_age.json,200,,20812,1f70c07ce026433ca285b94ea446f0613f7c20d018a3cf25c2ae8bf6834ec0c7,1
jashkenas/backbone,issues_new,https://oss.open-digger.cn/github/jashkenas/backbone/issues_new.json,200,,1385,d1e97f3bb8b8a070ace28ddadb37433260f978e3c678bc4f56898fceb902755b,1
jashkenas/backbone,contributors,https://oss.open-digger.cn/github/jashkenas/backbone/contributors.json,200,,848,a1c12cc80b22cbb3545a561acddd53ec3c71de0f81413e61129e0dfc3d61246b,1
jashkenas/backbone,code_change_lines_sum,https://oss.open-digger.cn/github/jashkenas/backbone/code_change_lines_sum.json,200,,1374,e148960a9b626c68de2d1e3f5e5bcd0c4cec960bda7c16a7294f69e4508dc498,1
jashkenas/coffeescript,issue_resolution_duration,https://oss.open-digger.cn/github/jashkenas/coffeescript/issue_resolution_duration.json,200,,14332,f18b739c7df3bde128d96438193970be9de47c1b85156fc76eeb47515ed47382,1
jashkenas/coffeescript,issue_age,https://oss.open-digger.cn/github/jashkenas/coffeescript/issue_age.json,200,,20549,c2ed43133366c2e553df2652b12a023ffa9f974f640dfcfc262d655a8d4dc01b,1
jashkenas/coffeescript,issues_new,https://oss.open-digger.cn/github/jashkenas/coffeescript/issues_new.json,200,,2016,815c6cffff60a25df4c4bd747af83636c66f753399904b186f0dec2c748e9546,1
jashkenas/coffeescript,contributors,https://oss.open-digger.cn/github/jashkenas/coffeescript/contributors.json,200,,1216,04f80988c465c3e5ae97a7b1fae915bfd3ed0cff2d8746372261558e755a7c52,1
jashkenas/coffeescript,code_change_lines_sum,https://oss.open-digger.cn/github/jashkenas/coffeescript/code_change_lines_sum.json,200,,1820,4267021fce1184ef95b3d5f25c2bd85081b18787d32b7285a8550f5d476043ed,1
jashkenas/underscore,issue_resolution_duration,https://oss.open-digger.cn/github/jashkenas/underscore/issue_resolution_duration.json,200,,13460,c08f2b602db26b629ed9374829ff844eb5546163a2d47237d3db7e3d962e80ea,1
jashkenas/underscore,issue_age,https://oss.open-digger.cn/github/jashkenas/underscore/issue_age.json,200,,20704,f690f139d72bf7e98f2d919449919fb756992ae9cd0364b34afef5b62132a969,1
jashkenas/underscore,issues_new,https://oss.open-digger.cn/github/jashkenas/underscore/issues_new.json,200,,1745,31e48383c84f73f5aa0aadf31bc6bdd94060cb394d4ddc968a4c60d0847fdee5,1
jashkenas/underscore,contributors,https://oss.open-digger.cn/github/jashkenas/underscore/contributors.json,200,,1072,00fa48bda0e5de9789dc7d9ec339929ce648b9f8a503a0d2196916988ab40e09,1
jashkenas/underscore,code_change_lines_sum,https://oss.open-digger.cn/github/jashkenas/underscore/code_change_lines_sum.json,200,,1737,dfefedfa194654c6148d69c55a8cdc9f02df1e4f5be226908a22f466c7900cf6,1
jasmine/jasmine,issue_resolution_duration,https://oss.open-digger.cn/github/jasmine/jasmine/issue_resolution_duration.json,200,,17236,d8ac7d40f03747f2cb421c074321fbfc2dbe931729985b6a7f7af0d4fdd62c21,1
jasmine/jasmine,issue_age,https://oss.open-digger.cn/github/jasmine/jasmine/issue_age.json,200,,20522,647dbca7e738d7e7ddd1c0ea7abc4ac8def14c9e52e3f0c367111b37e2897d3b,1
jasmine/jasmine,issues_new,https://oss.open-digger.cn/github/jasmine/jasmine/issues_new.json,200,,2204,e06828cbffb09bade4315d64d084d059f0eb77080a26480f46ed812b0b99b52c,1
jasmine/jasmine,contributors,https://oss.open-digger.cn/github/jasmine/jasmine/contributors.json,200,,1529,16c0682e3fc79f75a21e569d3a10a04ed62cb6b1300f44d5bf309ceab13667e9,1
jasmine/jasmine,code_change_lines_sum,https://oss.open-digger.cn/github/jasmine/jasmine/code_change_lines_sum.json,200,,2060,ecd83b8dca792a24e76cbc57a9086d4f3cd979b3c2396e51d68b15a4adbf4a95,1
java-native-access/jna,issue_resolution_duration,https://oss.open-digger.cn/github/java-native-access/jna/issue_resolution_duration.json,200,,16733,54bbe98d4650001754c853ad7e5e6510b13b911cf135ca8208e2fa23d8afb7d2,1
java-native-access/jna,issue_age,https://oss.open-digger.cn/github/java-native-access/jna/issue_age.json,200,,20760,76f3dd896a559aa7ae33fe0041f937883365f72d096298a194ddc9a0d5424167,1
java-native-access/jna,issues_new,https://oss.open-digger.cn/github/java-native-access/jna/issues_new.json,200,,2230,008f5f6ca1999f19a90e959902d9e68a83d82e1c479ca7759a2190400cb59d09,1
java-native-access/jna,contributors,https://oss.open-digger.cn/github/java-native-access/jna/contributors.json,200,,1899,8726a9c8665b4a1184b928b91b5df477bc1a1c06aff48d1b66be3af858b3baee,1
java-native-access/jna,code_change_lines_sum,https://oss.open-digger.cn/github/java-native-access/jna/code_change_lines_sum.json,200,,2507,fe801d5f7c0ad90e1ed15dc62a2d6122eda4cff55d0a4296824deefebfacfec1,1
jeapostrophe/racket-langserver,issue_resolution_duration,https://oss.open-digger.cn/github/jeapostrophe/racket-langserver/issue_resolution_duration.json,200,,6101,7e0bb8881430f6851ee2bbaf9e45d5c627b5159da870bda6bb3baaeeb2007356,1
jeapostrophe/racket-langserver,issue_age,https://oss.open-digger.cn/github/jeapostrophe/racket-langserver/issue_age.json,200,,14337,370994fc93879d2bba1f12c1be410d572799f5631b668a99aa53a9c1c1fc7889,1
jeapostrophe/racket-langserver,issues_new,https://oss.open-digger.cn/github/jeapostrophe/racket-langserver/issues_new.json,200,,868,a3e7cd0d2dcfe6cb4c9cee9dcea8a96e61823db4cc43dacaa1928fedfb9daae4,1
jeapostrophe/racket-langserver,contributors,https://oss.open-digger.cn/github/jeapostrophe/racket-langserver/contributors.json,200,,537,6f773018301fb09cdb684f248b96c9b88eb6357ba4373a8c8aa0122ec007c49c,1
jeapostrophe/racket-langserver,code_change_lines_sum,https://oss.open-digger.cn/github/jeapostrophe/racket-langserver/code_change_lines_sum.json,200,,829,0863eac0aa0857d34273cb85e5c436006cfee000f17b6e3dd0ce7fdcf116c877,1
JedWatson/react-select,issue_resolution_duration,https://oss.open-digger.cn/github/JedWatson/react-select/issue_resolution_duration.json,200,,17765,26a0e324075e1b04223b599ae8cba1951748df0fd331bc1ee1fd896297c156fe,1
JedWatson/react-select,issue_age,https://oss.open-digger.cn/github/JedWatson/react-select/issue_age.json,200,,20856,e26e0e307732ec92408cf6a187eed0b6490edf9e11dd7843009f06bf07ddd3dd,1
JedWatson/react-select,issues_new,https://oss.open-digger.cn/github/JedWatson/react-select/issues_new.json,200,,2322,c7250c8570ee93ec2bd5e50a7f1993b51cfc6a4c02de32ca91d4bab2241ac478,1
JedWatson/react-select,contributors,https://oss.open-digger.cn/github/JedWatson/react-select/contributors.json,200,,1765,cef286cb0623fd70bf9d75219c9fea9dae58d40d7dc0ae9b66fcf299eae6a2e0,1
JedWatson/react-select,code_change_lines_sum,https://oss.open-digger.cn/github/JedWatson/react-select/code_change_lines_sum.json,200,,2609,d8b25cf896f8414901c322a51e1c326367aa55f72d5bb96ca4fa4cb8588763ab,1
jekyll/jekyll,issue_resolution_duration,https://oss.open-digger.cn/github/jekyll/jekyll/issue_resolution_duration.json,200,,18654,7919dd1a2df9c1aa676077c77850caa6774274e44a02712d3bc6faf7af14ba42,1
jekyll/jekyll,issue_age,https://oss.open-digger.cn/github/jekyll/jekyll/issue_age.json,200,,20574,600793f97b735d92c40d39131355bd211f7854ee05f74f7680183a6e91622758,1
jekyll/jekyll,issues_new,https://oss.open-digger.cn/github/jekyll/jekyll/issues_new.json,200,,2446,e4d3fdaf2a61822cb32e90251569fe10a5f78ef7c261e08fb910c4661fc5e22a,1
jekyll/jekyll,contributors,https://oss.open-digger.cn/github/jekyll/jekyll/contributors.json,200,,2236,399e31f2eeb23f18093008087cf18e90e2eb9faf1674288e74a49a43ae8f0927,1
jekyll/jekyll,code_change_lines_sum,https://oss.open-digger.cn/github/jekyll/jekyll/code_change_lines_sum.json,200,,2736,36997fa7c0cfba41ad8f9aa6ad1d374922ebd6c8172064c448095110c4cd5fc1,1
jeremyevans/sequel,issue_resolution_duration,https://oss.open-digger.cn/github/jeremyevans/sequel/issue_resolution_duration.json,200,,15981,fe19e7663251ea6341446e3bde79080f22da34a23932ec89f9679b434200eea9,1
jeremyevans/sequel,issue_age,https://oss.open-digger.cn/github/jeremyevans/sequel/issue_age.json,200,,17551,e46e16e00f4c89a0c5944992e580aab81dd8ffba65891e44b7bee1c35af9a254,1
jeremyevans/sequel,issues_new,https://oss.open-digger.cn/github/jeremyevans/sequel/issues_new.json,200,,2107,419db29366b025204aceaa38896f1e6818591d6441d90bdc0ec71e373b2d7095,1
jeremyevans/sequel,contributors,https://oss.open-digger.cn/github/jeremyevans/sequel/contributors.json,200,,1895,a25de94f0bd0b7fa06218f711a86deeea9d4a2ca53237bd415f6493bb3c0f879,1
jeremyevans/sequel,code_change_lines_sum,https://oss.open-digger.cn/github/jeremyevans/sequel/code_change_lines_sum.json,200,,2156,9266e9a2db1354dffcda67a85ae0401d5da29d281940ff1ba089add472903fbb,1
jfcherng/php-diff,issue_resolution_duration,https://oss.open-digger.cn/github/jfcherng/php-diff/issue_resolution_duration.json,200,,5299,5e021761fc6b7dbbffb12fbb45b161b241447cb5b3bded322f495588cef21b9a,1
jfcherng/php-diff,issue_age,https://oss.open-digger.cn/github/jfcherng/php-diff/issue_age.json,200,,12246,ef9147772a66d61ed5b160a5b82838710400cfd24ebe9664eefed80dc557bb3c,1
jfcherng/php-diff,issues_new,https://oss.open-digger.cn/github/jfcherng/php-diff/issues_new.json,200,,682,52f4efc389e6bfbda9b833debf25b4cc4e81445a472e6bb554411e3da16f1250,1
jfcherng/php-diff,contributors,https://oss.open-digger.cn/github/jfcherng/php-diff/contributors.json,200,,309,4cc300be10f9248a98887be4cf14d447d4689de4df28e8913437049a44e87aa0,1
jfcherng/php-diff,code_change_lines_sum,https://oss.open-digger.cn/github/jfcherng/php-diff/code_change_lines_sum.json,200,,377,36ebda6ff5cc3e6f8e759a58ee3693ffbebef292b5aa9b5e4ff8b64953498fe8,1
jgm/pandoc,issue_resolution_duration,https://oss.open-digger.cn/github/jgm/pandoc/issue_resolution_duration.json,200,,19069,58a4a8de3cc8e5d2209d349d97ebcf2ad4b3848cf2dd6d9b01bb052ea8a78b04,1
jgm/pandoc,issue_age,https://oss.open-digger.cn/github/jgm/pandoc/issue_age.json,200,,20962,af9a418daedec8f99344d2d2ed9e5a0745efc700a17ac97293d5e6201acb0a0b,1
jgm/pandoc,issues_new,https://oss.open-digger.cn/github/jgm/pandoc/issues_new.json,200,,2521,de0a6e1b766b96ceb5903f908a12feab14d0631bc5ebbd190ec718bc8402d2d6,1
jgm/pandoc,contributors,https://oss.open-digger.cn/github/jgm/pandoc/contributors.json,200,,2342,0d8dbf095685b5b1346767d1bea90920c7790e8d2f47bda7596bfa6351fca040,1
jgm/pandoc,code_change_lines_sum,https://oss.open-digger.cn/github/jgm/pandoc/code_change_lines_sum.json,200,,2799,2136dde6f1755d8ff7376c58ed4a8aae9769788dc0b652b50383b871d74e8b77,1
jgthms/bulma,issue_resolution_duration,https://oss.open-digger.cn/github/jgthms/bulma/issue_resolution_duration.json,200,,15826,0a2b66a3946aa9eef2f3a06b4ec2c0e00df10f7e73eb2611bd06e35725df549f,1
jgthms/bulma,issue_age,https://oss.open-digger.cn/github/jgthms/bulma/issue_age.json,200,,18871,67e47de4e2f77691617ebbfab116f1ea468f537882532cb4247127e8c52c7613,1
jgthms/bulma,issues_new,https://oss.open-digger.cn/github/jgthms/bulma/issues_new.json,200,,2181,632f2afa2f49cb07a2753386f5991b007ed7ed9e90e919a92df32e620a475f14,1
jgthms/bulma,contributors,https://oss.open-digger.cn/github/jgthms/bulma/contributors.json,200,,1725,85a11fcb2cbe3e85c1da3a61e990f0c1896af1a33519ec6c9cbed57ad8373d21,1
jgthms/bulma,code_change_lines_sum,https://oss.open-digger.cn/github/jgthms/bulma/code_change_lines_sum.json,200,,2391,89864ab194df57bc98bb1358abb9783bb4f498a7a79c8feeaf810a916be6c18e,1
jhipster/generator-jhipster,issue_resolution_duration,https://oss.open-digger.cn/github/jhipster/generator-jhipster/issue_resolution_duration.json,200,,19304,509e98d7fd68a897a42915199b83daf7b2d59e6db6c7262a0c5e2b750f6b1a78,1
jhipster/generator-jhipster,issue_age,https://oss.open-digger.cn/github/jhipster/generator-jhipster/issue_age.json,200,,20579,c7c843b6326b9c7ca94e44d8ae5dc1b2becd81699431d6f404d34f09cb68219f,1
jhipster/generator-jhipster,issues_new,https://oss.open-digger.cn/github/jhipster/generator-jhipster/issues_new.json,200,,2518,003b40126d250eb6306a274c098bfa5f42181169f7ad8f5995c54bb66eb65a78,1
jhipster/generator-jhipster,contributors,https://oss.open-digger.cn/github/jhipster/generator-jhipster/contributors.json,200,,2481,742a885a035eb8fc6c0587c7ee2b1edbfafb79ccd6a3c6dd657e0581c8c177e1,1
jhipster/generator-jhipster,code_change_lines_sum,https://oss.open-digger.cn/github/jhipster/generator-jhipster/code_change_lines_sum.json,200,,3002,57ecd2456dbe1c970b819d095c2fdadd7e4a6129da878cd2ae33ad0a99d26799,1
jhy/jsoup,issue_resolution_duration,https://oss.open-digger.cn/github/jhy/jsoup/issue_resolution_duration.json,200,,19514,3150231b7618d69f6dfc28d01647d9f0d8ec7dab7d8df3bff4fa360aad047989,1
jhy/jsoup,issue_age,https://oss.open-digger.cn/github/jhy/jsoup/issue_age.json,200,,20612,af3d4e57f5f664b19202b11b003e4ee95763652c648e59f6aa07bae94ee3ba59,1
jhy/jsoup,issues_new,https://oss.open-digger.cn/github/jhy/jsoup/issues_new.json,200,,2387,13d2d9ee6a5cb85cdc8dd3255b603b0efa276a09f12bc7466b5ba3909e052396,1
jhy/jsoup,contributors,https://oss.open-digger.cn/github/jhy/jsoup/contributors.json,200,,1251,12a3ff1ff322f336426c288b19f064a1eb87f29f055f7a3cc32c5e40769acfd4,1
jhy/jsoup,code_change_lines_sum,https://oss.open-digger.cn/github/jhy/jsoup/code_change_lines_sum.json,200,,2471,2da5460eb426aa8ed44d7380024078e4ecc6586faead85db7c0b962f076e62cb,1
jingsongliujing/OnnxOCR,issue_resolution_duration,https://oss.open-digger.cn/github/jingsongliujing/OnnxOCR/issue_resolution_duration.json,200,,1090,796ae25658a00591bc5a3a75a5730ab0854e9dea3ecec93d2cf7a1beb4805896,1
jingsongliujing/OnnxOCR,issue_age,https://oss.open-digger.cn/github/jingsongliujing/OnnxOCR/issue_age.json,200,,4344,0724b528c6f138a473e23241aab2862e28a71e9764bb146d28b55b961b94e88b,1
jingsongliujing/OnnxOCR,issues_new,https://oss.open-digger.cn/github/jingsongliujing/OnnxOCR/issues_new.json,200,,368,65ab594630e7061c3629027bd598330019d3d2ad8aca3a1a2cc26452c2943026,1
jingsongliujing/OnnxOCR,contributors,https://oss.open-digger.cn/github/jingsongliujing/OnnxOCR/contributors.json,200,,100,d5d3ff7b33ed26e6344afb63d06edb93bc4cdbe43039c3237c7b057dda6fef58,1
jingsongliujing/OnnxOCR,code_change_lines_sum,https://oss.open-digger.cn/github/jingsongliujing/OnnxOCR/code_change_lines_sum.json,200,,157,44c3f6f0d1832b2abd0dacbc0088efbbd6ba4af892d8949c9302551691432ee0,1
Jittor/jittor,issue_resolution_duration,https://oss.open-digger.cn/github/Jittor/jittor/issue_resolution_duration.json,200,,6851,7478de8065396b29ab7cb50dd9cff1647c6011de7b07706fe1651d52c0e63012,1
Jittor/jittor,issue_age,https://oss.open-digger.cn/github/Jittor/jittor/issue_age.json,200,,11130,d6898b47d6cfcd7e873b28e9f6a11bdff6821dfa745df6852c2bf43038992e50,1
Jittor/jittor,issues_new,https://oss.open-digger.cn/github/Jittor/jittor/issues_new.json,200,,1144,ae62f5a21082e3277c159cab2b0d24ab87ab519a1fd12aa9c37be567a2415881,1
Jittor/jittor,contributors,https://oss.open-digger.cn/github/Jittor/jittor/contributors.json,200,,918,d69be2ddc4935c4ad2c636c32fd074c31abe76a75c2e0a177d6cfa89efecbf2b,1
Jittor/jittor,code_change_lines_sum,https://oss.open-digger.cn/github/Jittor/jittor/code_change_lines_sum.json,200,,1125,7f9a12fd7a5cc3e3efa6f48dc3c93dcbf4109749c497392ba355c88432e37bf7,1
joblib/joblib,issue_resolution_duration,https://oss.open-digger.cn/github/joblib/joblib/issue_resolution_duration.json,200,,17687,46ca45d52e8ba01454f0c01d2b07732570272ea29f1d0e25562d35610d83c3b9,1
joblib/joblib,issue_age,https://oss.open-digger.cn/github/joblib/joblib/issue_age.json,200,,20706,eb6b99def3079bc0bbd1404f2036c5c1e078afbafdbedf1696ca39424f4cdae3,1
joblib/joblib,issues_new,https://oss.open-digger.cn/github/joblib/joblib/issues_new.json,200,,2255,c7b4a3b3977f85c3c86bc1ca608ab9c7a93c566f6f91942c050154fdb3dc4ed8,1
joblib/joblib,contributors,https://oss.open-digger.cn/github/joblib/joblib/contributors.json,200,,1801,4b66c75871fb0da075fcb25b01d26f3554c9656ec2100847729e65ef9a9a3c6c,1
joblib/joblib,code_change_lines_sum,https://oss.open-digger.cn/github/joblib/joblib/code_change_lines_sum.json,200,,2349,296f43078f8e1c8936b448ed8ea755b9fdbe00c630dd38b08c04dc349842abf0,1
jonas/tig,issue_resolution_duration,https://oss.open-digger.cn/github/jonas/tig/issue_resolution_duration.json,200,,18002,c2369633a812cb5364b0db5fe8d47b5b68f8f711205e8ad98d1f15604d1271a1,1
jonas/tig,issue_age,https://oss.open-digger.cn/github/jonas/tig/issue_age.json,200,,20788,5e842bc8c90b0795298c6687aed1f6834d2b79cc1390d6f2a331124c67f3d872,1
jonas/tig,issues_new,https://oss.open-digger.cn/github/jonas/tig/issues_new.json,200,,2267,04af903b2b52657536ffeeaefdd4b5e1483aae5931490030d2f59b2a29898982,1
jonas/tig,contributors,https://oss.open-digger.cn/github/jonas/tig/contributors.json,200,,1306,5a9500a2a9d50f73d6d009f24b6acc63a02e085c10e68e20a414bb1ec720860f,1
jonas/tig,code_change_lines_sum,https://oss.open-digger.cn/github/jonas/tig/code_change_lines_sum.json,200,,2068,eaf9a63cc584f54354c3fd8c87ee910b11b62b0ee3c8807092cd2cae283d87f9,1
jordansissel/fpm,issue_resolution_duration,https://oss.open-digger.cn/github/jordansissel/fpm/issue_resolution_duration.json,200,,13551,313c24f61c688ea188da39ab1e152c8219f58c48b89b27c4144962beaced5e69,1
jordansissel/fpm,issue_age,https://oss.open-digger.cn/github/jordansissel/fpm/issue_age.json,200,,20950,de4e6d33c1cf19a13fbc6050fae092f8b137accf950d83044d3365f807d3dbdc,1
jordansissel/fpm,issues_new,https://oss.open-digger.cn/github/jordansissel/fpm/issues_new.json,200,,2146,fa59c5b7ebb693c9f6827545c55a0a413d123d1866c799e71d41ae8167c70df9,1
jordansissel/fpm,contributors,https://oss.open-digger.cn/github/jordansissel/fpm/contributors.json,200,,1348,0fb0df3f4d3a9f5e3c722bcd0dfdf2e8bf0d1f1c73d0a9e3c947482746ca9949,1
jordansissel/fpm,code_change_lines_sum,https://oss.open-digger.cn/github/jordansissel/fpm/code_change_lines_sum.json,200,,2177,d667d003907e99947d22eb40468b3e01932e616a0c008041c899af3ca57bb646,1
josdejong/mathjs,issue_resolution_duration,https://oss.open-digger.cn/github/josdejong/mathjs/issue_resolution_duration.json,200,,18544,73b90223c7075e3d19b37f36202678f920746e85f8eab575268f091f1746911d,1
josdejong/mathjs,issue_age,https://oss.open-digger.cn/github/josdejong/mathjs/issue_age.json,200,,20588,dcd3dc93fb31b5c9c76cc2635d6479e3650173786f958ca55883ac783d70dade,1
josdejong/mathjs,issues_new,https://oss.open-digger.cn/github/josdejong/mathjs/issues_new.json,200,,2378,493b96e8a46ddbf0ebfbf6cfb6f7306bbf44ba26283c65c55ee0a3aaf58472f1,1
josdejong/mathjs,contributors,https://oss.open-digger.cn/github/josdejong/mathjs/contributors.json,200,,2136,c197a8172a07056f0da31ade57699601f42ed3211448d786d588663f3715def2,1
josdejong/mathjs,code_change_lines_sum,https://oss.open-digger.cn/github/josdejong/mathjs/code_change_lines_sum.json,200,,2764,933d5b3c7dbf82e6142db0cdc2fc43c718e227ecefebb82cfda829949c2bd6fb,1
jquery/jquery,issue_resolution_duration,https://oss.open-digger.cn/github/jquery/jquery/issue_resolution_duration.json,200,,17844,28415578fc188595830cf0d7a013875d90b20e66328be3599e76a693000b2c5f,1
jquery/jquery,issue_age,https://oss.open-digger.cn/github/jquery/jquery/issue_age.json,200,,20787,8c3445cb7dfedc02a8469670231ce4464563a3de44844d8cfabcdd2df5b8f314,1
jquery/jquery,issues_new,https://oss.open-digger.cn/github/jquery/jquery/issues_new.json,200,,2332,1834d371c026f3937363ab4af94a65ac5401843752590d420b4f8e4192847d3a,1
jquery/jquery,contributors,https://oss.open-digger.cn/github/jquery/jquery/contributors.json,200,,2123,8abacc8490495264fa0495914eb8ba3cd39bce5b5b5eefc6296cc5c9e5f37a44,1
jquery/jquery,code_change_lines_sum,https://oss.open-digger.cn/github/jquery/jquery/code_change_lines_sum.json,200,,2812,8acd8c13b1bbcdeae9eee2928054b6f0592239d9657ffa8f07dfdeff9fd087ff,1
jruby/jruby,issue_resolution_duration,https://oss.open-digger.cn/github/jruby/jruby/issue_resolution_duration.json,200,,19394,1361be51fd848a1e79e651bb5d4cd56bcc852897be45b32a99e9dd9b00fc52c8,1
jruby/jruby,issue_age,https://oss.open-digger.cn/github/jruby/jruby/issue_age.json,200,,21021,62da4d006ac5590b5eb486687ece3d4ad757ae0be6a1fce217cd951b277703ba,1
jruby/jruby,issues_new,https://oss.open-digger.cn/github/jruby/jruby/issues_new.json,200,,2474,27dda355038b99ce126f749773e7f1f61c23d77cdde6d0c24efe4c919d1161c7,1
jruby/jruby,contributors,https://oss.open-digger.cn/github/jruby/jruby/contributors.json,200,,2332,aeaaad2094c259e602a83ffe96f3bc2865788f364bb9c33e26fb46bd349e328b,1
jruby/jruby,code_change_lines_sum,https://oss.open-digger.cn/github/jruby/jruby/code_change_lines_sum.json,200,,2915,0456cbc33857ec4b4862d507096a3493ce29e71d6c6d7a8155ccdaaf271df1d7,1
jsbin/jsbin,issue_resolution_duration,https://oss.open-digger.cn/github/jsbin/jsbin/issue_resolution_duration.json,200,,12986,f6a0c75f31644c938946172b3021080a7b2469e1c105753c5ba2988d40a4065c,1
jsbin/jsbin,issue_age,https://oss.open-digger.cn/github/jsbin/jsbin/issue_age.json,200,,20217,cfc8526047eddeee7e6ca6582748644a96d970c93b57fe9073e0f894ce6d9c6c,1
jsbin/jsbin,issues_new,https://oss.open-digger.cn/github/jsbin/jsbin/issues_new.json,200,,2115,867e15250a9e7379d54392f739262e3ed2b167099068a84b2990c39d9c919421,1
jsbin/jsbin,contributors,https://oss.open-digger.cn/github/jsbin/jsbin/contributors.json,200,,508,a48cac6019d7b4c01869e9c7ce48b09272310438e77f9280cd37afb01e4457c5,1
jsbin/jsbin,code_change_lines_sum,https://oss.open-digger.cn/github/jsbin/jsbin/code_change_lines_sum.json,200,,1450,ee4c228b7e57244c4f3e6b167d6b2216c48e47080995c07f78f36330a20542c5,1
jshint/jshint,issue_resolution_duration,https://oss.open-digger.cn/github/jshint/jshint/issue_resolution_duration.json,200,,13558,157c7fcdd7f08d354e738d97da8b71e0e35c280c976d1cb2a724dda07c2fe0d9,1
jshint/jshint,issue_age,https://oss.open-digger.cn/github/jshint/jshint/issue_age.json,200,,20963,3b96f2ceb1832afc05818b261689de87a9d5ed6c57110660cd2aa7674b6d540b,1
jshint/jshint,issues_new,https://oss.open-digger.cn/github/jshint/jshint/issues_new.json,200,,1843,678fd42b4d7a2f9c187c832d3a7089621f7867780751aa569c370b02792d8e1f,1
jshint/jshint,contributors,https://oss.open-digger.cn/github/jshint/jshint/contributors.json,200,,1258,d672f58721f281ac15794f191c01b059a09515b4732e86dec845bb92b4f30912,1
jshint/jshint,code_change_lines_sum,https://oss.open-digger.cn/github/jshint/jshint/code_change_lines_sum.json,200,,1937,1eea4449a074fdbc18cd03f361f03ab00c69a3db12878a4dd1bf146493c2b1d0,1
jshttp/mime-db,issue_resolution_duration,https://oss.open-digger.cn/github/jshttp/mime-db/issue_resolution_duration.json,200,,10557,148fadc749ecfe15dcbdcba227285a2d9f61fd5dd7c1db1d017100a74b234266,1
jshttp/mime-db,issue_age,https://oss.open-digger.cn/github/jshttp/mime-db/issue_age.json,200,,19988,3b0c6ae997793082c7553330d73bed406c7af6739f7e59189c25a8f36fdf8e88,1
jshttp/mime-db,issues_new,https://oss.open-digger.cn/github/jshttp/mime-db/issues_new.json,200,,1441,77a030ee32767ca419014ca891d3e686400a0b9ab7306bdcdd34b73aa6200f17,1
jshttp/mime-db,contributors,https://oss.open-digger.cn/github/jshttp/mime-db/contributors.json,200,,572,90cc75f4e9df9f1d70cd6db316986b2332f80619dd5238d907870ff4f152da1f,1
jshttp/mime-db,code_change_lines_sum,https://oss.open-digger.cn/github/jshttp/mime-db/code_change_lines_sum.json,200,,1907,c1ca429a594f3b567ac1f09b89820fce3a57a49f0515bc51bbdf6ba3d52fac4b,1
json-api/json-api,issue_resolution_duration,https://oss.open-digger.cn/github/json-api/json-api/issue_resolution_duration.json,200,,14927,d800d67d332d12949f600874c0eae76628c80713d6c4623725e2bf00f4348700,1
json-api/json-api,issue_age,https://oss.open-digger.cn/github/json-api/json-api/issue_age.json,200,,20934,a9463ed44f236eac20b903ea26d29592783fdf35fcb2c3f725f2f0147d6eb627,1
json-api/json-api,issues_new,https://oss.open-digger.cn/github/json-api/json-api/issues_new.json,200,,2090,158d62421ec78018aa6c0b50d0a0ae88d5d5b5cb7f0239a3788ddd9df67f825e,1
json-api/json-api,contributors,https://oss.open-digger.cn/github/json-api/json-api/contributors.json,200,,1665,a79db4268554f122c7a3aeb0bb016e029f70c073ef6d3923286d47c99d98fa04,1
json-api/json-api,code_change_lines_sum,https://oss.open-digger.cn/github/json-api/json-api/code_change_lines_sum.json,200,,2140,95ad2b386dcf731a73f4e3821d6afcb68fe8fdddab193441a9bc2b7b930429a6,1
juicedata/juicefs,issue_resolution_duration,https://oss.open-digger.cn/github/juicedata/juicefs/issue_resolution_duration.json,200,,8888,29ceaff213c63947e8622d24b3502ddb04af23e25bade15b1ff0be0d02a16871,1
juicedata/juicefs,issue_age,https://oss.open-digger.cn/github/juicedata/juicefs/issue_age.json,200,,9421,7a17066b1410726b8ad8a6cf87d9f8b7de72f13fe15ea1a8c6f59450014b7c48,1
juicedata/juicefs,issues_new,https://oss.open-digger.cn/github/juicedata/juicefs/issues_new.json,200,,1202,b247351f9a8e3d463df99a9e0fdff395b1bdcc64f9f8dd4a40a443362e1b4987,1
juicedata/juicefs,contributors,https://oss.open-digger.cn/github/juicedata/juicefs/contributors.json,200,,1181,e0989dac781d3d44b538602db836d100d5a894cc36cb2c7a6be3189587406350,1
juicedata/juicefs,code_change_lines_sum,https://oss.open-digger.cn/github/juicedata/juicefs/code_change_lines_sum.json,200,,1410,f5dd108c9d617700a7010d37cad056ff2468d6eed4687aca0a498f2db93935f0,1
JuliaLang/julia,issue_resolution_duration,https://oss.open-digger.cn/github/JuliaLang/julia/issue_resolution_duration.json,200,,19857,47ca1d6b9eb077f3d7e714b59e121c70aaed34d3a78a3178e9f74061b4f017f1,1
JuliaLang/julia,issue_age,https://oss.open-digger.cn/github/JuliaLang/julia/issue_age.json,200,,21186,ce255bd5877443203b1bd26129f3ed474d80ba52eddd031347697ac59da13b74,1
JuliaLang/julia,issues_new,https://oss.open-digger.cn/github/JuliaLang/julia/issues_new.json,200,,2692,fcc097aed683b55860bdce4a543955ba6deec7b29c5860323b82749418c48aed,1
JuliaLang/julia,contributors,https://oss.open-digger.cn/github/JuliaLang/julia/contributors.json,200,,2541,d7a32358e1feaff24b4b24ede5eb0338004126d5fb5a4924baf1e1ae597a0131,1
JuliaLang/julia,code_change_lines_sum,https://oss.open-digger.cn/github/JuliaLang/julia/code_change_lines_sum.json,200,,3079,a833a5f28cd2db6b584d8b6f4541ab61f83dbddf73df933c70103d32cc1c942b,1
junegunn/fzf,issue_resolution_duration,https://oss.open-digger.cn/github/junegunn/fzf/issue_resolution_duration.json,200,,18667,96aa57a84754c4bfd05e8acfebca015a38cd5fbff638945a7671bc3262326d82,1
junegunn/fzf,issue_age,https://oss.open-digger.cn/github/junegunn/fzf/issue_age.json,200,,20466,373924c3d147aa3d0e13403484ec58091d2bf19afe771a0ae5f5aced620734d2,1
junegunn/fzf,issues_new,https://oss.open-digger.cn/github/junegunn/fzf/issues_new.json,200,,2472,9d86022109830e3354cec62aab2620b4f3fe621a77361254447ab565a86206a9,1
junegunn/fzf,contributors,https://oss.open-digger.cn/github/junegunn/fzf/contributors.json,200,,2164,f7c5a1d0d385c95136a217b28f49dd846820b4ef5ca5c27c1157abb754a4f57f,1
junegunn/fzf,code_change_lines_sum,https://oss.open-digger.cn/github/junegunn/fzf/code_change_lines_sum.json,200,,2620,552b984c62f390d604c8bcc10e2361335cb508393c94428b13f9d1bf94da51d9,1
junit-team/junit4,issue_resolution_duration,https://oss.open-digger.cn/github/junit-team/junit4/issue_resolution_duration.json,200,,14199,3e377ac4d051302348907f108bee9cc9a7d2ebbeb55f1dac67867c5671f0ec51,1
junit-team/junit4,issue_age,https://oss.open-digger.cn/github/junit-team/junit4/issue_age.json,200,,20832,09d15749e26cfcf049dbb11626ea4e4e8c061ee90361ba2093edf3203408874c,1
junit-team/junit4,issues_new,https://oss.open-digger.cn/github/junit-team/junit4/issues_new.json,200,,1771,e1eb24f19b09e5af2093df5c79eb7e20907cc6f4772fe259c23e3a11f1d4917c,1
junit-team/junit4,contributors,https://oss.open-digger.cn/github/junit-team/junit4/contributors.json,200,,1214,dd6c17b15ee45100de6c90f419a3a63e99f511af6596c42765975abfb05ebead,1
junit-team/junit4,code_change_lines_sum,https://oss.open-digger.cn/github/junit-team/junit4/code_change_lines_sum.json,200,,1999,5c16238708a22d10ecf8656d614a60c215ab25de4be6b41f7ca25bc78d632126,1
jupyterhub/jupyterhub,issue_resolution_duration,https://oss.open-digger.cn/github/jupyterhub/jupyterhub/issue_resolution_duration.json,200,,18719,ed9c08400d9c94b8b45b6b77dadf96dd03ef065e0f69d8d64c8d74c7aaaaafc3,1
jupyterhub/jupyterhub,issue_age,https://oss.open-digger.cn/github/jupyterhub/jupyterhub/issue_age.json,200,,20779,b16326a79917be2ecf2f393f2e361f591ff91bb265218bfe6c630265af8ed763,1
jupyterhub/jupyterhub,issues_new,https://oss.open-digger.cn/github/jupyterhub/jupyterhub/issues_new.json,200,,2414,db40db0948e7ed6e8721470a778070ba219f70769ecf07ef808877c3ac7bdaf9,1
jupyterhub/jupyterhub,contributors,https://oss.open-digger.cn/github/jupyterhub/jupyterhub/contributors.json,200,,2360,ea3c6083fe25423ab3636f26bfd9aafda7e4b0466aed77d46e7e3e163b913296,1
jupyterhub/jupyterhub,code_change_lines_sum,https://oss.open-digger.cn/github/jupyterhub/jupyterhub/code_change_lines_sum.json,200,,2798,a1a093fc904bb569c124a783ada58543f9c0a516899d462b3828f94ef71b2950,1
karma-runner/karma,issue_resolution_duration,https://oss.open-digger.cn/github/karma-runner/karma/issue_resolution_duration.json,200,,14015,0d3f0e4ef0a3b4ebe48f0051adf46fcf78e56378f65949d33d57ed06441b7686,1
karma-runner/karma,issue_age,https://oss.open-digger.cn/github/karma-runner/karma/issue_age.json,200,,20874,12327f06bf385e368cc1062d58d13a5545f0345c2ffb0d58ceebd7634b4ec276,1
karma-runner/karma,issues_new,https://oss.open-digger.cn/github/karma-runner/karma/issues_new.json,200,,2030,be61eca076142fbb30699048f74e05ee1193a71bae95ed82ca37f21c05209f95,1
karma-runner/karma,contributors,https://oss.open-digger.cn/github/karma-runner/karma/contributors.json,200,,1481,81d32f359ad2d2c47a89b93712665f973eb2d28a91801dedfefe52482e08dd24,1
karma-runner/karma,code_change_lines_sum,https://oss.open-digger.cn/github/karma-runner/karma/code_change_lines_sum.json,200,,2352,77a9ed121617843e1172cec00b3caa8c1367b33af62ab1431772e326b8b09f5f,1
karmada-io/karmada,issue_resolution_duration,https://oss.open-digger.cn/github/karmada-io/karmada/issue_resolution_duration.json,200,,8887,ce04a607a8c353a746771f261a585900f8ce84b52924d239329f32dd70b7ca5c,1
karmada-io/karmada,issue_age,https://oss.open-digger.cn/github/karmada-io/karmada/issue_age.json,200,,8991,ffd5b18aaf673e42b419fd3620b73357e64c92b39c437e86b776b4c2e562774f,1
karmada-io/karmada,issues_new,https://oss.open-digger.cn/github/karmada-io/karmada/issues_new.json,200,,1193,c29a39e90c2274be4c5cccdc33d9535bb74fb4214261d9d685b7f501c4a159c6,1
karmada-io/karmada,contributors,https://oss.open-digger.cn/github/karmada-io/karmada/contributors.json,200,,1142,214bfcfc364358e1fa10b7ac3d380dff7626ef0b9efc30f0dc237fb27b4a66d1,1
karmada-io/karmada,code_change_lines_sum,https://oss.open-digger.cn/github/karmada-io/karmada/code_change_lines_sum.json,200,,1420,223a6461163e4507e745049f2ce9cbc33aa0e6f4c19b46520602ee32428e68eb,1
Kas-tle/java2bedrock.sh,issue_resolution_duration,https://oss.open-digger.cn/github/Kas-tle/java2bedrock.sh/issue_resolution_duration.json,200,,6395,82a790bc2168dd777a6689fb922f334401fa0e603fa4ba1a4a96f881bbb4ec34,1
Kas-tle/java2bedrock.sh,issue_age,https://oss.open-digger.cn/github/Kas-tle/java2bedrock.sh/issue_age.json,200,,7142,832bfea558ed0b5eec55b5c5985cc6486b282cc8f7fdeb1985e4696cc2663350,1
Kas-tle/java2bedrock.sh,issues_new,https://oss.open-digger.cn/github/Kas-tle/java2bedrock.sh/issues_new.json,200,,1040,940abe41282675fe0cf02c1e1567340c0a2dc55e9163023aa172af91e9d0a5ee,1
Kas-tle/java2bedrock.sh,contributors,https://oss.open-digger.cn/github/Kas-tle/java2bedrock.sh/contributors.json,200,,152,a12259ae175b17c3545ce07111945f31c4454a53e48cbd497f72f8d58e1ef403,1
Kas-tle/java2bedrock.sh,code_change_lines_sum,https://oss.open-digger.cn/github/Kas-tle/java2bedrock.sh/code_change_lines_sum.json,200,,177,0392f17563280d62945049183db03375c42f8eaae62869198bce97194293bf30,1
kcl-lang/kcl,issue_resolution_duration,https://oss.open-digger.cn/github/kcl-lang/kcl/issue_resolution_duration.json,200,,6312,fc27430db30bbc4e6ed7b119df9bb6ffebd1c6dd679150fb4a9e773f37264682,1
kcl-lang/kcl,issue_age,https://oss.open-digger.cn/github/kcl-lang/kcl/issue_age.json,200,,6985,d2cf17a6cd4536f6ac89d649541b9edd690132e247bfb8fa4ddbff21f9820f34,1
kcl-lang/kcl,issues_new,https://oss.open-digger.cn/github/kcl-lang/kcl/issues_new.json,200,,818,3ed7324abcbcc70cd334366bd1f50d0c5dba8b5f9583bfd7c721b4597e2adc2f,1
kcl-lang/kcl,contributors,https://oss.open-digger.cn/github/kcl-lang/kcl/contributors.json,200,,731,85e13d29dac4ac21b1e7e2cf24bdd442bd56e37e6a0d34b1c2b953b6a250cf78,1
kcl-lang/kcl,code_change_lines_sum,https://oss.open-digger.cn/github/kcl-lang/kcl/code_change_lines_sum.json,200,,969,26816e42ca2fa696f05fbf744550ac8df299530702a9c718e8fb8f42bc05fd2c,1
kedro-org/kedro,issue_resolution_duration,https://oss.open-digger.cn/github/kedro-org/kedro/issue_resolution_duration.json,200,,12095,054b7a862034a327422800def72faa581f6f1c8b88e8cf0be6bea042666dfe05,1
kedro-org/kedro,issue_age,https://oss.open-digger.cn/github/kedro-org/kedro/issue_age.json,200,,12534,c08d9b902417de7e75b375b490b7ed1c265d7538e7516e6fdee17b626ba6d7e3,1
kedro-org/kedro,issues_new,https://oss.open-digger.cn/github/kedro-org/kedro/issues_new.json,200,,1570,a2a507838b3a8dd485f5c8e4f2625d1982933ec0ab89c9500437c22a79ff01e2,1
kedro-org/kedro,contributors,https://oss.open-digger.cn/github/kedro-org/kedro/contributors.json,200,,1489,e8270553e9eb5bce969e3d0244c0120a10ac34d0064c00c4ab67930b252ad4cc,1
kedro-org/kedro,code_change_lines_sum,https://oss.open-digger.cn/github/kedro-org/kedro/code_change_lines_sum.json,200,,1828,a1a7f48460acf059a016b791573cf7bca2a8a580eda24b934ed6539655103dc9,1
kelseyhightower/confd,issue_resolution_duration,https://oss.open-digger.cn/github/kelseyhightower/confd/issue_resolution_duration.json,200,,9566,016e83154e7cc248f05ff0d58ad05f5a402453445f8204cfc106915a8b60c8f1,1
kelseyhightower/confd,issue_age,https://oss.open-digger.cn/github/kelseyhightower/confd/issue_age.json,200,,20762,999c6ed24c902dbf8d6d4203b80a566247c83410d0f936083d5d0e20a6d56fd5,1
kelseyhightower/confd,issues_new,https://oss.open-digger.cn/github/kelseyhightower/confd/issues_new.json,200,,1731,0a92d6c92625f0a8b499074c742a2fb427ae6687de3654a20dc595b847bc2630,1
kelseyhightower/confd,contributors,https://oss.open-digger.cn/github/kelseyhightower/confd/contributors.json,200,,573,3075277283f4d8b2625649fcdacab8602f003a26c1013bfa9952f48ab7170783,1
kelseyhightower/confd,code_change_lines_sum,https://oss.open-digger.cn/github/kelseyhightower/confd/code_change_lines_sum.json,200,,1767,7137b45f5fc189624ea77cd6de92e68f1c886214fbe6cdd45143096975f979c3,1
kenwheeler/slick,issue_resolution_duration,https://oss.open-digger.cn/github/kenwheeler/slick/issue_resolution_duration.json,200,,15433,67945591b3b51b7cbc19e5ba7dfe7bd5b7d4922bff4e334c596f257f91574397,1
kenwheeler/slick,issue_age,https://oss.open-digger.cn/github/kenwheeler/slick/issue_age.json,200,,20980,7115c3a1550929cc5374b2441126a20b1c086854a09ef49b3e451899278b96a3,1
kenwheeler/slick,issues_new,https://oss.open-digger.cn/github/kenwheeler/slick/issues_new.json,200,,2280,d8b5f098381701c3011fb0c78e7b1f292fa29eba96036be9ef537cfe8c4787e1,1
kenwheeler/slick,contributors,https://oss.open-digger.cn/github/kenwheeler/slick/contributors.json,200,,844,c33d0b8b7495fa39a2afb3d0c7dd3e091809a2d56f6256a6cec9cdd8504edd38,1
kenwheeler/slick,code_change_lines_sum,https://oss.open-digger.cn/github/kenwheeler/slick/code_change_lines_sum.json,200,,1928,b825ff6a45de9059ebb2bae60409f67c121425532768bcae79895dc3c955d659,1
keystonejs/keystone,issue_resolution_duration,https://oss.open-digger.cn/github/keystonejs/keystone/issue_resolution_duration.json,200,,12977,335a8d42458b4234ec025195181cb8d27009409eec176182fa26f62b3ba30d81,1
keystonejs/keystone,issue_age,https://oss.open-digger.cn/github/keystonejs/keystone/issue_age.json,200,,12991,6d8b75d50a4e4f548f4dbe4054bffeabe950f4c5ba7e332555af75e25a0da9be,1
keystonejs/keystone,issues_new,https://oss.open-digger.cn/github/keystonejs/keystone/issues_new.json,200,,1703,f90c40381dcbd78f980d69c6b9344220800de6bda40d8382072748a72dff4d5d,1
keystonejs/keystone,contributors,https://oss.open-digger.cn/github/keystonejs/keystone/contributors.json,200,,1536,abbc968cdb8a0186a98c438f95d9bf5ff02e5107050d2814e8fc8eded7717d10,1
keystonejs/keystone,code_change_lines_sum,https://oss.open-digger.cn/github/keystonejs/keystone/code_change_lines_sum.json,200,,1950,c552a718183f3b6dbb617eb24eb4cb63c56d9ef8e537d35529f0e08868b23c0f,1
kif-framework/KIF,issue_resolution_duration,https://oss.open-digger.cn/github/kif-framework/KIF/issue_resolution_duration.json,200,,12488,52e2bb5ab35edd0f471649a2da4ef248432986d1314a65b78e724ef95abbd424,1
kif-framework/KIF,issue_age,https://oss.open-digger.cn/github/kif-framework/KIF/issue_age.json,200,,20459,9343d654013380d04248f8cc7ff737056d888d6b19ccd304eef874c42dbe3f66,1
kif-framework/KIF,issues_new,https://oss.open-digger.cn/github/kif-framework/KIF/issues_new.json,200,,1775,48efa481b783e77c5e7965b4e4633b6affd81f44b063a10a57d3f6e284bcb10f,1
kif-framework/KIF,contributors,https://oss.open-digger.cn/github/kif-framework/KIF/contributors.json,200,,1532,6b2c09bebaa9afe14d5930c333862daae31097768292c5a4e00491debae6859e,1
kif-framework/KIF,code_change_lines_sum,https://oss.open-digger.cn/github/kif-framework/KIF/code_change_lines_sum.json,200,,1926,13c0729138f6996f4b1c76f627bc28f5b96ce8556ba952d32cc05ab146f1e369,1
Kinto/kinto,issue_resolution_duration,https://oss.open-digger.cn/github/Kinto/kinto/issue_resolution_duration.json,200,,13131,59205a5121139f773c0641b36fdf51726366c40cf3681e41af5f5bbc4f5e2deb,1
Kinto/kinto,issue_age,https://oss.open-digger.cn/github/Kinto/kinto/issue_age.json,200,,20761,726c8ca30f7a8f21e99187dfaa76d7ee5d4736ca50b6d57f70a459b0d9679e26,1
Kinto/kinto,issues_new,https://oss.open-digger.cn/github/Kinto/kinto/issues_new.json,200,,1767,f394402f1ef8c81569dcfc43909a316bf8bf455b365f681bdd4fa5ccac2899e2,1
Kinto/kinto,contributors,https://oss.open-digger.cn/github/Kinto/kinto/contributors.json,200,,2244,80c895f06413a7d1fb65c03e7cf963da8757b9d6890d7bca79b677d57d9d2a4e,1
Kinto/kinto,code_change_lines_sum,https://oss.open-digger.cn/github/Kinto/kinto/code_change_lines_sum.json,200,,2489,92bed910310fab53684911fdb5aefadeafbc3e8046c1da943e023d213222b5de,1
kivy/kivy,issue_resolution_duration,https://oss.open-digger.cn/github/kivy/kivy/issue_resolution_duration.json,200,,19398,5a99fb4ea309265c12b6952d813f0d29c1ce50f73082e2651309a4cd94872202,1
kivy/kivy,issue_age,https://oss.open-digger.cn/github/kivy/kivy/issue_age.json,200,,20994,c92654514e2218f2e40c9dcbd8141afc2899d0ac6b4d9116cc9b8171a923f630,1
kivy/kivy,issues_new,https://oss.open-digger.cn/github/kivy/kivy/issues_new.json,200,,2424,535450e1ac538705b19aec2033ab146cc5f2c29ace02bbbadd00161b573c259e,1
kivy/kivy,contributors,https://oss.open-digger.cn/github/kivy/kivy/contributors.json,200,,2329,90744ed63de7ecd7f0611986f42b5235ee4fba29af8ed7bdb82897bd2f543f51,1
kivy/kivy,code_change_lines_sum,https://oss.open-digger.cn/github/kivy/kivy/code_change_lines_sum.json,200,,2792,46dc0a5ee55ead3734f84344c14b4374a1f1cc002c91829433752192e7ceeb3b,1
knockout/knockout,issue_resolution_duration,https://oss.open-digger.cn/github/knockout/knockout/issue_resolution_duration.json,200,,13225,a8a5d1aebbdba0d9f62cb32dca4853c9de8b45c17620050318f96b5e4e0f14ec,1
knockout/knockout,issue_age,https://oss.open-digger.cn/github/knockout/knockout/issue_age.json,200,,21035,454ebdec810c5dd537a6579a6db9abc0aeb1acd27e883610666a3d57975637e0,1
knockout/knockout,issues_new,https://oss.open-digger.cn/github/knockout/knockout/issues_new.json,200,,1806,2db1268b1c05b01845041af313eb03aec5af582e8f5d485ff8a1855508bfbb84,1
knockout/knockout,contributors,https://oss.open-digger.cn/github/knockout/knockout/contributors.json,200,,798,842599aeb3663ed6dd8699e0298403a2d983829ded2dcf18257fcf5c74bc2317,1
knockout/knockout,code_change_lines_sum,https://oss.open-digger.cn/github/knockout/knockout/code_change_lines_sum.json,200,,1529,b452eddd1b26fe113e3798a4fc21deac0be7378694f882c111110631802b7280,1
koajs/koa,issue_resolution_duration,https://oss.open-digger.cn/github/koajs/koa/issue_resolution_duration.json,200,,16816,41658c88454f0c49c2669a36d56e56eb40c1186e58e34ab4cf99f5899239a9d0,1
koajs/koa,issue_age,https://oss.open-digger.cn/github/koajs/koa/issue_age.json,200,,20475,1864d5e8f4bc20c191693ee81a45d4039a2b6b406e355fd551c4e7ec44d09fb8,1
koajs/koa,issues_new,https://oss.open-digger.cn/github/koajs/koa/issues_new.json,200,,2112,0ffd0dc104c5f38e3d13156353563e59f22c8007d4d07da4170091365131a393,1
koajs/koa,contributors,https://oss.open-digger.cn/github/koajs/koa/contributors.json,200,,1775,7dca66cd1abdb1851556087635eb2ad417e465144034d70f10ffb02baf7af9ec,1
koajs/koa,code_change_lines_sum,https://oss.open-digger.cn/github/koajs/koa/code_change_lines_sum.json,200,,2364,870f5d82bff54947c8fa4d3fd3c66815d3d568d424a6ef8901b9e63c8fd6d777,1
kptdev/kpt,issue_resolution_duration,https://oss.open-digger.cn/github/kptdev/kpt/issue_resolution_duration.json,200,,9058,992f329d011f9df29acb143789e60a3cf0521d2e06dee8da34b35844c47bc04d,1
kptdev/kpt,issue_age,https://oss.open-digger.cn/github/kptdev/kpt/issue_age.json,200,,11342,c47eb6d7cf4e937802f635e950adaf19c1a34d8cfdc0dd4d09bc3472f6435a20,1
kptdev/kpt,issues_new,https://oss.open-digger.cn/github/kptdev/kpt/issues_new.json,200,,1219,685afa8550dc2388338b25bec921dbb0492147ae0f2d0023914ede64683d1ff5,1
kptdev/kpt,contributors,https://oss.open-digger.cn/github/kptdev/kpt/contributors.json,200,,1100,2488fd9fbeb2d1381016f1d13926f7529aedcfb484fe8f0195d28697946c4914,1
kptdev/kpt,code_change_lines_sum,https://oss.open-digger.cn/github/kptdev/kpt/code_change_lines_sum.json,200,,1415,b4edaeef3e7ae1b2e3c41753c093d7aebf9d45dad96a38a354c92d265be91c65,1
kubean-io/kubean,issue_resolution_duration,https://oss.open-digger.cn/github/kubean-io/kubean/issue_resolution_duration.json,200,,5171,65dcbbfd2b4259d7c8feafc25ed80e04b029bed0b7ecff14823fee09d406a116,1
kubean-io/kubean,issue_age,https://oss.open-digger.cn/github/kubean-io/kubean/issue_age.json,200,,6696,c749e29652a2eff7151b7ea52ae93567f9be4c73b0fa612febd8f7599397ecff,1
kubean-io/kubean,issues_new,https://oss.open-digger.cn/github/kubean-io/kubean/issues_new.json,200,,651,9c1066add8381a6020400507e26643137a4e217630d7cbf9afa1de00842c6ff3,1
kubean-io/kubean,contributors,https://oss.open-digger.cn/github/kubean-io/kubean/contributors.json,200,,786,740fa59c2fe12a99b55dd1def6eb4d7a52293545b232c70107d02d71247a1e46,1
kubean-io/kubean,code_change_lines_sum,https://oss.open-digger.cn/github/kubean-io/kubean/code_change_lines_sum.json,200,,1058,796019526f1243e14d4ca28f3321275832833444ddbeb5ddd4ec5b01c4a4f096,1
kubernetes-sigs/apiserver-network-proxy,issue_resolution_duration,https://oss.open-digger.cn/github/kubernetes-sigs/apiserver-network-proxy/issue_resolution_duration.json,200,,9590,7d58c129185d00b49bae4d915cd31f8ba7a5019c680611df117fb4ee02509fde,1
kubernetes-sigs/apiserver-network-proxy,issue_age,https://oss.open-digger.cn/github/kubernetes-sigs/apiserver-network-proxy/issue_age.json,200,,12618,85e0089dbca9c6901d127cd44ddb711d193c23911fafb731cf6d9dda789c4cda,1
kubernetes-sigs/apiserver-network-proxy,issues_new,https://oss.open-digger.cn/github/kubernetes-sigs/apiserver-network-proxy/issues_new.json,200,,1134,d2a8c4ea7ca40b949caa1f3f9130c0d41b42972e321170be9e4c8938d602a41a,1
kubernetes-sigs/apiserver-network-proxy,contributors,https://oss.open-digger.cn/github/kubernetes-sigs/apiserver-network-proxy/contributors.json,200,,1201,eeb1bd43be96283c4f1efc0bd3cb46ccb4e78f70cecb9a66449002c94b23df1b,1
kubernetes-sigs/apiserver-network-proxy,code_change_lines_sum,https://oss.open-digger.cn/github/kubernetes-sigs/apiserver-network-proxy/code_change_lines_sum.json,200,,1623,b724d8b16d29309887e54b95bc59a672a03d161fcf7cebdc64ff2a1f886047b9,1
kubernetes-sigs/karpenter,issue_resolution_duration,https://oss.open-digger.cn/github/kubernetes-sigs/karpenter/issue_resolution_duration.json,200,,7162,160ca9bbb9ba71a1e5520f0e4026c50350879ac4c65faa0e00b3c52a90684a23,1
kubernetes-sigs/karpenter,issue_age,https://oss.open-digger.cn/github/kubernetes-sigs/karpenter/issue_age.json,200,,6099,3e72c932c1409df4fd46de0cde4f1fdfc9312466af0b63b6766c80ee2363b9f0,1
kubernetes-sigs/karpenter,issues_new,https://oss.open-digger.cn/github/kubernetes-sigs/karpenter/issues_new.json,200,,777,893090e4a588339e2c202403d2ea80cc138dfae33b66d4b831aa13680f261d68,1
kubernetes-sigs/karpenter,contributors,https://oss.open-digger.cn/github/kubernetes-sigs/karpenter/contributors.json,200,,648,01a82795033a0043a9aa56abb03354c58bb054edacbe18b7fb5ad829f6e89553,1
kubernetes-sigs/karpenter,code_change_lines_sum,https://oss.open-digger.cn/github/kubernetes-sigs/karpenter/code_change_lines_sum.json,200,,817,14963ab650e8dce265c4583967bdf97f303ea837e2cf1e613d185ec17a5502fd,1
kubernetes-sigs/kwok,issue_resolution_duration,https://oss.open-digger.cn/github/kubernetes-sigs/kwok/issue_resolution_duration.json,200,,5230,06b34e82012f704e7c59478276d6295f2a25a6be58f8a04b9e1c9e1e0574c1ae,1
kubernetes-sigs/kwok,issue_age,https://oss.open-digger.cn/github/kubernetes-sigs/kwok/issue_age.json,200,,6577,0e07c621aa55f146e3d771b3cad410c545abb685c4b9603e5c8b1c5cc2982604,1
kubernetes-sigs/kwok,issues_new,https://oss.open-digger.cn/github/kubernetes-sigs/kwok/issues_new.json,200,,740,4c64f3cc76ba0a13baac49ce8c2b0492687b4e668d79a3a5e4ea719363a8d986,1
kubernetes-sigs/kwok,contributors,https://oss.open-digger.cn/github/kubernetes-sigs/kwok/contributors.json,200,,649,8a01e48d200b39039a36a90f87a085d3686b72d4cefc7748bd173aae8700f577,1
kubernetes-sigs/kwok,code_change_lines_sum,https://oss.open-digger.cn/github/kubernetes-sigs/kwok/code_change_lines_sum.json,200,,841,79ff8a203e2cc0a1a9b1b083e5a6e8f6c5afff1eec166d38ee2c1fd850439b4b,1
kubernetes/kubeadm,issue_resolution_duration,https://oss.open-digger.cn/github/kubernetes/kubeadm/issue_resolution_duration.json,200,,15958,163589c5b271e357827af038522fd9500f2689975b7bd1a71f0240f722c6be87,1
kubernetes/kubeadm,issue_age,https://oss.open-digger.cn/github/kubernetes/kubeadm/issue_age.json,200,,17447,13c0a51ceedecaa17b4611621b045afce3d388bf73aca1364dde1f24ffcf06ee,1
kubernetes/kubeadm,issues_new,https://oss.open-digger.cn/github/kubernetes/kubeadm/issues_new.json,200,,2067,d4d47c35370fc61ba4ee94810396c8fecc904f3887d587c458458ee4262f8d3f,1
kubernetes/kubeadm,contributors,https://oss.open-digger.cn/github/kubernetes/kubeadm/contributors.json,200,,1670,edf8f4c35b206266c803d0a5fc85c0c9ce2630c47bd1f911332dcf543f579e9a,1
kubernetes/kubeadm,code_change_lines_sum,https://oss.open-digger.cn/github/kubernetes/kubeadm/code_change_lines_sum.json,200,,2042,58d8f98c709965ce4d291f657f029c1ebf244311ef567aa3460cf534a4900bcb,1
kubernetes/kubernetes,issue_resolution_duration,https://oss.open-digger.cn/github/kubernetes/kubernetes/issue_resolution_duration.json,200,,20345,6ce85b901ed8380656901d2371d0dbefb877cb294e5e6cf64c5178c747519274,1
kubernetes/kubernetes,issue_age,https://oss.open-digger.cn/github/kubernetes/kubernetes/issue_age.json,200,,21459,ee5625faa4555591facce6a8761ce83bf522133ab099b7cfc987082a59329637,1
kubernetes/kubernetes,issues_new,https://oss.open-digger.cn/github/kubernetes/kubernetes/issues_new.json,200,,2726,b877771a8d6f6807a88495edabe62a5aded92fdd99d06237735103c2afaad3c9,1
kubernetes/kubernetes,contributors,https://oss.open-digger.cn/github/kubernetes/kubernetes/contributors.json,200,,2675,a48d4323fbee3903b63f028cdbfbda83cb3b5cb7c63c0d1013d2327e52460941,1
kubernetes/kubernetes,code_change_lines_sum,https://oss.open-digger.cn/github/kubernetes/kubernetes/code_change_lines_sum.json,200,,3269,69e84e7c6e71485d3805aa1679d8ebdb74b30944c8862bf2df06f4038a1f71f7,1
kubernetes/minikube,issue_resolution_duration,https://oss.open-digger.cn/github/kubernetes/minikube/issue_resolution_duration.json,200,,17655,d151b9aa3f6af1e3b3c388a90a4ef675c54e514f52d615290592bb2dc649d39f,1
kubernetes/minikube,issue_age,https://oss.open-digger.cn/github/kubernetes/minikube/issue_age.json,200,,18596,1254dd45f3398070c360a9267f613cb28687c4b64e0d9fbf7c97bb7684146443,1
kubernetes/minikube,issues_new,https://oss.open-digger.cn/github/kubernetes/minikube/issues_new.json,200,,2307,7b93ecc7753387ba71ba0dc0b2cab2c475d47b5c44b5026a4b06f9c0e4ca35fc,1
kubernetes/minikube,contributors,https://oss.open-digger.cn/github/kubernetes/minikube/contributors.json,200,,2211,9881455bd3e766a2210bb5920a559c271b8490bbd4037f3b8fd1bcfbdc30a653,1
kubernetes/minikube,code_change_lines_sum,https://oss.open-digger.cn/github/kubernetes/minikube/code_change_lines_sum.json,200,,2750,730ecd075041f66e0ecab003d2fcc68bd91821bf5b3dcb4ca4f5a37ae14b3c90,1
Kuingsmile/PicList,issue_resolution_duration,https://oss.open-digger.cn/github/Kuingsmile/PicList/issue_resolution_duration.json,200,,5224,c56ab8ea40352b2e310f779178146794681a28aa51687db044e50e7ddbf280aa,1
Kuingsmile/PicList,issue_age,https://oss.open-digger.cn/github/Kuingsmile/PicList/issue_age.json,200,,5188,2fae0102bc8a4e8e79340ff44d43073648e9d402764a596fd02c4eeb1a273d0c,1
Kuingsmile/PicList,issues_new,https://oss.open-digger.cn/github/Kuingsmile/PicList/issues_new.json,200,,686,58f234258f431387d934e52983502691fd5148bfd688e305e7ff916114be23ca,1
Kuingsmile/PicList,contributors,https://oss.open-digger.cn/github/Kuingsmile/PicList/contributors.json,200,,65,2e6426a8edf407b4535a6f32cc64261bee8fa3aab3e6962d12ea20645b4e7f72,1
Kuingsmile/PicList,code_change_lines_sum,https://oss.open-digger.cn/github/Kuingsmile/PicList/code_change_lines_sum.json,200,,133,84f07b4de4aed01ad10b142584b28465fb7b1d8499446105b207b88f9f847786,1
KusionStack/kusion,issue_resolution_duration,https://oss.open-digger.cn/github/KusionStack/kusion/issue_resolution_duration.json,200,,5580,179524c89587332ebdf64fcaa3ad346a6faaaba8005acf61bb654de80c169227,1
KusionStack/kusion,issue_age,https://oss.open-digger.cn/github/KusionStack/kusion/issue_age.json,200,,6918,ebbc21c7217f6e635af64197f01dda3fa5b8e110db8f60a2c05b6ca156a17ad8,1
KusionStack/kusion,issues_new,https://oss.open-digger.cn/github/KusionStack/kusion/issues_new.json,200,,729,ccde3491b13bf4dec079030e1d9215a83b2b30b98bc5281b6c9c00fcb858139f,1
KusionStack/kusion,contributors,https://oss.open-digger.cn/github/KusionStack/kusion/contributors.json,200,,684,69373db6d9b115e53044369b68982a6d6e71930243448dd5235553a3cce6c45a,1
KusionStack/kusion,code_change_lines_sum,https://oss.open-digger.cn/github/KusionStack/kusion/code_change_lines_sum.json,200,,855,24446eb75ad257a19458a89b57e696f93a5b97ca374d9e8d3db563b85ed3de1d,1
labstack/echo,issue_resolution_duration,https://oss.open-digger.cn/github/labstack/echo/issue_resolution_duration.json,200,,18560,ccb24517eef8dc60f79c84357429bf04ad94c141d1c985a1aa92f56c61e0bc96,1
labstack/echo,issue_age,https://oss.open-digger.cn/github/labstack/echo/issue_age.json,200,,20068,7235b602b244b4aa7846d754f931d987ded41522943e210163e1bbc29d13a674,1
labstack/echo,issues_new,https://oss.open-digger.cn/github/labstack/echo/issues_new.json,200,,2365,39150829cc040e9e8c51b9ed7c02cd498e97de7fe59b4ab6a2328695676e7759,1
labstack/echo,contributors,https://oss.open-digger.cn/github/labstack/echo/contributors.json,200,,2084,b09f59bcebf6b5f049f162aef8592167a703567a2524d940102a9d2763ca6edf,1
labstack/echo,code_change_lines_sum,https://oss.open-digger.cn/github/labstack/echo/code_change_lines_sum.json,200,,2694,60d021cd4ad4818ede8d579479aab3a7ee3c38ed4d000a9d1e951faf36a9a03e,1
langchain-ai/langchain,issue_resolution_duration,https://oss.open-digger.cn/github/langchain-ai/langchain/issue_resolution_duration.json,200,,6212,d25442b180ccbf6fc5484744369763f0b9db9b90f787599527974158ecae50b3,1
langchain-ai/langchain,issue_age,https://oss.open-digger.cn/github/langchain-ai/langchain/issue_age.json,200,,6411,f53eeed43b0dfdd71f33bc25b4c823fa317e86cee7a9fae39da5428fe7a7c5c5,1
langchain-ai/langchain,issues_new,https://oss.open-digger.cn/github/langchain-ai/langchain/issues_new.json,200,,863,7379e1c82dfb0244366d525555de8640416f103c4f4d874bcdf750e486e3bad0,1
langchain-ai/langchain,contributors,https://oss.open-digger.cn/github/langchain-ai/langchain/contributors.json,200,,872,ec0279d88a35817af7bbce560e2b29fe42c650c65ff4462d549ff407a29ce372,1
langchain-ai/langchain,code_change_lines_sum,https://oss.open-digger.cn/github/langchain-ai/langchain/code_change_lines_sum.json,200,,1076,d2650684579ddf20e9659d8b4f7a495a0430c8089d79de7c33f727d85158cf85,1
langchain4j/langchain4j,issue_resolution_duration,https://oss.open-digger.cn/github/langchain4j/langchain4j/issue_resolution_duration.json,200,,4998,87ff397ac52303d2aec9696de12127a15ab12d624882f0a34c4b0453b914bfa1,1
langchain4j/langchain4j,issue_age,https://oss.open-digger.cn/github/langchain4j/langchain4j/issue_age.json,200,,5124,387c70b9e2c06f532f40e5111df1d049889d3e742b59e348587b34f23ff4d453,1
langchain4j/langchain4j,issues_new,https://oss.open-digger.cn/github/langchain4j/langchain4j/issues_new.json,200,,683,a9bb6faf7db7eadd8ae9c0499a0dccb1e5b8052fe6e24dcc05b0f159430e8543,1
langchain4j/langchain4j,contributors,https://oss.open-digger.cn/github/langchain4j/langchain4j/contributors.json,200,,512,5c8b182243e1296d13db1e5bd8f98e7938e74aa8609b02bec688a20d6279546d,1
langchain4j/langchain4j,code_change_lines_sum,https://oss.open-digger.cn/github/langchain4j/langchain4j/code_change_lines_sum.json,200,,642,3fb22ff129e303940a114140520c9c9be69876cc8fb5d51633b67534be54bf1b,1
langgenius/dify,issue_resolution_duration,https://oss.open-digger.cn/github/langgenius/dify/issue_resolution_duration.json,200,,5106,853e571dc3f15326edb6bfcfc70cd10d693e603bb0208858aa3b14847a9dd3e7,1
langgenius/dify,issue_age,https://oss.open-digger.cn/github/langgenius/dify/issue_age.json,200,,5287,93696ede60fd4c9a3aa7c49b4721508be68661f4c1b9de2abca60409514fb322,1
langgenius/dify,issues_new,https://oss.open-digger.cn/github/langgenius/dify/issues_new.json,200,,772,3bfa9181c8f4a0821e0303838578d7ef73db9d819ee6ca652ad1a2a6edd2e9c4,1
langgenius/dify,contributors,https://oss.open-digger.cn/github/langgenius/dify/contributors.json,200,,729,cf1689a710047eea9b135080bd04ba92d749e36c29b04ae4679c4b1b7ca2878d,1
langgenius/dify,code_change_lines_sum,https://oss.open-digger.cn/github/langgenius/dify/code_change_lines_sum.json,200,,923,24cfbc98dfc6d6b678ce6ec046ac584ee79f9472d52c78d1b06c139c0bc4e2f3,1
langhuihui/jessibuca,issue_resolution_duration,https://oss.open-digger.cn/github/langhuihui/jessibuca/issue_resolution_duration.json,200,,9698,bb6ccd5232d06eaf2bb434237d43ce7226df95515fd4b255abdd3c7062837259,1
langhuihui/jessibuca,issue_age,https://oss.open-digger.cn/github/langhuihui/jessibuca/issue_age.json,200,,17246,4a7c04b832c458b709e395be4a975d5c80ea0a745cfab82c0e7dc778f46e028f,1
langhuihui/jessibuca,issues_new,https://oss.open-digger.cn/github/langhuihui/jessibuca/issues_new.json,200,,1161,f669d02f53fb7aa4944ec5facb06cbd5a8f7fed6dd8c7aa5097724101f93d64a,1
langhuihui/jessibuca,contributors,https://oss.open-digger.cn/github/langhuihui/jessibuca/contributors.json,200,,201,b8f3dd13c0c402446a2f5d5921a78e33bc4f9a7169605e99f8050fa01bcce802,1
langhuihui/jessibuca,code_change_lines_sum,https://oss.open-digger.cn/github/langhuihui/jessibuca/code_change_lines_sum.json,200,,380,5a33e778d9824281e0a85bb16812e53d6d32669a01a8c916cf50782a5a876ef9,1
laoshanxi/app-mesh,issue_resolution_duration,https://oss.open-digger.cn/github/laoshanxi/app-mesh/issue_resolution_duration.json,200,,6638,ef96a82061916f477f10f11f368872ec98a11e3d77e941c118ce2890b0a46c6e,1
laoshanxi/app-mesh,issue_age,https://oss.open-digger.cn/github/laoshanxi/app-mesh/issue_age.json,200,,12386,3afbd0ef80062e31ad6f2d50426eb1b85e53d27ed5a768f50a8627e9c4dea802,1
laoshanxi/app-mesh,issues_new,https://oss.open-digger.cn/github/laoshanxi/app-mesh/issues_new.json,200,,762,029ba805a6880ae185c176334fd2a609a9a724624527e4641fa8f113e27bc549,1
laoshanxi/app-mesh,contributors,https://oss.open-digger.cn/github/laoshanxi/app-mesh/contributors.json,200,,776,5014326223ae0da08183011170a73b6329cabdf2f6e18bd66847ea3c82f3436d,1
laoshanxi/app-mesh,code_change_lines_sum,https://oss.open-digger.cn/github/laoshanxi/app-mesh/code_change_lines_sum.json,200,,873,34a12b0ce567875688b92ec4a8bbffedc9c5de276bbb059227f8dcb5cbb1917b,1
laravel/framework,issue_resolution_duration,https://oss.open-digger.cn/github/laravel/framework/issue_resolution_duration.json,200,,18663,965616ec448f41680fbdfb7ec74ef1210fc597f8658017ed25253dda4caf6ce9,1
laravel/framework,issue_age,https://oss.open-digger.cn/github/laravel/framework/issue_age.json,200,,20647,12a427f5afc9ca9bb6de83070130feb8064e5e2dc69ed284fe1a1d98a23f3918,1
laravel/framework,issues_new,https://oss.open-digger.cn/github/laravel/framework/issues_new.json,200,,2612,c238f48176ae1c43bb3fcf2ce2c7b5d72526b14d3dead72b579bd45030e2b778,1
laravel/framework,contributors,https://oss.open-digger.cn/github/laravel/framework/contributors.json,200,,2537,9fd91d797b20d73af12253b39301852570d07b122ab46eb07862617078f3a660,1
laravel/framework,code_change_lines_sum,https://oss.open-digger.cn/github/laravel/framework/code_change_lines_sum.json,200,,3054,37646db9ff79e3c14e796678486264b1f1ba4ee3222e8a74b0442b2880124418,1
layui/layui,issue_resolution_duration,https://oss.open-digger.cn/github/layui/layui/issue_resolution_duration.json,200,,14231,edbcde753857b526eec1665e1e05ff302f1084331a28b6bd0a1b607729ede4f4,1
layui/layui,issue_age,https://oss.open-digger.cn/github/layui/layui/issue_age.json,200,,16663,ccd8b00792ce6ed0492e4fb635fc2bf469f448c08f10e99b6002561cc9f45318,1
layui/layui,issues_new,https://oss.open-digger.cn/github/layui/layui/issues_new.json,200,,1840,5c2c2a5b57e04c9444e895a86aa6b43c7f0cf5de396a9373c311e81c0fe8cce5,1
layui/layui,contributors,https://oss.open-digger.cn/github/layui/layui/contributors.json,200,,1094,97a25f68a64091e6d1ef1f9d6b278c6300af91caeab416ade892c905ea4dac0d,1
layui/layui,code_change_lines_sum,https://oss.open-digger.cn/github/layui/layui/code_change_lines_sum.json,200,,1992,eae4865392ffd38bd41b73fad0e4f129ca1fba7ebe358614c957b64cf04fb9a7,1
LazyVim/LazyVim,issue_resolution_duration,https://oss.open-digger.cn/github/LazyVim/LazyVim/issue_resolution_duration.json,200,,5381,255a7bf474f1d08843a12f2a2121fdf424cb29f3ab88070682517421d3976555,1
LazyVim/LazyVim,issue_age,https://oss.open-digger.cn/github/LazyVim/LazyVim/issue_age.json,200,,5717,0c6be5706e58e82ab87c5060b0d3315d2aacd842c7158322535ef6e25fcf14d3,1
LazyVim/LazyVim,issues_new,https://oss.open-digger.cn/github/LazyVim/LazyVim/issues_new.json,200,,747,205e6264ee318585e602cc82d4467de814660edd172e612f0966489ba6641189,1
LazyVim/LazyVim,contributors,https://oss.open-digger.cn/github/LazyVim/LazyVim/contributors.json,200,,516,0c31b792ec048f910bc3d8ff38ce51ab6882ba0c8329c288558a45c3606deb3b,1
LazyVim/LazyVim,code_change_lines_sum,https://oss.open-digger.cn/github/LazyVim/LazyVim/code_change_lines_sum.json,200,,694,2111c3dd0f93e261d904c6f30e28fb58b18aac3817a0e0a85975f80c26701c85,1
Leaflet/Leaflet,issue_resolution_duration,https://oss.open-digger.cn/github/Leaflet/Leaflet/issue_resolution_duration.json,200,,18887,e1e7342c8b933ab024a422c9f37c276d182a182012e869694ede93507946072a,1
Leaflet/Leaflet,issue_age,https://oss.open-digger.cn/github/Leaflet/Leaflet/issue_age.json,200,,20704,cfbf7fa9c730e062faadeb6de9e499bc151089b93ca42aaf55a7b1491aed17fa,1
Leaflet/Leaflet,issues_new,https://oss.open-digger.cn/github/Leaflet/Leaflet/issues_new.json,200,,2464,32315af624b18f3fdede91fa94f5935b39886dfd4cfb4e50a192b393c68f02a3,1
Leaflet/Leaflet,contributors,https://oss.open-digger.cn/github/Leaflet/Leaflet/contributors.json,200,,2297,8a4f6d3f0050cee94016e1c232ade691a605c9d27fd76c0a9daff68cb10933ab,1
Leaflet/Leaflet,code_change_lines_sum,https://oss.open-digger.cn/github/Leaflet/Leaflet/code_change_lines_sum.json,200,,2822,dc17d298723d565f7ebd8389ee71f86b166ebfcfdfaf1fa5b7ef3032f43e289b,1
leanprover/lean4,issue_resolution_duration,https://oss.open-digger.cn/github/leanprover/lean4/issue_resolution_duration.json,200,,10793,679c6c1f118cca0a3a1630271d009c67a80c7524f2aab0e3c7997d1a37f9b2a4,1
leanprover/lean4,issue_age,https://oss.open-digger.cn/github/leanprover/lean4/issue_age.json,200,,12557,78eb248ba50428b9dfb1e689559e82aff8635b292032a222e207279bab7cd3aa,1
leanprover/lean4,issues_new,https://oss.open-digger.cn/github/leanprover/lean4/issues_new.json,200,,1468,c876852c0801f4dc3369657a271954ac08adac898c108c47f1e1cb79fbbbad45,1
leanprover/lean4,contributors,https://oss.open-digger.cn/github/leanprover/lean4/contributors.json,200,,1343,0fda7a0685135efbd7975bbf81a63a11e337e97b513a2b5990327371c63b9eb4,1
leanprover/lean4,code_change_lines_sum,https://oss.open-digger.cn/github/leanprover/lean4/code_change_lines_sum.json,200,,1734,51eb64659240a25d51d7d9e2ac1f89ea597176e5b31fbed7bcd5e63d93f071e3,1
leizongmin/js-xss,issue_resolution_duration,https://oss.open-digger.cn/github/leizongmin/js-xss/issue_resolution_duration.json,200,,9475,84d6360e0849229e0455a19df9819ce252166cbe7bb912d272a0164ca648db76,1
leizongmin/js-xss,issue_age,https://oss.open-digger.cn/github/leizongmin/js-xss/issue_age.json,200,,20307,174d9bc8a7183e45666d1f4e4425562463f6fb83f45157fef4eec6010f7c7735,1
leizongmin/js-xss,issues_new,https://oss.open-digger.cn/github/leizongmin/js-xss/issues_new.json,200,,1591,ec6a74dc349da6699d770208135b13ab66f109f98acaae8657703fe07353b1e1,1
leizongmin/js-xss,contributors,https://oss.open-digger.cn/github/leizongmin/js-xss/contributors.json,200,,678,d8cd33738ca83a07636246a3a13c3377f895984e89b55d42e772e7b3a9d83663,1
leizongmin/js-xss,code_change_lines_sum,https://oss.open-digger.cn/github/leizongmin/js-xss/code_change_lines_sum.json,200,,974,b6f07cdd88a30c3c2a3e5f2de5c862d9d71b989092f32c9357bfed820780fc5f,1
leonchen83/redis-replicator,issue_resolution_duration,https://oss.open-digger.cn/github/leonchen83/redis-replicator/issue_resolution_duration.json,200,,5576,7db33ac839f86efa2a16ba62352af594aa5331e2dc808d70d1c9e1a04f3eca88,1
leonchen83/redis-replicator,issue_age,https://oss.open-digger.cn/github/leonchen83/redis-replicator/issue_age.json,200,,16344,eab6c1c6208ce6f4be98c6095602121d0535d0b97268c63138beee65684d8751,1
leonchen83/redis-replicator,issues_new,https://oss.open-digger.cn/github/leonchen83/redis-replicator/issues_new.json,200,,732,edd33cd0b2e50bb90dd0e3cdbe9fd5df87afee54cbaa8c9e387d3f6769d67289,1
leonchen83/redis-replicator,contributors,https://oss.open-digger.cn/github/leonchen83/redis-replicator/contributors.json,200,,311,e2463a0b3d18edbf303931b5683fb5b7c4e3370c8497113a05bad43532dd74fd,1
leonchen83/redis-replicator,code_change_lines_sum,https://oss.open-digger.cn/github/leonchen83/redis-replicator/code_change_lines_sum.json,200,,221,dfe14690e216ae65bd301bed8bf9cfaa4059718a60eaa92384f01328bb0b582f,1
less/less.js,issue_resolution_duration,https://oss.open-digger.cn/github/less/less.js/issue_resolution_duration.json,200,,15588,feeb52a9450faf5d40df615282e19d9c2be2aaefc746d987369695caf10a32fe,1
less/less.js,issue_age,https://oss.open-digger.cn/github/less/less.js/issue_age.json,200,,20588,cc8422b86f1aedeeafb34e8f96e737bc13f9082bd8cf66ef62427224b9e4cb5f,1
less/less.js,issues_new,https://oss.open-digger.cn/github/less/less.js/issues_new.json,200,,2220,0df706741630409962e78c53d60631e6457d84656e7a622da3766d7c294f6df4,1
less/less.js,contributors,https://oss.open-digger.cn/github/less/less.js/contributors.json,200,,1355,ae278efb640d856bc4dc0f27b7e85c38e7c83f8f65c6f13679466bc88fe4145b,1
less/less.js,code_change_lines_sum,https://oss.open-digger.cn/github/less/less.js/code_change_lines_sum.json,200,,2217,a3817cd1feb5c99b598f60f814d5366390cc036d6cd7ca92db3b4c3ae8410f8d,1
lf-edge/eve,issue_resolution_duration,https://oss.open-digger.cn/github/lf-edge/eve/issue_resolution_duration.json,200,,7553,31d26fdd30a14bb7e652da5f605965f8eebd263f79745390697a6ada6e412726,1
lf-edge/eve,issue_age,https://oss.open-digger.cn/github/lf-edge/eve/issue_age.json,200,,12542,ed7428a41b1437bbcd99b78a8d6695d774ef32364b4794421fb5b38093afba05,1
lf-edge/eve,issues_new,https://oss.open-digger.cn/github/lf-edge/eve/issues_new.json,200,,1121,1feede5191b152841b9a7cefe8fab0d697bf46193a39250d0d8ea502cf6a7f1e,1
lf-edge/eve,contributors,https://oss.open-digger.cn/github/lf-edge/eve/contributors.json,200,,1567,bf2d391a7d193b1450c3bb63e32bc841cb49a6ce7a28d1d779892078d35306ad,1
lf-edge/eve,code_change_lines_sum,https://oss.open-digger.cn/github/lf-edge/eve/code_change_lines_sum.json,200,,1987,f5d23988157af5d935162703ae7d2d8e1337b8795a1042ec89f0b892e55e3854,1
LibChecker/LibChecker,issue_resolution_duration,https://oss.open-digger.cn/github/LibChecker/LibChecker/issue_resolution_duration.json,200,,8749,864248c978c6fcf710205c2d198513a88b4df7635a2db43301f1b4f5feca1cc4,1
LibChecker/LibChecker,issue_age,https://oss.open-digger.cn/github/LibChecker/LibChecker/issue_age.json,200,,9790,f824aa5cf4613c47dd6d35e2634468264ea466672842f0ae66f6921fe56927dd,1
LibChecker/LibChecker,issues_new,https://oss.open-digger.cn/github/LibChecker/LibChecker/issues_new.json,200,,1108,39db980e80718c36f0012fa440459d512a69b5822ec9b7d86667bcc13380ae28,1
LibChecker/LibChecker,contributors,https://oss.open-digger.cn/github/LibChecker/LibChecker/contributors.json,200,,1010,043a109e29e8216a47c46a78182c0ae15e89da5d1fff22349db68dc68c62afdb,1
LibChecker/LibChecker,code_change_lines_sum,https://oss.open-digger.cn/github/LibChecker/LibChecker/code_change_lines_sum.json,200,,1194,3f76b48f1d5b4fd749beb41964965446553a62e4fa7394a41020be8c2addbe71,1
LibChecker/LibChecker-Rules,issue_resolution_duration,https://oss.open-digger.cn/github/LibChecker/LibChecker-Rules/issue_resolution_duration.json,200,,9335,cd0ecb562e523f83a074ca61ce226f7c9cdde2b3d5a4ceff46a18fa3731e1871,1
LibChecker/LibChecker-Rules,issue_age,https://oss.open-digger.cn/github/LibChecker/LibChecker-Rules/issue_age.json,200,,10582,2c75c347bf2fb3d61e4c5ae3f10ede49100b94633a56efb4b1f85a66e059611f,1
LibChecker/LibChecker-Rules,issues_new,https://oss.open-digger.cn/github/LibChecker/LibChecker-Rules/issues_new.json,200,,1276,4cf2897e9c79c587ea03afddd144cb55d91444c072072989345f41f0c54fbc99,1
LibChecker/LibChecker-Rules,contributors,https://oss.open-digger.cn/github/LibChecker/LibChecker-Rules/contributors.json,200,,406,f997b4d065d125214f985e5bf44d7ee953fec32067ca75592609df31184f9a0b,1
LibChecker/LibChecker-Rules,code_change_lines_sum,https://oss.open-digger.cn/github/LibChecker/LibChecker-Rules/code_change_lines_sum.json,200,,508,8bf9bccfd5e77f9c814380e031bd69a9e6fa9738cd85fa894543adcd7571ac3b,1
libgd/libgd,issue_resolution_duration,https://oss.open-digger.cn/github/libgd/libgd/issue_resolution_duration.json,200,,13712,426cd9fd28ddafe3f640597b1660417a420e740d12ff362931cd40b8b56ec512,1
libgd/libgd,issue_age,https://oss.open-digger.cn/github/libgd/libgd/issue_age.json,200,,20683,df9ce3eee3f0efa656e29a16de117fddc36a7a69a34721c2571b1841588efacb,1
libgd/libgd,issues_new,https://oss.open-digger.cn/github/libgd/libgd/issues_new.json,200,,1864,d75ba731102c5cad364323612dc49095cffa93b36449414a5f9f19fa1f3433c3,1
libgd/libgd,contributors,https://oss.open-digger.cn/github/libgd/libgd/contributors.json,200,,1212,b81cb647aa1d9438efa5203214458547309705f6c10b2ea85baccd02961db894,1
libgd/libgd,code_change_lines_sum,https://oss.open-digger.cn/github/libgd/libgd/code_change_lines_sum.json,200,,1761,f5ff7de2e4eecd99e81d02e90b408df814e0a2806803105c642512632512e642,1
libgdx/libgdx,issue_resolution_duration,https://oss.open-digger.cn/github/libgdx/libgdx/issue_resolution_duration.json,200,,18603,25faa3e746e2b3faa2ec4029be59a071d58260a7ae152f51b5af150741a46788,1
libgdx/libgdx,issue_age,https://oss.open-digger.cn/github/libgdx/libgdx/issue_age.json,200,,20759,ffc2c2d099de4ff4621c14775f942b5c2a3fda0cfa30a3389bbd922c6970c0ec,1
libgdx/libgdx,issues_new,https://oss.open-digger.cn/github/libgdx/libgdx/issues_new.json,200,,2400,6f3c7af7b9770726b7cdc2fc16fb3c8b2e09460f939e5a2dc578ec4d3c02ca27,1
libgdx/libgdx,contributors,https://oss.open-digger.cn/github/libgdx/libgdx/contributors.json,200,,2353,faec5e7f12b90626caf00e04ecc215efb51052a2c9a6e675f952b523b543f21b,1
libgdx/libgdx,code_change_lines_sum,https://oss.open-digger.cn/github/libgdx/libgdx/code_change_lines_sum.json,200,,2859,7cd5ddbf508eea79ae2ff2d3cbcbad947eee9f5a53deef265765a01ab559466d,1
libgit2/libgit2,issue_resolution_duration,https://oss.open-digger.cn/github/libgit2/libgit2/issue_resolution_duration.json,200,,18400,c482572277aa51b45e4fe8559e8245a6b911da2067779910ee55b0add2182f06,1
libgit2/libgit2,issue_age,https://oss.open-digger.cn/github/libgit2/libgit2/issue_age.json,200,,20630,0a00005985b4ab50ecb000ca9ff567e5abbc06dddfb761712128a560dfdce15f,1
libgit2/libgit2,issues_new,https://oss.open-digger.cn/github/libgit2/libgit2/issues_new.json,200,,2330,8cdee6da6a61ed3eb0299967f62effc686bc36309cdc15d7039204f35126291a,1
libgit2/libgit2,contributors,https://oss.open-digger.cn/github/libgit2/libgit2/contributors.json,200,,2153,27594d33b5a40928e946f7bc63d0058d0ed708156daf0702a6f8bab0f87af6d2,1
libgit2/libgit2,code_change_lines_sum,https://oss.open-digger.cn/github/libgit2/libgit2/code_change_lines_sum.json,200,,2824,1055609840e7489ef64d1218952cb0a8d139abfa47992d69fce87b1ede008e19,1
libp2p/go-libp2p,issue_resolution_duration,https://oss.open-digger.cn/github/libp2p/go-libp2p/issue_resolution_duration.json,200,,17357,1523c896465228a6a39cf7f03ceb67187a3af707f60999e9328b9e94fd064db0,1
libp2p/go-libp2p,issue_age,https://oss.open-digger.cn/github/libp2p/go-libp2p/issue_age.json,200,,19452,5bac74ddf555e5a3ae1e7b6fcb48ef967b137bfd8cd9bc8348c1eca9bf602999,1
libp2p/go-libp2p,issues_new,https://oss.open-digger.cn/github/libp2p/go-libp2p/issues_new.json,200,,2151,5b94488628473626e49efda24bfadfc46509b1fe65151a557a9599dc6d2be51d,1
libp2p/go-libp2p,contributors,https://oss.open-digger.cn/github/libp2p/go-libp2p/contributors.json,200,,2079,0b464f6759cafec545c448e4d15f669e19acfad5bfd07a0042e97f09d4e804a3,1
libp2p/go-libp2p,code_change_lines_sum,https://oss.open-digger.cn/github/libp2p/go-libp2p/code_change_lines_sum.json,200,,2519,d9631e294aa29ac693d9a62682daba17d9ebe066bb64fc927e75c12b36083dc9,1
libp2p/js-libp2p,issue_resolution_duration,https://oss.open-digger.cn/github/libp2p/js-libp2p/issue_resolution_duration.json,200,,17583,65e51e01f5a8c389cb911e69960fe8897f1430450c89944cce958667dc0ec728,1
libp2p/js-libp2p,issue_age,https://oss.open-digger.cn/github/libp2p/js-libp2p/issue_age.json,200,,18817,b6f42a2e9ed5d5e65453875a2005935797adb15e9c9ac2a8d3e6a697812b56a4,1
libp2p/js-libp2p,issues_new,https://oss.open-digger.cn/github/libp2p/js-libp2p/issues_new.json,200,,2065,5be7bbbcdc5598ea10738216e156719ae580b0827836d3e3d5d6986cf54d6f95,1
libp2p/js-libp2p,contributors,https://oss.open-digger.cn/github/libp2p/js-libp2p/contributors.json,200,,1871,e0da67267fe75330b506e7544daa614b406d2ad6878d59d562df6bb999e26f0a,1
libp2p/js-libp2p,code_change_lines_sum,https://oss.open-digger.cn/github/libp2p/js-libp2p/code_change_lines_sum.json,200,,2303,9140e8161069e2622638b92bb4e7c8f1f4644e7eb95e8d230fff3470add27aac,1
libp2p/rust-libp2p,issue_resolution_duration,https://oss.open-digger.cn/github/libp2p/rust-libp2p/issue_resolution_duration.json,200,,14326,e3ef86384c48c27c749c3931dba606e7d98fe3583ade96465e4092fed81633d9,1
libp2p/rust-libp2p,issue_age,https://oss.open-digger.cn/github/libp2p/rust-libp2p/issue_age.json,200,,15271,c423a7000427637322a09ad32a4dea82cfeb99305b73ff4988f65789ed210d39,1
libp2p/rust-libp2p,issues_new,https://oss.open-digger.cn/github/libp2p/rust-libp2p/issues_new.json,200,,1783,4e46504e22b97f9a977ef562f763d821f59ab26b702e672889fccbe0b6fd0110,1
libp2p/rust-libp2p,contributors,https://oss.open-digger.cn/github/libp2p/rust-libp2p/contributors.json,200,,1689,4b1620e897257a13e3c84d0ccd259a3224eeeae3826e7d47dbd303e3d695f4a8,1
libp2p/rust-libp2p,code_change_lines_sum,https://oss.open-digger.cn/github/libp2p/rust-libp2p/code_change_lines_sum.json,200,,2058,c369c1253dd92f646daaa409af1f3fe4fbd2479bb5dbd793818e481ce26f9b5f,1
librariesio/libraries.io,issue_resolution_duration,https://oss.open-digger.cn/github/librariesio/libraries.io/issue_resolution_duration.json,200,,13779,9c90e48790d2f1c0a0d1c1dfc73cd4681de80f6077e7e4446130ab02c999fcbf,1
librariesio/libraries.io,issue_age,https://oss.open-digger.cn/github/librariesio/libraries.io/issue_age.json,200,,18803,9f48787e9e2dd5693675d51afe72cba6c6abf2d11eacc6b75ab0cbccdc81b263,1
librariesio/libraries.io,issues_new,https://oss.open-digger.cn/github/librariesio/libraries.io/issues_new.json,200,,1819,f6afb790a9f7cf7e034438f95b92978ae2d6caee4ed94ede2fc7c2042b554b45,1
librariesio/libraries.io,contributors,https://oss.open-digger.cn/github/librariesio/libraries.io/contributors.json,200,,1867,ddad9fc967539f3a8a0671369755737c6ea6dbc40fe48749436a722b80dc7a8b,1
librariesio/libraries.io,code_change_lines_sum,https://oss.open-digger.cn/github/librariesio/libraries.io/code_change_lines_sum.json,200,,2273,254d1584ce02337736ca6f275f635401ff57278b63927cbb9730a21ef62d79b2,1
libuv/libuv,issue_resolution_duration,https://oss.open-digger.cn/github/libuv/libuv/issue_resolution_duration.json,200,,18934,21e866e6cce9868cb7cd54da999b1f33748f1984b6db6565d30de99e86ce65f8,1
libuv/libuv,issue_age,https://oss.open-digger.cn/github/libuv/libuv/issue_age.json,200,,20500,75970e531774017673fc67e4041d472ed1cb55aff834ca1225c7a3d191d473ad,1
libuv/libuv,issues_new,https://oss.open-digger.cn/github/libuv/libuv/issues_new.json,200,,2414,faa6e9b54aeb9d8c860efcf5c717584497dc7a81153ed6f45cf85a2120c0cd33,1
libuv/libuv,contributors,https://oss.open-digger.cn/github/libuv/libuv/contributors.json,200,,2255,58f0270cbaf2f59afc21bb79e276839fd2f21a1f31b61dfdc2fec6249143cc7a,1
libuv/libuv,code_change_lines_sum,https://oss.open-digger.cn/github/libuv/libuv/code_change_lines_sum.json,200,,2826,3ecfc8ffae9e12201baed4d24f2702636eff1fbc0ed6b0ab928bfe7893e4fe41,1
lightningnetwork/lnd,issue_resolution_duration,https://oss.open-digger.cn/github/lightningnetwork/lnd/issue_resolution_duration.json,200,,17273,da73accad1b0fbf16c8c0a545ee7faf32e3beb13cea244f7b23673939933583e,1
lightningnetwork/lnd,issue_age,https://oss.open-digger.cn/github/lightningnetwork/lnd/issue_age.json,200,,18267,1079eb08c5128d6ef85a3a40b9751e33e459d1fc91e31a193831581779c246e9,1
lightningnetwork/lnd,issues_new,https://oss.open-digger.cn/github/lightningnetwork/lnd/issues_new.json,200,,2202,3dceb3225978641c8ea8a104ec7a62cde5bc9b87b2b7b75f507bb8c5cdace2ec,1
lightningnetwork/lnd,contributors,https://oss.open-digger.cn/github/lightningnetwork/lnd/contributors.json,200,,2154,8953b453686cfdd0253c2ff9140b46fe951a1fd58732689cecc1c09e4fb043d9,1
lightningnetwork/lnd,code_change_lines_sum,https://oss.open-digger.cn/github/lightningnetwork/lnd/code_change_lines_sum.json,200,,2700,e2000a129c2ed0ae91540492e041dd0a31fc84f634d9c696508c065c30615d71,1
linnovate/mean,issue_resolution_duration,https://oss.open-digger.cn/github/linnovate/mean/issue_resolution_duration.json,200,,10640,dc70db863bcddbda80e37d12625a8de8d7b0157f93f71eb862dca86bd08741ec,1
linnovate/mean,issue_age,https://oss.open-digger.cn/github/linnovate/mean/issue_age.json,200,,20842,b11f42273517a30e5dc78a91f57f6a31ae598f8beefa4db898935fdfb0a3cc7d,1
linnovate/mean,issues_new,https://oss.open-digger.cn/github/linnovate/mean/issues_new.json,200,,1388,53cbf07db7691c5fc9485a540c34faf7a358ff57d1c557b1fddce29dbfd86f91,1
linnovate/mean,contributors,https://oss.open-digger.cn/github/linnovate/mean/contributors.json,200,,815,2f22bd6c777626fbe3226afd813b14cda2af91f7cd6bf439d54aee804cc87772,1
linnovate/mean,code_change_lines_sum,https://oss.open-digger.cn/github/linnovate/mean/code_change_lines_sum.json,200,,1599,1f328fafaaabd3cc629f4c8b97514c9bb93b872a986ecc36e5a8eb8d98b77f78,1
linuxmint/cinnamon-spices-applets,issue_resolution_duration,https://oss.open-digger.cn/github/linuxmint/cinnamon-spices-applets/issue_resolution_duration.json,200,,15767,a9c1c540b049bdc44401902c8db51dad78130f9aa093cfcecc9a842498f76f62,1
linuxmint/cinnamon-spices-applets,issue_age,https://oss.open-digger.cn/github/linuxmint/cinnamon-spices-applets/issue_age.json,200,,16925,12d54c3288b05611444ad4a512d1378f51cc352371eaafb0348d93fdb051d483,1
linuxmint/cinnamon-spices-applets,issues_new,https://oss.open-digger.cn/github/linuxmint/cinnamon-spices-applets/issues_new.json,200,,2021,5093b4b09fe18ad88e6bdc6641ca2fb121ab62791a355311cc614636373786e1,1
linuxmint/cinnamon-spices-applets,contributors,https://oss.open-digger.cn/github/linuxmint/cinnamon-spices-applets/contributors.json,200,,1897,259851b4d533a9dd06985326d4f38ee3c045804b71f605a93a72ad8c3f0e8395,1
linuxmint/cinnamon-spices-applets,code_change_lines_sum,https://oss.open-digger.cn/github/linuxmint/cinnamon-spices-applets/code_change_lines_sum.json,200,,2362,ccf5e80b889edd6a5b76ac1bdcd0faea72ddfb8b4ec4b1b2872f481d8c4de284,1
LinuxSuRen/api-testing,issue_resolution_duration,https://oss.open-digger.cn/github/LinuxSuRen/api-testing/issue_resolution_duration.json,200,,3621,56d47739dea7c4a6c4a5451f894d4003c9fe61c08bc5521c781b389f7df0a615,1
LinuxSuRen/api-testing,issue_age,https://oss.open-digger.cn/github/LinuxSuRen/api-testing/issue_age.json,200,,6818,d9369daf759c50eb8b23f4fed1b507c2cb2dc12f00912356b8cb433b15175c69,1
LinuxSuRen/api-testing,issues_new,https://oss.open-digger.cn/github/LinuxSuRen/api-testing/issues_new.json,200,,524,8f29c1a1dfc99e14c948020678d9e2715d633524ddc74eda849a8102b68e0f9f,1
LinuxSuRen/api-testing,contributors,https://oss.open-digger.cn/github/LinuxSuRen/api-testing/contributors.json,200,,591,08ff3f2acf2fcf97507822e9baaa23d4ae4e88a424884a6d899a8029b3c677d1,1
LinuxSuRen/api-testing,code_change_lines_sum,https://oss.open-digger.cn/github/LinuxSuRen/api-testing/code_change_lines_sum.json,200,,778,a5edc7eb5281326be5cd9419e2e1a3eb1fce6ae8e7021d334b13c065e333c6cb,1
lllyasviel/ControlNet,issue_resolution_duration,https://oss.open-digger.cn/github/lllyasviel/ControlNet/issue_resolution_duration.json,200,,3109,b09fa2ceb4b2ff648b3423e95aef7af26a1714169e0832f56a34a1ee526779ed,1
lllyasviel/ControlNet,issue_age,https://oss.open-digger.cn/github/lllyasviel/ControlNet/issue_age.json,200,,5671,bc313779bd873b344ecdec60d25f9f5334a8b6136cc58001c5d441e2ab3701c2,1
lllyasviel/ControlNet,issues_new,https://oss.open-digger.cn/github/lllyasviel/ControlNet/issues_new.json,200,,568,c2e2ee726209a53f725cd091a68b22abe2a5966f36b9f2d1d3920c54ea909845,1
lllyasviel/ControlNet,contributors,https://oss.open-digger.cn/github/lllyasviel/ControlNet/contributors.json,200,,56,64aee3f00b0a8a1c67fba1c35d1860d614a64e92e762bd46c37d6f72a9c2df80,1
lllyasviel/ControlNet,code_change_lines_sum,https://oss.open-digger.cn/github/lllyasviel/ControlNet/code_change_lines_sum.json,200,,317,4650dcce3979b3466dfd795db67b71f61df1904d45a67946625e5fa101357e2c,1
llvm/llvm-project,issue_resolution_duration,https://oss.open-digger.cn/github/llvm/llvm-project/issue_resolution_duration.json,200,,21041,69c88a9cbf13a8fcdbda2057ce26a52a5196c30cfd3977a638a1700950b5108e,1
llvm/llvm-project,issue_age,https://oss.open-digger.cn/github/llvm/llvm-project/issue_age.json,200,,11932,a31b4d205b0d0d5f1daee53ca3ad594e7de45fcc959a0d89b948cf6a93780c7c,1
llvm/llvm-project,issues_new,https://oss.open-digger.cn/github/llvm/llvm-project/issues_new.json,200,,2645,d4ad2e59d4e2714f7ded7edaa8d39d1d29b7d2bd7984440f2e4ff5643a9e2ef4,1
llvm/llvm-project,contributors,https://oss.open-digger.cn/github/llvm/llvm-project/contributors.json,200,,815,4997509d243cb06d1118d0a80d734714d187b48da72db8f50f01dce4f5c963e8,1
llvm/llvm-project,code_change_lines_sum,https://oss.open-digger.cn/github/llvm/llvm-project/code_change_lines_sum.json,200,,2037,ecf638c021e31d84852afec55c6a0bf48594fb4b82b39909165bd59699e05b20,1
locustio/locust,issue_resolution_duration,https://oss.open-digger.cn/github/locustio/locust/issue_resolution_duration.json,200,,18910,6f491c2f06ca2fc9133c1149631304fb894028ef7875ef7df7c87e4988f950b9,1
locustio/locust,issue_age,https://oss.open-digger.cn/github/locustio/locust/issue_age.json,200,,20346,081512b67665a35fb8f8221e0d4aca69cf7a943b5c819a34dd1bfc7b86340a9b,1
locustio/locust,issues_new,https://oss.open-digger.cn/github/locustio/locust/issues_new.json,200,,2398,cd998a4a2566369c943c68b99024489b7906fffb7299b54e6deb54b2f8c75a48,1
locustio/locust,contributors,https://oss.open-digger.cn/github/locustio/locust/contributors.json,200,,2103,84082863b415ad4caee34dff3f83a1fd406683d08c0a5410ce88c68e2b727542,1
locustio/locust,code_change_lines_sum,https://oss.open-digger.cn/github/locustio/locust/code_change_lines_sum.json,200,,2643,98748175ffb7182d1b72cc45bf2c3464eb6971aec25b3fde9294a8a5d875fd4c,1
lodash/lodash,issue_resolution_duration,https://oss.open-digger.cn/github/lodash/lodash/issue_resolution_duration.json,200,,18275,c2eb2733ecf1be9b4fc448717c1044217994fc2d61f985e938873a7e9961cc30,1
lodash/lodash,issue_age,https://oss.open-digger.cn/github/lodash/lodash/issue_age.json,200,,19631,b4c1eafe860d8c95d4818a68edf082906d3349d05247426f5be746e4f13115b2,1
lodash/lodash,issues_new,https://oss.open-digger.cn/github/lodash/lodash/issues_new.json,200,,2426,bccf9fb43dc11344db8bd03f88ef887d9385de7efaa96d80033e5b792a9e57b5,1
lodash/lodash,contributors,https://oss.open-digger.cn/github/lodash/lodash/contributors.json,200,,1373,8335f10a6ea52c6a6346b20dec334900dea2245843540894f4bf80c92f24a43d,1
lodash/lodash,code_change_lines_sum,https://oss.open-digger.cn/github/lodash/lodash/code_change_lines_sum.json,200,,2723,fcaf5df7b88a76b4c0a58f49a66af252f20542ff8271f404dc9519ea0e10ce63,1
loggie-io/loggie,issue_resolution_duration,https://oss.open-digger.cn/github/loggie-io/loggie/issue_resolution_duration.json,200,,3291,f951c196f83946985589fcbf812eabda8b647d68c659ab87b6263d85d18579fa,1
loggie-io/loggie,issue_age,https://oss.open-digger.cn/github/loggie-io/loggie/issue_age.json,200,,7473,a7bd719923c2f55f4ac34a0ec451445b2cb67de28f2ffb34d1094a5012312462,1
loggie-io/loggie,issues_new,https://oss.open-digger.cn/github/loggie-io/loggie/issues_new.json,200,,708,416a5aa5e496bcb41c5a4de6a443633029a0695f8401beea7cb3fd6e97bc47d4,1
loggie-io/loggie,contributors,https://oss.open-digger.cn/github/loggie-io/loggie/contributors.json,200,,484,dc98c0939b13ef89c91a7e76bf06fca0d3e8499d1558cba762191d80c6dfe938,1
loggie-io/loggie,code_change_lines_sum,https://oss.open-digger.cn/github/loggie-io/loggie/code_change_lines_sum.json,200,,851,bf3eb08a0a8cfcee61b96fa39a8581a110553f3f51e3b3a90c2f5afdbde75f75,1
lostisland/faraday,issue_resolution_duration,https://oss.open-digger.cn/github/lostisland/faraday/issue_resolution_duration.json,200,,16174,2a584cca9081e1790c250213f90e5d6ffd643014805ae315e71e049d398a2b66,1
lostisland/faraday,issue_age,https://oss.open-digger.cn/github/lostisland/faraday/issue_age.json,200,,20559,f8ccf80524a5cfecf150fc6f027032ed9d7d766eb949b6c8cfe8c1a33d2662e3,1
lostisland/faraday,issues_new,https://oss.open-digger.cn/github/lostisland/faraday/issues_new.json,200,,2134,9b849f731309605050e36f6375c57a77a38e37bf08ea792f65f18e5d0f5a5a73,1
lostisland/faraday,contributors,https://oss.open-digger.cn/github/lostisland/faraday/contributors.json,200,,1871,afec61f18e3c26a6569083d32af61a4636b0aec3be4da10d045fa55b58eb2868,1
lostisland/faraday,code_change_lines_sum,https://oss.open-digger.cn/github/lostisland/faraday/code_change_lines_sum.json,200,,2287,aef06969263d66cbef70b048858d64f08c3df29dfe5de1770792cacff4310be3,1
lra/mackup,issue_resolution_duration,https://oss.open-digger.cn/github/lra/mackup/issue_resolution_duration.json,200,,14752,b35616ba1d138afdacbb595d438d9642a0ea397bc5bac48b5eab9cb08f847593,1
lra/mackup,issue_age,https://oss.open-digger.cn/github/lra/mackup/issue_age.json,200,,20883,ae29e384d96b88ed20063b698033810153045b20604375abb58447afcf37d963,1
lra/mackup,issues_new,https://oss.open-digger.cn/github/lra/mackup/issues_new.json,200,,2034,44f73decdf2693b583189006fb8d6072979ac30939cd4c8b04d880721a6e8e74,1
lra/mackup,contributors,https://oss.open-digger.cn/github/lra/mackup/contributors.json,200,,1812,0a971937d5d4f70ca4165ce43571ee5625f18cdf0df8d70a282a64cc849f7b1b,1
lra/mackup,code_change_lines_sum,https://oss.open-digger.cn/github/lra/mackup/code_change_lines_sum.json,200,,2520,327fae81c38b8e8503cd1f032ed4189d9cc453a1320e4df0b1080f024581b3c2,1
madler/zlib,issue_resolution_duration,https://oss.open-digger.cn/github/madler/zlib/issue_resolution_duration.json,200,,17249,5070f8e16c19346c2546bb661a2ea6f4dcb6f84a96aae35af2225c88a9146482,1
madler/zlib,issue_age,https://oss.open-digger.cn/github/madler/zlib/issue_age.json,200,,20595,fe0bc12c22d0fd7e2d5c55670b5965277aeca5e54ffc24e22ee2ad8e69353df9,1
madler/zlib,issues_new,https://oss.open-digger.cn/github/madler/zlib/issues_new.json,200,,2185,c64e483d1533d14dde9c6d8ef4197338c8d5a1ad8dee99aa9955ee2f6a521392,1
madler/zlib,contributors,https://oss.open-digger.cn/github/madler/zlib/contributors.json,200,,33,d3d25de3717fdbef05873bc7e718aa971eb45f80da68012ee27321438bc2ef29,1
madler/zlib,code_change_lines_sum,https://oss.open-digger.cn/github/madler/zlib/code_change_lines_sum.json,200,,2486,da0038bd6ef9e164868bac091afbf4d564e8714b09ed1c4d031062bd0d647342,1
madrobby/zepto,issue_resolution_duration,https://oss.open-digger.cn/github/madrobby/zepto/issue_resolution_duration.json,200,,6708,ef8964d0b15597d90e26191d99c50d38d38a613fb290046afc85edf4822b1b2d,1
madrobby/zepto,issue_age,https://oss.open-digger.cn/github/madrobby/zepto/issue_age.json,200,,20763,bb55f9cf6aa2b799d9554510571619e647c964529b3cf352349b8f1ba8481a0f,1
madrobby/zepto,issues_new,https://oss.open-digger.cn/github/madrobby/zepto/issues_new.json,200,,1123,851ec94e4cd2bdac4b9b7762be1c4ad24ffcec475ecf59f30fc6d05329f6fe51,1
madrobby/zepto,contributors,https://oss.open-digger.cn/github/madrobby/zepto/contributors.json,200,,374,5eab8a4ee57aee675799b19b8cf972de0a83db7d81d211f6f17fc273a01c85bc,1
madrobby/zepto,code_change_lines_sum,https://oss.open-digger.cn/github/madrobby/zepto/code_change_lines_sum.json,200,,734,8bd9c3a00fa21f169fd7e5fad2246e65a1c8ecf8ab7570c01fd10175c47e739a,1
magento/magento2,issue_resolution_duration,https://oss.open-digger.cn/github/magento/magento2/issue_resolution_duration.json,200,,20203,b16979a4d62377d1ab9fb24a90e5b5892166fd725ec13b104278d1612f6c8a3a,1
magento/magento2,issue_age,https://oss.open-digger.cn/github/magento/magento2/issue_age.json,200,,21134,733f75bd39a2e9976789b0a6d5bb99a2c07f06dc441b006c3c23b5c2f3b820c8,1
magento/magento2,issues_new,https://oss.open-digger.cn/github/magento/magento2/issues_new.json,200,,2660,b328c9bcc28a626aa68ea1a82da2440aa8ab17ef2b51e352de699b0c21b65346,1
magento/magento2,contributors,https://oss.open-digger.cn/github/magento/magento2/contributors.json,200,,2398,be92bf5e2fa6143804b77733f5dcb730c4b976ad84f110b1582570fb0fd35088,1
magento/magento2,code_change_lines_sum,https://oss.open-digger.cn/github/magento/magento2/code_change_lines_sum.json,200,,3063,46f99be7202a6662c3185eb83cc4edc840bf2fa66950bbde4ed598cdcde65b79,1
MahApps/MahApps.Metro,issue_resolution_duration,https://oss.open-digger.cn/github/MahApps/MahApps.Metro/issue_resolution_duration.json,200,,17239,60ebd2f2586722f78a53604071f9d15c79aca60a93921c04d1650e834dfacce1,1
MahApps/MahApps.Metro,issue_age,https://oss.open-digger.cn/github/MahApps/MahApps.Metro/issue_age.json,200,,20720,c13ea4b44a7bb1165dc78aff1d8be91964cabdcb88b671b8b1a003a30ac463d8,1
MahApps/MahApps.Metro,issues_new,https://oss.open-digger.cn/github/MahApps/MahApps.Metro/issues_new.json,200,,2327,5bfea360c1ec557d9560748382288def00d0105698d2f2273514b15166b4db47,1
MahApps/MahApps.Metro,contributors,https://oss.open-digger.cn/github/MahApps/MahApps.Metro/contributors.json,200,,1767,2b8f09178e9e64523714fdebb89bab21dbe6cfa2fe4d5ca02544870bf3606486,1
MahApps/MahApps.Metro,code_change_lines_sum,https://oss.open-digger.cn/github/MahApps/MahApps.Metro/code_change_lines_sum.json,200,,2341,a6ab2b8e1e7d2362d705d499520309225295d313b845ba4fa07623ed0a7a07f9,1
mail-in-a-box/mailinabox,issue_resolution_duration,https://oss.open-digger.cn/github/mail-in-a-box/mailinabox/issue_resolution_duration.json,200,,17724,8c5bf5080d42fb2c56e233cfdf35e5da7a0eeca69c7d6b423c42b5df4e180e9e,1
mail-in-a-box/mailinabox,issue_age,https://oss.open-digger.cn/github/mail-in-a-box/mailinabox/issue_age.json,200,,20724,ef046eb5f8ce739fd843c92ccbe0a5f9b23b405ee2b333122fd7c624e06b0c08,1
mail-in-a-box/mailinabox,issues_new,https://oss.open-digger.cn/github/mail-in-a-box/mailinabox/issues_new.json,200,,2387,5bd60cb9a113fe48be383ea6c32d8d7bd1ccb87d8c1014dc52bfd211262f7d74,1
mail-in-a-box/mailinabox,contributors,https://oss.open-digger.cn/github/mail-in-a-box/mailinabox/contributors.json,200,,1875,e0a8590784f64e7972433b4d3d2ba72acefd01fac73f4e43acee9daa8ee3b862,1
mail-in-a-box/mailinabox,code_change_lines_sum,https://oss.open-digger.cn/github/mail-in-a-box/mailinabox/code_change_lines_sum.json,200,,2451,c94215ce5075c55e704128d735812d8da7992a60861746679faa9e717bda39c7,1
manateelazycat/lsp-bridge,issue_resolution_duration,https://oss.open-digger.cn/github/manateelazycat/lsp-bridge/issue_resolution_duration.json,200,,6085,0a8176a801e639dd34ecf585efaf77fb093fb3cf5a5e5492f8ed2e5884a24f6f,1
manateelazycat/lsp-bridge,issue_age,https://oss.open-digger.cn/github/manateelazycat/lsp-bridge/issue_age.json,200,,6975,5c3ae3b922fe378cb92c8b06e0ea7664d9dd3bde4467e4bc240f9696cd85f40d,1
manateelazycat/lsp-bridge,issues_new,https://oss.open-digger.cn/github/manateelazycat/lsp-bridge/issues_new.json,200,,807,bf18c44ea1b1c6a8bfa5ca5875f26da41eccdaa881a8ab51c5f00ba92a58a0dc,1
manateelazycat/lsp-bridge,contributors,https://oss.open-digger.cn/github/manateelazycat/lsp-bridge/contributors.json,200,,695,e090d623290462a3d38d64bc592549a4d420afb4fbc9272163ccbea5e4ec4c62,1
manateelazycat/lsp-bridge,code_change_lines_sum,https://oss.open-digger.cn/github/manateelazycat/lsp-bridge/code_change_lines_sum.json,200,,807,66c1eadd448ac7fa47ed851087d4a7cd5e9541f65c9b359ae17adaa42692ff91,1
maplibre/maplibre-gl-js,issue_resolution_duration,https://oss.open-digger.cn/github/maplibre/maplibre-gl-js/issue_resolution_duration.json,200,,9344,c141c46caeba5900c6aa44e48fbdcd626119d82c723c751bc290bfce4e9e3cf8,1
maplibre/maplibre-gl-js,issue_age,https://oss.open-digger.cn/github/maplibre/maplibre-gl-js/issue_age.json,200,,9771,270e76c8a67c0ef5984979388cbc3fdce271401e40941fcfaf14bbdfa11251a0,1
maplibre/maplibre-gl-js,issues_new,https://oss.open-digger.cn/github/maplibre/maplibre-gl-js/issues_new.json,200,,1233,aff9f789652e40ec7a0cd1db3da47c6f14b31a5a10addbb597565cc70a650846,1
maplibre/maplibre-gl-js,contributors,https://oss.open-digger.cn/github/maplibre/maplibre-gl-js/contributors.json,200,,1208,3269ca397cbe142e7298ae4522e752a5aed8c88d004626b8a2b9b8a95dd4c563,1
maplibre/maplibre-gl-js,code_change_lines_sum,https://oss.open-digger.cn/github/maplibre/maplibre-gl-js/code_change_lines_sum.json,200,,1459,9c6c3913a2d60acd5d8b24a4b93ec1e536ad4b5ab98fafe57288a115b68a1a0f,1
marionettejs/backbone.marionette,issue_resolution_duration,https://oss.open-digger.cn/github/marionettejs/backbone.marionette/issue_resolution_duration.json,200,,9030,9a141c9a206d0534dd8d54edd2033e3c13697233c7cced934a9dd2bbbc91957c,1
marionettejs/backbone.marionette,issue_age,https://oss.open-digger.cn/github/marionettejs/backbone.marionette/issue_age.json,200,,20958,eec295038bd765ebf02060c979d09ac66974eb287dd746cda072b6700bbebc72,1
marionettejs/backbone.marionette,issues_new,https://oss.open-digger.cn/github/marionettejs/backbone.marionette/issues_new.json,200,,1193,4df92b9338acca064a1afd7b968a58f68e4f2c9bcc039844b5c7360c0aa0ecca,1
marionettejs/backbone.marionette,contributors,https://oss.open-digger.cn/github/marionettejs/backbone.marionette/contributors.json,200,,1003,152a223c7f5add8a1f81fc9408fccc339ff9f89f16e65a62bcb202ff48e9ef55,1
marionettejs/backbone.marionette,code_change_lines_sum,https://oss.open-digger.cn/github/marionettejs/backbone.marionette/code_change_lines_sum.json,200,,1584,108776e2df982254fe4b3ad6f5b2edefc882ecf2296462caee7df31a4812e84f,1
marko-js/marko,issue_resolution_duration,https://oss.open-digger.cn/github/marko-js/marko/issue_resolution_duration.json,200,,17139,92a85371d283d761e95dff57c5e219a8ad80f5a329961f874c8ca239aba72e3f,1
marko-js/marko,issue_age,https://oss.open-digger.cn/github/marko-js/marko/issue_age.json,200,,20758,ed46a85470e4abc5ec728fead94c7be4a9810305bc1d0914b8880d8b6c846239,1
marko-js/marko,issues_new,https://oss.open-digger.cn/github/marko-js/marko/issues_new.json,200,,2210,99360c8fc60572816294bcdabe5ce65e93069c18dd420a4ff7be4d62e8fe38c6,1
marko-js/marko,contributors,https://oss.open-digger.cn/github/marko-js/marko/contributors.json,200,,2279,a169cde35e57fbd7f255809039cd56b9cfe9b60334eec90a257f7f8184ccf2da,1
marko-js/marko,code_change_lines_sum,https://oss.open-digger.cn/github/marko-js/marko/code_change_lines_sum.json,200,,2818,b05c5b3bc42911c0e83c6aeca7f96e7ccd45d80647d4e72f726caad5b6c7221a,1
material-components/material-web,issue_resolution_duration,https://oss.open-digger.cn/github/material-components/material-web/issue_resolution_duration.json,200,,12811,21f72cb64faef9307fe92373a14433032228f6464358232a2ede0542e47d8ef6,1
material-components/material-web,issue_age,https://oss.open-digger.cn/github/material-components/material-web/issue_age.json,200,,14493,aa72de7ac7993c85165ba8414bd610922c4c25380df887772492c9b32c517fb0,1
material-components/material-web,issues_new,https://oss.open-digger.cn/github/material-components/material-web/issues_new.json,200,,1650,f517d04603618018af1a1dbc944316ef318b6b7b9e3b5e9f453ebf42705f78a7,1
material-components/material-web,contributors,https://oss.open-digger.cn/github/material-components/material-web/contributors.json,200,,1589,bfb02a9cd5a47954d99d953eddc53ae363adbb2aadd9ce87b6e68750c8cee89d,1
material-components/material-web,code_change_lines_sum,https://oss.open-digger.cn/github/material-components/material-web/code_change_lines_sum.json,200,,2038,8ad32af3cdd40136010fdd7aa6bb24fd9f1cfa255a0dea15253afad56765cca9,1
mathjax/MathJax,issue_resolution_duration,https://oss.open-digger.cn/github/mathjax/MathJax/issue_resolution_duration.json,200,,19728,83480602ef47e2bf0d9b57779e00d74cdfc2e8bfff46b38d325565f6d8300bac,1
mathjax/MathJax,issue_age,https://oss.open-digger.cn/github/mathjax/MathJax/issue_age.json,200,,20744,8ca31ab0b8176b67ed7d80f49211fba2c35e2357f75f99d2f925271d8ada3757,1
mathjax/MathJax,issues_new,https://oss.open-digger.cn/github/mathjax/MathJax/issues_new.json,200,,2453,927ce480d23b962b9aa0bb018b46b21c5a2096662c84f2d2e46d8cb5517c5aa4,1
mathjax/MathJax,contributors,https://oss.open-digger.cn/github/mathjax/MathJax/contributors.json,200,,814,1d56f55241e81a50d18699af9baecd9619883ce3d9b1ef864f8755bd5cc999e1,1
mathjax/MathJax,code_change_lines_sum,https://oss.open-digger.cn/github/mathjax/MathJax/code_change_lines_sum.json,200,,1265,54e38b1be910ce5dedcebb661b6189afbe42ec9ca8f775369877c5ad88380455,1
matplotlib/matplotlib,issue_resolution_duration,https://oss.open-digger.cn/github/matplotlib/matplotlib/issue_resolution_duration.json,200,,19664,d02b623fecd0eb12ecf2321404bdfe5095935bc43c1525d71c8f4d4702c37512,1
matplotlib/matplotlib,issue_age,https://oss.open-digger.cn/github/matplotlib/matplotlib/issue_age.json,200,,21180,0a60f380b8b1540ef22942ec61c93aecda1c75d6847aae6794a9233052113b4e,1
matplotlib/matplotlib,issues_new,https://oss.open-digger.cn/github/matplotlib/matplotlib/issues_new.json,200,,2549,b27bab4db3adecf137b128e880451ce44ff123ce0d7b160fafd2bc1b101523dc,1
matplotlib/matplotlib,contributors,https://oss.open-digger.cn/github/matplotlib/matplotlib/contributors.json,200,,2490,42fffd59b5aae7ddec89b6a80a327a9dae7aff7fffeb305a46b6992f54767bf7,1
matplotlib/matplotlib,code_change_lines_sum,https://oss.open-digger.cn/github/matplotlib/matplotlib/code_change_lines_sum.json,200,,3026,95feeaea50d08babeda52e9fb7d6c6288666e5ce68f05df18c7cb8d8a35156f4,1
mckaywrigley/chatbot-ui,issue_resolution_duration,https://oss.open-digger.cn/github/mckaywrigley/chatbot-ui/issue_resolution_duration.json,200,,3292,6cd0a07b43ea7ea3202b10fa2bd89f3d6e794696d6c2de08fca1108908df79f5,1
mckaywrigley/chatbot-ui,issue_age,https://oss.open-digger.cn/github/mckaywrigley/chatbot-ui/issue_age.json,200,,5557,c086d756587a29e46c5714cc6f2eb20c143327a49dd01f6d9e8553d0b3b10fca,1
mckaywrigley/chatbot-ui,issues_new,https://oss.open-digger.cn/github/mckaywrigley/chatbot-ui/issues_new.json,200,,566,c9daed2f9ada9fd9d0901bae65fe603ac44c53898a06046965f76d43505ac8e9,1
mckaywrigley/chatbot-ui,contributors,https://oss.open-digger.cn/github/mckaywrigley/chatbot-ui/contributors.json,200,,170,c3ee396767a697e112b67d2765814737d22684747e44da6aaeda2606dbe653d5,1
mckaywrigley/chatbot-ui,code_change_lines_sum,https://oss.open-digger.cn/github/mckaywrigley/chatbot-ui/code_change_lines_sum.json,200,,744,0fb503018ca9f33cd32e5316e97f4b4152ef4f2176d61260fca631a7472a9d19,1
meow-edit/meow,issue_resolution_duration,https://oss.open-digger.cn/github/meow-edit/meow/issue_resolution_duration.json,200,,8161,4a91452ef4ed7431de6a279a5f2766d3837e1cb07abfcce2363a7b38d70f2320,1
meow-edit/meow,issue_age,https://oss.open-digger.cn/github/meow-edit/meow/issue_age.json,200,,10408,40c0a974cfa40a5bdde0a80eb48c1eed726cb8388b9ba59539180aff34850ec2,1
meow-edit/meow,issues_new,https://oss.open-digger.cn/github/meow-edit/meow/issues_new.json,200,,1084,d04169d899a467fd8619c9d0e98a6b0bc54ad6fe900ffa0296b21931f9111a9c,1
meow-edit/meow,contributors,https://oss.open-digger.cn/github/meow-edit/meow/contributors.json,200,,773,779e4ac206029241df1f924c71eb093d508f9ad9bd217bf859b7b1650f779ea7,1
meow-edit/meow,code_change_lines_sum,https://oss.open-digger.cn/github/meow-edit/meow/code_change_lines_sum.json,200,,915,4a0ca74b8819aff7f3291617d440c2f3290276152791408aaf0ff711ed3cec72,1
metabase/metabase,issue_resolution_duration,https://oss.open-digger.cn/github/metabase/metabase/issue_resolution_duration.json,200,,19273,0176821be8160e826bd1495cce5f6413f5ff60cc6e48c7cc1f999ab8fba9c146,1
metabase/metabase,issue_age,https://oss.open-digger.cn/github/metabase/metabase/issue_age.json,200,,19847,ed233e6ed3ea5661af13c185da129a312a64ebe02c2bed8611f8e3ec3a3af4e7,1
metabase/metabase,issues_new,https://oss.open-digger.cn/github/metabase/metabase/issues_new.json,200,,2585,d3ad762b09185ec3af24df03afd6edc89ff3d996cd50e72f3164013c07bfbb26,1
metabase/metabase,contributors,https://oss.open-digger.cn/github/metabase/metabase/contributors.json,200,,2333,7d7e17ba843e3d7a68e42180320e4f87cd47d3fb62afe26830c3a34d6f50d2d6,1
metabase/metabase,code_change_lines_sum,https://oss.open-digger.cn/github/metabase/metabase/code_change_lines_sum.json,200,,3065,b4d6462cac48dfa2ae95b4f1d1b986e58cfd0fc5dff71312dfcc02880fdf8c6b,1
meteor/meteor,issue_resolution_duration,https://oss.open-digger.cn/github/meteor/meteor/issue_resolution_duration.json,200,,19074,e77e71b9ba06bd9da4ca30151e66d4c4cdd25587622bb92b10210f33fcae08a1,1
meteor/meteor,issue_age,https://oss.open-digger.cn/github/meteor/meteor/issue_age.json,200,,20858,51dc1397d0656ad26271c86aa41a35efb6774db61c87fd5c0ba2abf54cd5c8fb,1
meteor/meteor,issues_new,https://oss.open-digger.cn/github/meteor/meteor/issues_new.json,200,,2512,09d9cd98adc42ee6967647005fc200838f4e1443055a524ab448c92a11d8e5d9,1
meteor/meteor,contributors,https://oss.open-digger.cn/github/meteor/meteor/contributors.json,200,,2392,5a6b3444141f1cfc3848a10d371efc4781186708432b8af94928200e18cef198,1
meteor/meteor,code_change_lines_sum,https://oss.open-digger.cn/github/meteor/meteor/code_change_lines_sum.json,200,,3003,4c280f34cc21fd20878f58c5102ee65b92df343f98cb3a44d45f5b6a12082a98,1
micropython/micropython,issue_resolution_duration,https://oss.open-digger.cn/github/micropython/micropython/issue_resolution_duration.json,200,,19537,2f1d375a485b00525fdd5adf133b46b944891dbfe74135f9d7c150c4c1ad8594,1
micropython/micropython,issue_age,https://oss.open-digger.cn/github/micropython/micropython/issue_age.json,200,,21068,2a6b1936675b9def31d8d9590d528d3eba522d1658c0cc2c74f25c2928a68652,1
micropython/micropython,issues_new,https://oss.open-digger.cn/github/micropython/micropython/issues_new.json,200,,2522,cffb62383c33309b353506fa584a6a8f4fc7249e6f0665a420f6b8c7bce74ba3,1
micropython/micropython,contributors,https://oss.open-digger.cn/github/micropython/micropython/contributors.json,200,,2233,faff910ea8d24d8e5159e6c6ac8a6df9e854178621562f99caa6edcbc57625e0,1
micropython/micropython,code_change_lines_sum,https://oss.open-digger.cn/github/micropython/micropython/code_change_lines_sum.json,200,,3093,5d17e18a55337f4907a5abbaa9430c449fdbbc322c97332c72618ca57dd5706f,1
microsoft/react-native-windows,issue_resolution_duration,https://oss.open-digger.cn/github/microsoft/react-native-windows/issue_resolution_duration.json,200,,18273,a1686fa6adf7972b2371f3d943d080c323a384afb3df354d9811ddee34d498ab,1
microsoft/react-native-windows,issue_age,https://oss.open-digger.cn/github/microsoft/react-native-windows/issue_age.json,200,,19182,9777dabb9284917e122b26e7d91d120c71ab07f87d9726e2d1f5831e9fe84e8b,1
microsoft/react-native-windows,issues_new,https://oss.open-digger.cn/github/microsoft/react-native-windows/issues_new.json,200,,2344,334dc9ffc504427754ffafdc1e96858ed7bbd617712e2fac4873a0dc24ed7eab,1
microsoft/react-native-windows,contributors,https://oss.open-digger.cn/github/microsoft/react-native-windows/contributors.json,200,,2250,902401f2673a65416fbe0ac7ae21725c577be1992e39a3ff7cf7a4a2cd3665df,1
microsoft/react-native-windows,code_change_lines_sum,https://oss.open-digger.cn/github/microsoft/react-native-windows/code_change_lines_sum.json,200,,2878,1b21ca41e7e76045cd53d888bd6c09355c12a6470d2bf58bbc7064e14bb62dce,1
microsoft/rushstack,issue_resolution_duration,https://oss.open-digger.cn/github/microsoft/rushstack/issue_resolution_duration.json,200,,15844,8af9a3f005bc2aed2db0fea9d4046d746e2e6531b1882ba6ac01847a49594091,1
microsoft/rushstack,issue_age,https://oss.open-digger.cn/github/microsoft/rushstack/issue_age.json,200,,17236,b48360b3e08fc9d235abd9436904141d4c60a34ebf02ec79760fa7bfeb6b81e4,1
microsoft/rushstack,issues_new,https://oss.open-digger.cn/github/microsoft/rushstack/issues_new.json,200,,2047,7184c0cddce7e26b564da74ae0399569cd5f508096c29589bf7a6876e1f09df4,1
microsoft/rushstack,contributors,https://oss.open-digger.cn/github/microsoft/rushstack/contributors.json,200,,2053,c5877387ee5723486c5ae80f5bc58f2b42d029a89f462a80d5b4cdb4e50bb158,1
microsoft/rushstack,code_change_lines_sum,https://oss.open-digger.cn/github/microsoft/rushstack/code_change_lines_sum.json,200,,2601,db8035b7b665989fcd0aa4924ce0703175454abca7ec2f791d9822261e9fe00b,1
microsoft/semantic-kernel,issue_resolution_duration,https://oss.open-digger.cn/github/microsoft/semantic-kernel/issue_resolution_duration.json,200,,5383,b510a7317102df839f03b3b08d728a6351fdf9287635089dde351d1e407bea0a,1
microsoft/semantic-kernel,issue_age,https://oss.open-digger.cn/github/microsoft/semantic-kernel/issue_age.json,200,,5567,851a35a2126f16a79bbf36984e49ae6b716ba6c05c47faf9f2a0a1056a6dd396,1
microsoft/semantic-kernel,issues_new,https://oss.open-digger.cn/github/microsoft/semantic-kernel/issues_new.json,200,,775,e1f3d544a9f9a97d047b14e36b6caeed1002d202dec33b3481b203c7dfcf6ac2,1
microsoft/semantic-kernel,contributors,https://oss.open-digger.cn/github/microsoft/semantic-kernel/contributors.json,200,,723,7ecb15c3b374e46e0393b026e5cd4bfe96a8d35a3fbe8cacdf63702e7d973496,1
microsoft/semantic-kernel,code_change_lines_sum,https://oss.open-digger.cn/github/microsoft/semantic-kernel/code_change_lines_sum.json,200,,953,7b4960ff43ed4cd8aaba9a8c9689a7995e507ca7389932226dc9e53e461401ce,1
middleman/middleman,issue_resolution_duration,https://oss.open-digger.cn/github/middleman/middleman/issue_resolution_duration.json,200,,15355,f1240483968befab23608aa6b41b0fa853427e1631df60c10195f9870e312eee,1
middleman/middleman,issue_age,https://oss.open-digger.cn/github/middleman/middleman/issue_age.json,200,,20539,2d859d89294d2a84906724b0680f4d47c34f1d48e399bf58cc154eafbf8dc26f,1
middleman/middleman,issues_new,https://oss.open-digger.cn/github/middleman/middleman/issues_new.json,200,,1932,a690f6909b8dee91fff10a4b1c519668b1888ab6b15c5dd8eea7ae6353c84aa1,1
middleman/middleman,contributors,https://oss.open-digger.cn/github/middleman/middleman/contributors.json,200,,1957,4f60d59e3d6fc42f8045e44e17bf9dadc0bd822f312757758f32539e905005da,1
middleman/middleman,code_change_lines_sum,https://oss.open-digger.cn/github/middleman/middleman/code_change_lines_sum.json,200,,2143,dfe74c827d27b31de8c08a1ce55a56ed6ef562fb4dc2cc49227911817496ca2e,1
mikel/mail,issue_resolution_duration,https://oss.open-digger.cn/github/mikel/mail/issue_resolution_duration.json,200,,12775,defc1b4401bdf060d8c64d08936a73891f317eb8c46b6211fd6065ec5ae23abe,1
mikel/mail,issue_age,https://oss.open-digger.cn/github/mikel/mail/issue_age.json,200,,20763,7648828b53f1e781cdcda3b7170771dc5a352d0e0f3665cd607171bdbedb12fb,1
mikel/mail,issues_new,https://oss.open-digger.cn/github/mikel/mail/issues_new.json,200,,1992,bd300e7dc94db43687208458c1893ad2f02ec7dc2c803a11ab94d0cc7741aa32,1
mikel/mail,contributors,https://oss.open-digger.cn/github/mikel/mail/contributors.json,200,,1001,03ab78d44597135b6d029351e7a7b41a395de8fcffb7bccd5b2ee482ac4735e8,1
mikel/mail,code_change_lines_sum,https://oss.open-digger.cn/github/mikel/mail/code_change_lines_sum.json,200,,2112,4005a8824358bd34d97f78ad8ef343fd0dd8d9115a81b8619bb26a7de602ff51,1
mishoo/UglifyJS,issue_resolution_duration,https://oss.open-digger.cn/github/mishoo/UglifyJS/issue_resolution_duration.json,200,,15870,04af5501299fb48c66ac4d0e2d9e13012dbb2b2a74bd28ab66330e8e3ea8fa3f,1
mishoo/UglifyJS,issue_age,https://oss.open-digger.cn/github/mishoo/UglifyJS/issue_age.json,200,,20664,5ee0493575c04b86e86b7e16491ec47671f20a13afb1c5302df28c7e821ceeb4,1
mishoo/UglifyJS,issues_new,https://oss.open-digger.cn/github/mishoo/UglifyJS/issues_new.json,200,,2149,7e59d30d84224f349782489a0555f383e5b999ff86f8c68c7f5d605f502c5712,1
mishoo/UglifyJS,contributors,https://oss.open-digger.cn/github/mishoo/UglifyJS/contributors.json,200,,1577,16cdb195ff6a73ec3adb268cf05f44a1e83e3229d8ae20fa4374fc51b60b4c22,1
mishoo/UglifyJS,code_change_lines_sum,https://oss.open-digger.cn/github/mishoo/UglifyJS/code_change_lines_sum.json,200,,2155,2c967073d33677caf0b51fe296a04e6a778234d14207882e172d02427a34a5e5,1
mitmproxy/mitmproxy,issue_resolution_duration,https://oss.open-digger.cn/github/mitmproxy/mitmproxy/issue_resolution_duration.json,200,,19167,63a34577c0dd26b46e17bcb1048235f663a608b01c304c9f1662204d6b94df5f,1
mitmproxy/mitmproxy,issue_age,https://oss.open-digger.cn/github/mitmproxy/mitmproxy/issue_age.json,200,,20537,8f5b34cbb8328dab52255b891f92b6d0fe15dc3a64525069d46f17358b53e13a,1
mitmproxy/mitmproxy,issues_new,https://oss.open-digger.cn/github/mitmproxy/mitmproxy/issues_new.json,200,,2465,5ca68e17ab8acafd97759bcb1d40fa2b077fe342c5aae85c380380edc1acb432,1
mitmproxy/mitmproxy,contributors,https://oss.open-digger.cn/github/mitmproxy/mitmproxy/contributors.json,200,,2318,3f968f3ef7ba2342ab9f27e6e5f805741d43822458724f2c224e1e2e92e42f60,1
mitmproxy/mitmproxy,code_change_lines_sum,https://oss.open-digger.cn/github/mitmproxy/mitmproxy/code_change_lines_sum.json,200,,2883,40a777e076aeb1dfbacf970ba5ec44fa800aea3e27110c8b90d038a078f69191,1
mixpanel/panel,issue_resolution_duration,https://oss.open-digger.cn/github/mixpanel/panel/issue_resolution_duration.json,200,,805,6d83d089f7a61c5add505b1a984efa1ce31144377e8960072864dfc507a060ab,1
mixpanel/panel,issue_age,https://oss.open-digger.cn/github/mixpanel/panel/issue_age.json,200,,1387,f89dbd0fc57b3b26c86e72ffdf585f9b82f130400fead90214e260bfbf030cde,1
mixpanel/panel,issues_new,https://oss.open-digger.cn/github/mixpanel/panel/issues_new.json,200,,88,3f4d22eaf8d335f7c8479831ef10045c40cc5698d16b7716354a50dded9a0b10,1
mixpanel/panel,contributors,https://oss.open-digger.cn/github/mixpanel/panel/contributors.json,200,,1077,d9b6ec22ce20035f2fedc017b1f2b0dfa2d19e7e735ffaafbe40a3cd2b50d9d4,1
mixpanel/panel,code_change_lines_sum,https://oss.open-digger.cn/github/mixpanel/panel/code_change_lines_sum.json,200,,1518,d3243b77a6d452fdc911bbb9b39fec53fd995c7479b0db687d2afe530f277b12,1
mjmlio/mjml,issue_resolution_duration,https://oss.open-digger.cn/github/mjmlio/mjml/issue_resolution_duration.json,200,,16411,5f25010bcf5942bd502533afc9fe9c4878d0c9735c7e245ba5fb21e1e04ba15f,1
mjmlio/mjml,issue_age,https://oss.open-digger.cn/github/mjmlio/mjml/issue_age.json,200,,18636,3149aeae865f8a0642d2ef1be4e29f163ceb1a9c493ed6b03a3dda9777b1a979,1
mjmlio/mjml,issues_new,https://oss.open-digger.cn/github/mjmlio/mjml/issues_new.json,200,,2177,ac956ae1f965de875dd2d0c4e1978612033041c57becea5af9542fec8bd0e61c,1
mjmlio/mjml,contributors,https://oss.open-digger.cn/github/mjmlio/mjml/contributors.json,200,,1702,8606248acc826b8b24d63a14c17e1b2cf025fabb61b35c105795b07510ed1d77,1
mjmlio/mjml,code_change_lines_sum,https://oss.open-digger.cn/github/mjmlio/mjml/code_change_lines_sum.json,200,,2352,48b6f5f939ced99c37755f067f02aad7f9adad24af1c5032856cdeb8781447f1,1
mlogclub/bbs-go,issue_resolution_duration,https://oss.open-digger.cn/github/mlogclub/bbs-go/issue_resolution_duration.json,200,,6864,82fac74066b54412c5bdb356f417dde9ae45fdbafc9fa1f54ed30b4566817239,1
mlogclub/bbs-go,issue_age,https://oss.open-digger.cn/github/mlogclub/bbs-go/issue_age.json,200,,11802,71ac136b50ae1198ef4eaa497b939df697e535dce2b7ed5c73034a1a43a367df,1
mlogclub/bbs-go,issues_new,https://oss.open-digger.cn/github/mlogclub/bbs-go/issues_new.json,200,,945,b608fb612b072ba33f6d56a9c1809742644b5311428a064596bf8f2ad248d872,1
mlogclub/bbs-go,contributors,https://oss.open-digger.cn/github/mlogclub/bbs-go/contributors.json,200,,621,df498fa0533adfbc6460c14a4e268d36099ead9e063198125808e3e903671842,1
mlogclub/bbs-go,code_change_lines_sum,https://oss.open-digger.cn/github/mlogclub/bbs-go/code_change_lines_sum.json,200,,996,f74d0a7f1ee2d8380f6a223803a086c7d77c92b2a36448e3982bee92c760ecb7,1
mlpack/mlpack,issue_resolution_duration,https://oss.open-digger.cn/github/mlpack/mlpack/issue_resolution_duration.json,200,,18868,3d576c9abda8ca1e8f8f72b6505ec67be76410f391239e2ecb673b2c3ab04ca3,1
mlpack/mlpack,issue_age,https://oss.open-digger.cn/github/mlpack/mlpack/issue_age.json,200,,20388,c90933cdd9d6cc5dc0bf38b19ad21b3b1e368dcd0c51c7e328472d0bc044a587,1
mlpack/mlpack,issues_new,https://oss.open-digger.cn/github/mlpack/mlpack/issues_new.json,200,,2342,3e64b754475eef27d0cd37ea8d062217c882bb17e9291e345bb0b6b4a9f962b9,1
mlpack/mlpack,contributors,https://oss.open-digger.cn/github/mlpack/mlpack/contributors.json,200,,2343,4ab0cfab2fb9c23584774ccdcfc730a8f8a4ee8c18bac4845b0a4143a54477ec,1
mlpack/mlpack,code_change_lines_sum,https://oss.open-digger.cn/github/mlpack/mlpack/code_change_lines_sum.json,200,,2986,557c6eb1a7e1af8d37ff96340610add0fac1c200ca0ad088d8ae41a1800793b9,1
mobile-shell/mosh,issue_resolution_duration,https://oss.open-digger.cn/github/mobile-shell/mosh/issue_resolution_duration.json,200,,15971,ee094656c72f11ad674905b740a6c46f4e12ae9e3f8d3e37a8480337f4897463,1
mobile-shell/mosh,issue_age,https://oss.open-digger.cn/github/mobile-shell/mosh/issue_age.json,200,,20444,08efadd61a7e7b95b318cf9ae6b4d82cd6840c222b3f1128867bd9993fb96b0d,1
mobile-shell/mosh,issues_new,https://oss.open-digger.cn/github/mobile-shell/mosh/issues_new.json,200,,2085,a33c99dee7e5819b6634dddbd2daa6a2ec7d28af5a32923f7157770bd518e449,1
mobile-shell/mosh,contributors,https://oss.open-digger.cn/github/mobile-shell/mosh/contributors.json,200,,925,58871fe135fd59f73dd523bcca34e67616d6a165510db9e8a9e8fa777943b254,1
mobile-shell/mosh,code_change_lines_sum,https://oss.open-digger.cn/github/mobile-shell/mosh/code_change_lines_sum.json,200,,1837,effbda4c5c050a6c63233d78b9ed865fc6f668bbbc694efd01db43047d15a0d8,1
mochajs/mocha,issue_resolution_duration,https://oss.open-digger.cn/github/mochajs/mocha/issue_resolution_duration.json,200,,19413,77d6ebe4ca89df10f29c1c471de9647895b8c58fd4f6ded032a16e403d03259f,1
mochajs/mocha,issue_age,https://oss.open-digger.cn/github/mochajs/mocha/issue_age.json,200,,20697,ac63262f2fe01bbae420621b3705e4229baa2455cf3e41420227b61fc9ccaa44,1
mochajs/mocha,issues_new,https://oss.open-digger.cn/github/mochajs/mocha/issues_new.json,200,,2451,f235a2148fb6254c850618a1af08ffc449f83262a829a5abed978f8a7430a785,1
mochajs/mocha,contributors,https://oss.open-digger.cn/github/mochajs/mocha/contributors.json,200,,2168,88ddd339b61097fd2f8e943b1007b3cd1f5a3a1050fe9c9bccdfa2507983bf84,1
mochajs/mocha,code_change_lines_sum,https://oss.open-digger.cn/github/mochajs/mocha/code_change_lines_sum.json,200,,2881,3add1dd30a52ca1ffb74b0f066815659661d273abc34046019eca688c6a55cb6,1
mockito/mockito,issue_resolution_duration,https://oss.open-digger.cn/github/mockito/mockito/issue_resolution_duration.json,200,,18392,ed4ef2bed0fb9fc87db3911a721bb2ce9bfd6125352c09d884e1361161468ff4,1
mockito/mockito,issue_age,https://oss.open-digger.cn/github/mockito/mockito/issue_age.json,200,,20697,2dc7ca29a5deaa2576f5f655b8649a4d3a98caa816df77d435d55e27669d7517,1
mockito/mockito,issues_new,https://oss.open-digger.cn/github/mockito/mockito/issues_new.json,200,,2390,412364cb9b14b62b8d3cae15984052ad5b3746bf28f1afab2a23a2fe5e53dc1a,1
mockito/mockito,contributors,https://oss.open-digger.cn/github/mockito/mockito/contributors.json,200,,2271,902b9a1fbdd66a870db0cc44c65d94b52c83f16486a8e3cc907c25f3be7394b4,1
mockito/mockito,code_change_lines_sum,https://oss.open-digger.cn/github/mockito/mockito/code_change_lines_sum.json,200,,2683,708cacca6836657417967b3b3ca890b8ee9b3b7ea01381a9055ee29ee6d021d2,1
modAL-python/modAL,issue_resolution_duration,https://oss.open-digger.cn/github/modAL-python/modAL/issue_resolution_duration.json,200,,5232,059d792b032e69a25586daddd72e77dab624eb2bfcb44e170833ad24cdf96b02,1
modAL-python/modAL,issue_age,https://oss.open-digger.cn/github/modAL-python/modAL/issue_age.json,200,,14988,89c5c64587a995b32ee2d1a034d0babe23a9488debf2189276529fb17706f0af,1
modAL-python/modAL,issues_new,https://oss.open-digger.cn/github/modAL-python/modAL/issues_new.json,200,,1135,45cdeb9c6747f36212d4643e85b74c36a60c935686509765240d7531b7ae27c9,1
modAL-python/modAL,contributors,https://oss.open-digger.cn/github/modAL-python/modAL/contributors.json,200,,428,e7a371149657fdaed8a43e8d97b38726fc33ea1344ac671bf849136176ef56cb,1
modAL-python/modAL,code_change_lines_sum,https://oss.open-digger.cn/github/modAL-python/modAL/code_change_lines_sum.json,200,,642,02753a2f1d4e8d65358312bcaff6bd4e3b85691a1a819cf0bf3b0822d84924d2,1
Modernizr/Modernizr,issue_resolution_duration,https://oss.open-digger.cn/github/Modernizr/Modernizr/issue_resolution_duration.json,200,,13858,50921b5c56212fff0a9156a6bb6ac36cd633293b1fb5684f1e9a973848bd9704,1
Modernizr/Modernizr,issue_age,https://oss.open-digger.cn/github/Modernizr/Modernizr/issue_age.json,200,,20838,f4f1382089a5f16495d696f53f043e637eb9fd176946590f675867110554bd2f,1
Modernizr/Modernizr,issues_new,https://oss.open-digger.cn/github/Modernizr/Modernizr/issues_new.json,200,,1794,e686396e0e4c0c1c63bd5b36913cd63a0659ccd969bdb308cfedd00c1bbd1ba5,1
Modernizr/Modernizr,contributors,https://oss.open-digger.cn/github/Modernizr/Modernizr/contributors.json,200,,1485,89dd3bbd344cc91773533c3e4c6ad9a1ffd3c11c8e07c9add606516d39212f2a,1
Modernizr/Modernizr,code_change_lines_sum,https://oss.open-digger.cn/github/Modernizr/Modernizr/code_change_lines_sum.json,200,,2122,b449114524d9db2a74a8e7dbfb1bdda8f06d6d50c087f66792b9fd54312ea689,1
mojotech/torch,issue_resolution_duration,https://oss.open-digger.cn/github/mojotech/torch/issue_resolution_duration.json,200,,6870,923661409b5273abae53bdfeb60919ce8e24c55b4abb43c581a6b20b31216438,1
mojotech/torch,issue_age,https://oss.open-digger.cn/github/mojotech/torch/issue_age.json,200,,17592,519546a1a0058220089bd9335de824a9f1598864a23da142c5bec8c17174bbb4,1
mojotech/torch,issues_new,https://oss.open-digger.cn/github/mojotech/torch/issues_new.json,200,,838,d55a2896b6b975e5b3c939d397555971ec1e2e7e2601e93290a2b1110f63735e,1
mojotech/torch,contributors,https://oss.open-digger.cn/github/mojotech/torch/contributors.json,200,,1139,22a10527c5b475e5e70000246bb31c4ee58f0b2d55964176ace0b5716894ae60,1
mojotech/torch,code_change_lines_sum,https://oss.open-digger.cn/github/mojotech/torch/code_change_lines_sum.json,200,,1321,6e01bfbcc7d59f055fedd89fb5b202a42d861dfacfb98fd3568dcac0a8b31fe9,1
moment/moment,issue_resolution_duration,https://oss.open-digger.cn/github/moment/moment/issue_resolution_duration.json,200,,17471,f9e0ebbd5bd1428f057a5ce610ea8a75f8388d7864553049bdfc51f744560974,1
moment/moment,issue_age,https://oss.open-digger.cn/github/moment/moment/issue_age.json,200,,20737,b8b5a74b36ad80700cdd1bebebebb481515c9f9a7033e3c165f6d21533dd6ad6,1
moment/moment,issues_new,https://oss.open-digger.cn/github/moment/moment/issues_new.json,200,,2309,fd7cbbb20f03061ff4d73b958a57a1667e7bbdae1227edbaa8ee0a753b93784f,1
moment/moment,contributors,https://oss.open-digger.cn/github/moment/moment/contributors.json,200,,867,a49422d84856138becdad5cffc318d8b1b6477f6daede4fd8e11e0ea407cf950,1
moment/moment,code_change_lines_sum,https://oss.open-digger.cn/github/moment/moment/code_change_lines_sum.json,200,,2471,8b89cea2e7ece569b67f86c2e7e53374dd38138fea02fc6cfaf577ed7235d970,1
monero-project/monero,issue_resolution_duration,https://oss.open-digger.cn/github/monero-project/monero/issue_resolution_duration.json,200,,19192,35131f4d30450007fe300e7da691d4a2e9f27320c874669a8147e2b8e574093b,1
monero-project/monero,issue_age,https://oss.open-digger.cn/github/monero-project/monero/issue_age.json,200,,20724,1d4430bb4e87cb0d4d6315af3b0df1d5885079c6ae67de6893bb04e98b3e8a48,1
monero-project/monero,issues_new,https://oss.open-digger.cn/github/monero-project/monero/issues_new.json,200,,2461,2edda268620711fde9d55aa2e0bd800476ac015068a987f4108c34be9eb574ef,1
monero-project/monero,contributors,https://oss.open-digger.cn/github/monero-project/monero/contributors.json,200,,2327,1b437e3847463f1775509d5b14580925bdf076c62a0f29b2057968cfd200a62a,1
monero-project/monero,code_change_lines_sum,https://oss.open-digger.cn/github/monero-project/monero/code_change_lines_sum.json,200,,2998,c5ead03ec343c8a903004d4d0f361aa257c312f82688745a48995315009ccee2,1
mono/mono,issue_resolution_duration,https://oss.open-digger.cn/github/mono/mono/issue_resolution_duration.json,200,,12005,76600a1065a40fb1450a088d8843459d4ec762c74a2ed75635fef5c324738912,1
mono/mono,issue_age,https://oss.open-digger.cn/github/mono/mono/issue_age.json,200,,15678,f9cde81413d3415c4bb457efaa4169c216cc170beba04e48ecaa46e58c7667d3,1
mono/mono,issues_new,https://oss.open-digger.cn/github/mono/mono/issues_new.json,200,,1747,66a60fac53ec54e89750e2899744fd2e2571109103b12edf916f6b2929523b23,1
mono/mono,contributors,https://oss.open-digger.cn/github/mono/mono/contributors.json,200,,1866,80185d316ba357dfabd48149810c2dc51abc7d05dc6ed257b5be552ac0db0ac5,1
mono/mono,code_change_lines_sum,https://oss.open-digger.cn/github/mono/mono/code_change_lines_sum.json,200,,2626,8b69826bae99b34c26e6e5e1e93d8cb9ae3a0a94cd604862057ff298227ff686,1
Moonofweisheng/wot-design-uni,issue_resolution_duration,https://oss.open-digger.cn/github/Moonofweisheng/wot-design-uni/issue_resolution_duration.json,200,,4065,a7f924ad7d70c52871af124bc959b60f55aa07db31465617f9fcba8700558823,1
Moonofweisheng/wot-design-uni,issue_age,https://oss.open-digger.cn/github/Moonofweisheng/wot-design-uni/issue_age.json,200,,4764,502efc9dd9907c40bdb183f999b7ada3f038af200b160fc5b5c66bcac127926a,1
Moonofweisheng/wot-design-uni,issues_new,https://oss.open-digger.cn/github/Moonofweisheng/wot-design-uni/issues_new.json,200,,606,e6ed3fadab0845124d9778707278fe07ea170253f905904c8611d7a2360bac7b,1
Moonofweisheng/wot-design-uni,contributors,https://oss.open-digger.cn/github/Moonofweisheng/wot-design-uni/contributors.json,200,,450,26fa2a738677bf4fdf4d8821abbe22b4d3d91fc7ba7ddd92c5158f266169672b,1
Moonofweisheng/wot-design-uni,code_change_lines_sum,https://oss.open-digger.cn/github/Moonofweisheng/wot-design-uni/code_change_lines_sum.json,200,,565,9402e538e395c8362eeada4d4af7de2bf492a831d492630d3a503a9ba224494b,1
mootools/mootools-core,issue_resolution_duration,https://oss.open-digger.cn/github/mootools/mootools-core/issue_resolution_duration.json,200,,6981,4788f0f876066998826d230aada4e945c7722450772ddd6fc70c8b09e7a1b13a,1
mootools/mootools-core,issue_age,https://oss.open-digger.cn/github/mootools/mootools-core/issue_age.json,200,,21041,418af13f9df895a0842f2dc0e4856b0f34b1ff35c988aabd28a0844e846ad461,1
mootools/mootools-core,issues_new,https://oss.open-digger.cn/github/mootools/mootools-core/issues_new.json,200,,1047,7a6a2f252a0682fa0c783e2ecccbc29c6433294a7b67d41906b7baad32268b96,1
mootools/mootools-core,contributors,https://oss.open-digger.cn/github/mootools/mootools-core/contributors.json,200,,273,c002860a4f0b1792e0b95e72aaabcc7cf68955d28c4cb9a7af5d670e12a01b05,1
mootools/mootools-core,code_change_lines_sum,https://oss.open-digger.cn/github/mootools/mootools-core/code_change_lines_sum.json,200,,629,615167152471798241749f50e75b2c06bb825cbbe55c7b491e60eb245992de35,1
mopidy/mopidy,issue_resolution_duration,https://oss.open-digger.cn/github/mopidy/mopidy/issue_resolution_duration.json,200,,14615,a0a203bc032e6b17af8ed4df3e57cf21d8cb1877adeebb04c0197ea78d42c754,1
mopidy/mopidy,issue_age,https://oss.open-digger.cn/github/mopidy/mopidy/issue_age.json,200,,20858,a5f8c3413120a70c3c0268033586459e14a54ea6ed2d1068567f69c624293059,1
mopidy/mopidy,issues_new,https://oss.open-digger.cn/github/mopidy/mopidy/issues_new.json,200,,2016,df4df3cb5a920a30d23a80a5acbb2729b634e700f5560783e285c69bb0ecd88d,1
mopidy/mopidy,contributors,https://oss.open-digger.cn/github/mopidy/mopidy/contributors.json,200,,1542,6c4729dc47237892f111e7f82e7894678c8678f39838c05642f5704db7cb6090,1
mopidy/mopidy,code_change_lines_sum,https://oss.open-digger.cn/github/mopidy/mopidy/code_change_lines_sum.json,200,,2152,f7eb345e070b19ed67651abfa90513dc838a93e94af91d9861370c78bca44ccd,1
mosn/htnn,issue_resolution_duration,https://oss.open-digger.cn/github/mosn/htnn/issue_resolution_duration.json,200,,2230,5d28c16e09ff2ba7a26e3cbcc2a2a92d6e8143c9aa93043375948e3a12c5dde7,1
mosn/htnn,issue_age,https://oss.open-digger.cn/github/mosn/htnn/issue_age.json,200,,4296,bd0965e82d2924c5d9299c2880d74ba3b34209f7a13f96e06841d9e3d2a05eeb,1
mosn/htnn,issues_new,https://oss.open-digger.cn/github/mosn/htnn/issues_new.json,200,,269,3f73d58e967a9794626842b7a8f5016eb87a33aec0b71c02d900998d9ce91f1a,1
mosn/htnn,contributors,https://oss.open-digger.cn/github/mosn/htnn/contributors.json,200,,416,a2d3f11bca04bb8447cb0410006eea67a7f061fa95a51be5c2be05c90f2b49da,1
mosn/htnn,code_change_lines_sum,https://oss.open-digger.cn/github/mosn/htnn/code_change_lines_sum.json,200,,689,5fd92e1f603559d2fa6ed39e811e6fe75a7dd6dcc755bf9fe7e527bec3517cd5,1
mosn/layotto,issue_resolution_duration,https://oss.open-digger.cn/github/mosn/layotto/issue_resolution_duration.json,200,,5340,1f1f3e79a1d81b568bc6376ed446110e416312731350232b2df9b7a61256d0ae,1
mosn/layotto,issue_age,https://oss.open-digger.cn/github/mosn/layotto/issue_age.json,200,,8976,2a951c1d3b65069cc042f88e136bff588cb51e20756fef2f4cce28eeefb3cb1b,1
mosn/layotto,issues_new,https://oss.open-digger.cn/github/mosn/layotto/issues_new.json,200,,695,fc6b89ffc3fed23ddc31403439b13d2ce61ef07fabc7ff943496a7bee15b2bfb,1
mosn/layotto,contributors,https://oss.open-digger.cn/github/mosn/layotto/contributors.json,200,,837,0f7dc0352842ea0a983e3c7248e92df266cdc859b92d92b8b4c4cec6c781a942,1
mosn/layotto,code_change_lines_sum,https://oss.open-digger.cn/github/mosn/layotto/code_change_lines_sum.json,200,,1408,a8eecae187dc58e8c2ed4ae51feea031a603d5bde5e47ea97403fce93ce5f39a,1
MountainDash/nonebot-bison,issue_resolution_duration,https://oss.open-digger.cn/github/MountainDash/nonebot-bison/issue_resolution_duration.json,200,,6332,88f005086f42c11e0ea07c183c903a2650bc8e1e9c24c597001ac575dba61892,1
MountainDash/nonebot-bison,issue_age,https://oss.open-digger.cn/github/MountainDash/nonebot-bison/issue_age.json,200,,8852,144f4d42d130778b1d46412e22b96dea7b447743cc53ae20e9bc1025d6e3aa36,1
MountainDash/nonebot-bison,issues_new,https://oss.open-digger.cn/github/MountainDash/nonebot-bison/issues_new.json,200,,820,3822ecae413edb5ebc070095e9b28c9eef9b6c35d1dccaaa0741664098bd5c84,1
MountainDash/nonebot-bison,contributors,https://oss.open-digger.cn/github/MountainDash/nonebot-bison/contributors.json,200,,729,1bcef5f94ff4fdaeb2f7336088b7bca6d14f71c9a2440ac420161930c5792b8d,1
MountainDash/nonebot-bison,code_change_lines_sum,https://oss.open-digger.cn/github/MountainDash/nonebot-bison/code_change_lines_sum.json,200,,887,f1a799c4c786b48c822eba58b4ffbf78910dd0c87626c6e7a69a1c9511d2066c,1
MountainDash/nonebot-plugin-send-anything-anywhere,issue_resolution_duration,https://oss.open-digger.cn/github/MountainDash/nonebot-plugin-send-anything-anywhere/issue_resolution_duration.json,200,,2357,68cc43a843f4326b044dbd1f860ddb61b0e5c9df73bc5ac1f7cf6606b57e1d62,1
MountainDash/nonebot-plugin-send-anything-anywhere,issue_age,https://oss.open-digger.cn/github/MountainDash/nonebot-plugin-send-anything-anywhere/issue_age.json,200,,5585,fd475652c98c12f83521862418d4238e2b93372519e58d51d313234a9491b563,1
MountainDash/nonebot-plugin-send-anything-anywhere,issues_new,https://oss.open-digger.cn/github/MountainDash/nonebot-plugin-send-anything-anywhere/issues_new.json,200,,356,697865a988ba8b6d3bd5e25ea4fd86c972713d2a7619fc252e106f1dfc865210,1
MountainDash/nonebot-plugin-send-anything-anywhere,contributors,https://oss.open-digger.cn/github/MountainDash/nonebot-plugin-send-anything-anywhere/contributors.json,200,,400,c5c9f1890fc32f38f98d27541b698a0e9c9950f72cfc27efa392e3a90bde1ab3,1
MountainDash/nonebot-plugin-send-anything-anywhere,code_change_lines_sum,https://oss.open-digger.cn/github/MountainDash/nonebot-plugin-send-anything-anywhere/code_change_lines_sum.json,200,,532,d572c769b2db1fe0bb3f5072cd620b92c2c7181fd9189acd7440a46a74fa2137,1
Moya/Moya,issue_resolution_duration,https://oss.open-digger.cn/github/Moya/Moya/issue_resolution_duration.json,200,,13820,464620b8b6b148b9fbb3fdca693ade089a62838e573b49451b96454626c45ae6,1
Moya/Moya,issue_age,https://oss.open-digger.cn/github/Moya/Moya/issue_age.json,200,,20351,93f885f9939ca5b813cf6aa7720ec47e61366c4961e956b7d487a149cad82088,1
Moya/Moya,issues_new,https://oss.open-digger.cn/github/Moya/Moya/issues_new.json,200,,2091,61a22107668d19f5ce602f9ac4d59790f2caccd194b9f5c4f51a5a6cafd9e680,1
Moya/Moya,contributors,https://oss.open-digger.cn/github/Moya/Moya/contributors.json,200,,1427,c0c91356ce7052d55af7b9bace62cdd391942ed72ecbc04c9b95d6e747601f08,1
Moya/Moya,code_change_lines_sum,https://oss.open-digger.cn/github/Moya/Moya/code_change_lines_sum.json,200,,2069,66b7b5833ea8cafba0e4b804532a4ae5d347aad2ae6709081ebf39ed38788489,1
mozilla/nunjucks,issue_resolution_duration,https://oss.open-digger.cn/github/mozilla/nunjucks/issue_resolution_duration.json,200,,12768,ab272af09352a729a5b41b4a9bb89e9d9f90f3e38693f13878baf83c80df7024,1
mozilla/nunjucks,issue_age,https://oss.open-digger.cn/github/mozilla/nunjucks/issue_age.json,200,,20816,28704b7c5ee426b1abe41488032114e0273d09ef92f9492834337ea4475309d6,1
mozilla/nunjucks,issues_new,https://oss.open-digger.cn/github/mozilla/nunjucks/issues_new.json,200,,2025,030371dd4dd597b38da645be1fea5687ee067cb93aca0fb83e4b4b5abd0849f3,1
mozilla/nunjucks,contributors,https://oss.open-digger.cn/github/mozilla/nunjucks/contributors.json,200,,889,1596161bcf1ea64b8c0e884898a199b9055389d027d3ebf5b8766ed9aa4a27fe,1
mozilla/nunjucks,code_change_lines_sum,https://oss.open-digger.cn/github/mozilla/nunjucks/code_change_lines_sum.json,200,,1828,36b2cc6a22eb2163abff1d254cfa4e7bb3479f7303b2cb642b31e31602fe6ddd,1
mozilla/pdf.js,issue_resolution_duration,https://oss.open-digger.cn/github/mozilla/pdf.js/issue_resolution_duration.json,200,,19061,5f382ca0fb216ab353f7b231da2f1edd113566ba5844699c64757bd5ddad1346,1
mozilla/pdf.js,issue_age,https://oss.open-digger.cn/github/mozilla/pdf.js/issue_age.json,200,,20821,8cae1b1e3b7dd2e1d9aab1dd568fe78bbaae27d20ba5f381bd13897b74e81095,1
mozilla/pdf.js,issues_new,https://oss.open-digger.cn/github/mozilla/pdf.js/issues_new.json,200,,2529,1915d26feafa7d8dd11febd0a3d9728ffd8299ae94b3f1c3623b813d962830d8,1
mozilla/pdf.js,contributors,https://oss.open-digger.cn/github/mozilla/pdf.js/contributors.json,200,,2367,269e37dbdc7c820c3bee0a26e3bd050ca358ed4d80cb176721a7ded117cd5e95,1
mozilla/pdf.js,code_change_lines_sum,https://oss.open-digger.cn/github/mozilla/pdf.js/code_change_lines_sum.json,200,,2992,5607912c28d6dd75ec4d0f09696857b9f7408bbc65c744816d0a0aa42b122859,1
mpv-player/mpv,issue_resolution_duration,https://oss.open-digger.cn/github/mpv-player/mpv/issue_resolution_duration.json,200,,19401,ebae9dcdc7c6e0a0a3070f6406b6149078881e28228d817a70ba24d7f1fe75c2,1
mpv-player/mpv,issue_age,https://oss.open-digger.cn/github/mpv-player/mpv/issue_age.json,200,,21044,16561f060543d8c74bf9f95e725bdaffc1e960e654a9263e30281a3129c3b15f,1
mpv-player/mpv,issues_new,https://oss.open-digger.cn/github/mpv-player/mpv/issues_new.json,200,,2555,a1a0d8751a1e46fd680426df499cae7470aa487d4cdf82041d5c056b8aa8c3f2,1
mpv-player/mpv,contributors,https://oss.open-digger.cn/github/mpv-player/mpv/contributors.json,200,,2405,bdc403b95abc5dd2ab2b2e1efaddaa2903056844dd310b32507020cae384fa70,1
mpv-player/mpv,code_change_lines_sum,https://oss.open-digger.cn/github/mpv-player/mpv/code_change_lines_sum.json,200,,2896,b5efebf534179ad60eefc1faac4ddcf11e8c3580f300cdebeaab6d12e413eebc,1
mrdoob/three.js,issue_resolution_duration,https://oss.open-digger.cn/github/mrdoob/three.js/issue_resolution_duration.json,200,,19176,46d8fbc63eb47972178181c0db24b1cc2cbc1adbe04a5e22795a49085c454c3f,1
mrdoob/three.js,issue_age,https://oss.open-digger.cn/github/mrdoob/three.js/issue_age.json,200,,21017,e49f8ec4a2e383810b7158bc03cbc658658a62e71912642f9fe810cddf6c2356,1
mrdoob/three.js,issues_new,https://oss.open-digger.cn/github/mrdoob/three.js/issues_new.json,200,,2559,816f8f29c6513cca700ccc066cc2adc38965c7a4a4993ffc3a41de5888a92e5e,1
mrdoob/three.js,contributors,https://oss.open-digger.cn/github/mrdoob/three.js/contributors.json,200,,2515,e6eb29b1c2e24bf3854418143fe7a5e1691c791020650c44fc865b4c43cce53a,1
mrdoob/three.js,code_change_lines_sum,https://oss.open-digger.cn/github/mrdoob/three.js/code_change_lines_sum.json,200,,3123,f8af5533a9427b3484bdfb95cbf94ab34b006f31564a661efef4a151e741dcfe,1
mruby/mruby,issue_resolution_duration,https://oss.open-digger.cn/github/mruby/mruby/issue_resolution_duration.json,200,,18117,34c85a04635adc04dac9dd4e30b73e5503fa4a34ec6eafe20fcc3efe0b3c3c5f,1
mruby/mruby,issue_age,https://oss.open-digger.cn/github/mruby/mruby/issue_age.json,200,,20765,af833438cf628c7da43cc9e0a49895f67b15d80579bc55406dffeed03da783d8,1
mruby/mruby,issues_new,https://oss.open-digger.cn/github/mruby/mruby/issues_new.json,200,,2329,8653c2faa81c429950c01c7b4b52ddf19ae00fd653522de16b62a3dc267dd87d,1
mruby/mruby,contributors,https://oss.open-digger.cn/github/mruby/mruby/contributors.json,200,,2328,ec7349c712bfb8cf84635336e3819cb898cf4be04cc24513fe157d8ef7d98688,1
mruby/mruby,code_change_lines_sum,https://oss.open-digger.cn/github/mruby/mruby/code_change_lines_sum.json,200,,2730,682a8da5c2b693d526c3802e51fe2ee867b7b18da7b48e9ec9a0fc9cd28f461a,1
msgbyte/tailchat,issue_resolution_duration,https://oss.open-digger.cn/github/msgbyte/tailchat/issue_resolution_duration.json,200,,5626,943bd5f7ffa65d6ad080bdaf2aaaaaa7054f8b81ec3325829c0984d624adc7a7,1
msgbyte/tailchat,issue_age,https://oss.open-digger.cn/github/msgbyte/tailchat/issue_age.json,200,,8497,ffda5dfb5f316bed6b63dea753c8b930a3fceee335a29878a3d4bfdd34fb3d02,1
msgbyte/tailchat,issues_new,https://oss.open-digger.cn/github/msgbyte/tailchat/issues_new.json,200,,838,45de41ea3015a81182e81cfeb14a4a9052240ac4baace1574a7721748aad6cdd,1
msgbyte/tailchat,contributors,https://oss.open-digger.cn/github/msgbyte/tailchat/contributors.json,200,,235,91caf8d4f27bfbd4ba6284f4197e1a32f6f702ecea13bd546262023a2378f9a0,1
msgbyte/tailchat,code_change_lines_sum,https://oss.open-digger.cn/github/msgbyte/tailchat/code_change_lines_sum.json,200,,430,89c6c2eba22884694b5fef0ac04f3c29aa3780da94650598bad75d7792e1b24e,1
mwaskom/seaborn,issue_resolution_duration,https://oss.open-digger.cn/github/mwaskom/seaborn/issue_resolution_duration.json,200,,18161,4ca394c576614aec051c7f3b90923793ecb0c1cd06448f3e1d044e7799aec16b,1
mwaskom/seaborn,issue_age,https://oss.open-digger.cn/github/mwaskom/seaborn/issue_age.json,200,,20454,f2b289a6f67d5e8fab95b85c307fb12303f518a16b3c41f1c22af37999cb0925,1
mwaskom/seaborn,issues_new,https://oss.open-digger.cn/github/mwaskom/seaborn/issues_new.json,200,,2384,17298bd538bf9cde840736c14d9f5655e1fe95e1cc47618ac1cfba7318dd79ce,1
mwaskom/seaborn,contributors,https://oss.open-digger.cn/github/mwaskom/seaborn/contributors.json,200,,1701,ad530cad976e6883c7080417c38c68fd3e0b23ed31b01f0b0cd76c096529ee8b,1
mwaskom/seaborn,code_change_lines_sum,https://oss.open-digger.cn/github/mwaskom/seaborn/code_change_lines_sum.json,200,,2435,27207417c9a1e927586fee141b19285c4cfdc596139c388ac0c0cc0524cb123c,1
mxcl/PromiseKit,issue_resolution_duration,https://oss.open-digger.cn/github/mxcl/PromiseKit/issue_resolution_duration.json,200,,14491,88b15b426dec40bba0bb45659093b80f2f900e733666a740e086e2ca373efa60,1
mxcl/PromiseKit,issue_age,https://oss.open-digger.cn/github/mxcl/PromiseKit/issue_age.json,200,,20549,2e88b6b1323a3ceaad13783dfbf8f1f624374ff512b76d011f1801b8fb18b86c,1
mxcl/PromiseKit,issues_new,https://oss.open-digger.cn/github/mxcl/PromiseKit/issues_new.json,200,,1897,455306c7c1050e843a7e3ed612b564384e384f959d2bb61d60e26695b6097173,1
mxcl/PromiseKit,contributors,https://oss.open-digger.cn/github/mxcl/PromiseKit/contributors.json,200,,1524,97178369944aa71b550e7d9fb1a5b2a8e1f669c1bed064ea339cfbe56859b890,1
mxcl/PromiseKit,code_change_lines_sum,https://oss.open-digger.cn/github/mxcl/PromiseKit/code_change_lines_sum.json,200,,2035,62ec51d53266e268fdc2044d317cdbd4277be7911b8695fb867d917581196cb4,1
mybatis/mybatis-3,issue_resolution_duration,https://oss.open-digger.cn/github/mybatis/mybatis-3/issue_resolution_duration.json,200,,18567,adcfb9bcc7dae968bcb2670a3769ca2674e93c1ec12ceb51854d6c03be5c96ee,1
mybatis/mybatis-3,issue_age,https://oss.open-digger.cn/github/mybatis/mybatis-3/issue_age.json,200,,20672,fbee0037e3a8c4200058ec462955cbfdccfb3d34b7a9b0e94c85b1ef3d190491,1
mybatis/mybatis-3,issues_new,https://oss.open-digger.cn/github/mybatis/mybatis-3/issues_new.json,200,,2315,73e64a933de552119abe9f131131abc24aef3e1604a8df5bcadebd9e51353425,1
mybatis/mybatis-3,contributors,https://oss.open-digger.cn/github/mybatis/mybatis-3/contributors.json,200,,2281,1ca7d305065fc6dcaf462ced06ba9fdcc748dc94aaed36e9d519918782db9d9d,1
mybatis/mybatis-3,code_change_lines_sum,https://oss.open-digger.cn/github/mybatis/mybatis-3/code_change_lines_sum.json,200,,2798,9ea985e5cf88e9e6ee01fb776a53bceab24d347f50d1a5c12bf1ede3b04e36cb,1
MyCATApache/Mycat-Server,issue_resolution_duration,https://oss.open-digger.cn/github/MyCATApache/Mycat-Server/issue_resolution_duration.json,200,,12813,e97797787e6d652cde104ed37d8fb460b16b1dab7b9dba0dfd16b8cc31b54e3f,1
MyCATApache/Mycat-Server,issue_age,https://oss.open-digger.cn/github/MyCATApache/Mycat-Server/issue_age.json,200,,20842,310e8d5dd210ef949de4e7cd92ba349a70f9fc829dfdd7b9796b6e466be088af,1
MyCATApache/Mycat-Server,issues_new,https://oss.open-digger.cn/github/MyCATApache/Mycat-Server/issues_new.json,200,,1959,dbe8cf33240200b5879d52dc98f82b5636a8cd794c34a87d87271e618bc61574,1
MyCATApache/Mycat-Server,contributors,https://oss.open-digger.cn/github/MyCATApache/Mycat-Server/contributors.json,200,,1407,92d7426cf766d7e7a65b3fe45a7f85d5dfcfe7a2b54b07496cb4519be6c6ad4a,1
MyCATApache/Mycat-Server,code_change_lines_sum,https://oss.open-digger.cn/github/MyCATApache/Mycat-Server/code_change_lines_sum.json,200,,1783,f53eba2458ef0c609ff658bb5bf3e4e37d965cedd760159d699ae32df94d93b0,1
napari/napari,issue_resolution_duration,https://oss.open-digger.cn/github/napari/napari/issue_resolution_duration.json,200,,13146,3cde94d6b3f7329b1f222ad7efd2351fdb82d7084a7e7630bffb99ca7e96dba1,1
napari/napari,issue_age,https://oss.open-digger.cn/github/napari/napari/issue_age.json,200,,13851,7bc17384e35046f11cd7c19f6c1b385520a376f1d3522dbd71b521555fedc0e3,1
napari/napari,issues_new,https://oss.open-digger.cn/github/napari/napari/issues_new.json,200,,1681,333535c3e8bcaa03506c3e417503981ecb0db0aaf9026245284070a881745d1f,1
napari/napari,contributors,https://oss.open-digger.cn/github/napari/napari/contributors.json,200,,1521,04663270c8fea3fd65adc316d0c643541b2caa44e05f0ba38696574cecd846d0,1
napari/napari,code_change_lines_sum,https://oss.open-digger.cn/github/napari/napari/code_change_lines_sum.json,200,,1872,48f072f6a8cf17f526dd70e69b20392bc4899edd45ce715d9bad57a4f327206e,1
NativeScript/NativeScript,issue_resolution_duration,https://oss.open-digger.cn/github/NativeScript/NativeScript/issue_resolution_duration.json,200,,18107,6c001a863a836c11c3e6e4ed62ca1602f390760b2cd1b3e81ccabe681bf86c29,1
NativeScript/NativeScript,issue_age,https://oss.open-digger.cn/github/NativeScript/NativeScript/issue_age.json,200,,20738,e55f70f519125db14c7ca9c5827b8a0b8a3b8bd2418325aa66f96eaf4d5a90c1,1
NativeScript/NativeScript,issues_new,https://oss.open-digger.cn/github/NativeScript/NativeScript/issues_new.json,200,,2449,0b57d175b6285d7c7516316a11d173310379c47c0fbef719a3845137e41628dc,1
NativeScript/NativeScript,contributors,https://oss.open-digger.cn/github/NativeScript/NativeScript/contributors.json,200,,2311,80eff8821a60eb198e2260490c16940fcd6990d8aa6d1813d87f3a9bd90eaf39,1
NativeScript/NativeScript,code_change_lines_sum,https://oss.open-digger.cn/github/NativeScript/NativeScript/code_change_lines_sum.json,200,,2922,018f3d0a32d1470ad2bf969312dfec6e239692592c5bd3c726df47e61998ea8b,1
nats-io/nats-server,issue_resolution_duration,https://oss.open-digger.cn/github/nats-io/nats-server/issue_resolution_duration.json,200,,18991,c8396d6c8ea96dc8e58681f5683c365606e287a1d52caacfc5e1ef983b2b18e0,1
nats-io/nats-server,issue_age,https://oss.open-digger.cn/github/nats-io/nats-server/issue_age.json,200,,20396,8c54cef6e0160b160f8f300dff0d6fb2909b842ff5e3a7398de95b57a5e10a72,1
nats-io/nats-server,issues_new,https://oss.open-digger.cn/github/nats-io/nats-server/issues_new.json,200,,2423,b4145b7822d3d0661228861ecace41e342f2563f50be0bc0e9a55141f5a4489d,1
nats-io/nats-server,contributors,https://oss.open-digger.cn/github/nats-io/nats-server/contributors.json,200,,2320,0f926e76545a02fbe0dd2abe458ef1db4671f06f0cc65466358f106b1cdf5924,1
nats-io/nats-server,code_change_lines_sum,https://oss.open-digger.cn/github/nats-io/nats-server/code_change_lines_sum.json,200,,2939,b52ccb7d1768a0c7afc100119f6332d6912088b44f50b042892b285264cbc4ad,1
near/nearcore,issue_resolution_duration,https://oss.open-digger.cn/github/near/nearcore/issue_resolution_duration.json,200,,13076,f2b92f45bc0e3f24d59c8aa39bca47103e281d8adc01b7c3bfab4b43e8303257,1
near/nearcore,issue_age,https://oss.open-digger.cn/github/near/nearcore/issue_age.json,200,,13819,bf957f3eabe15fb929610b201d24153e4da3b39e476e441ec05b568a5749cc1b,1
near/nearcore,issues_new,https://oss.open-digger.cn/github/near/nearcore/issues_new.json,200,,1683,49404657d4f802b9dcf52c1605d665e498e53ef3a1316cf7af7d8a69c17db8d4,1
near/nearcore,contributors,https://oss.open-digger.cn/github/near/nearcore/contributors.json,200,,1530,6a878b273fd7790cfd1b26dfb9e38f41799036e87b2b721990d114f3ef48b7e4,1
near/nearcore,code_change_lines_sum,https://oss.open-digger.cn/github/near/nearcore/code_change_lines_sum.json,200,,1887,e33016ced592ca001791fde0a5c3504ff8b527ed653e0a6195e0066f116f2273,1
neo4j/neo4j,issue_resolution_duration,https://oss.open-digger.cn/github/neo4j/neo4j/issue_resolution_duration.json,200,,19397,89eaf5a69d5e60b3f3b17aaec70c6316724f468011ece05f75d2df6ff8fc54a4,1
neo4j/neo4j,issue_age,https://oss.open-digger.cn/github/neo4j/neo4j/issue_age.json,200,,20802,be7614dc0ec531bc03f7962eb2ba66c502e4f0654cdf732bb18b7c1b27b16a14,1
neo4j/neo4j,issues_new,https://oss.open-digger.cn/github/neo4j/neo4j/issues_new.json,200,,2470,45ee2bfcf71ebe877f1cdee56b931804c647c8a86398b6ff40c70f847933868e,1
neo4j/neo4j,contributors,https://oss.open-digger.cn/github/neo4j/neo4j/contributors.json,200,,787,5a1a6bffecbc411f600f8e3ece140ec8fac2722e133a5ed63aa3fe452ea42f2d,1
neo4j/neo4j,code_change_lines_sum,https://oss.open-digger.cn/github/neo4j/neo4j/code_change_lines_sum.json,200,,1984,121b04124df8dcefa57a6c0b2d9aefc545c05260a0a8ee4cb2337d24d91900e5,1
neovim/neovim,issue_resolution_duration,https://oss.open-digger.cn/github/neovim/neovim/issue_resolution_duration.json,200,,19492,dc9e81842005ae3d3f762c8efe16cec0ef3b1b31bffcf0fcdf38f114e3cc0aa5,1
neovim/neovim,issue_age,https://oss.open-digger.cn/github/neovim/neovim/issue_age.json,200,,21164,40655e6113c157b6e577a5bba81eb9a0ab49139aa3bc8ab3bf3fbe6156a74683,1
neovim/neovim,issues_new,https://oss.open-digger.cn/github/neovim/neovim/issues_new.json,200,,2628,3b077dd3fe9a257e32202b10be08a23c1f283d074b38354b8572531f29cc8b39,1
neovim/neovim,contributors,https://oss.open-digger.cn/github/neovim/neovim/contributors.json,200,,2508,bb3ee2e13ee62aabcb93f9705f2ecf9e887330119c45d29e32ea09edce487538,1
neovim/neovim,code_change_lines_sum,https://oss.open-digger.cn/github/neovim/neovim/code_change_lines_sum.json,200,,3060,74004a552c1f8b4e1035debc5f5d80780ceb5593009f0a3fb33a9cf0b0a40957,1
netease-youdao/QAnything,issue_resolution_duration,https://oss.open-digger.cn/github/netease-youdao/QAnything/issue_resolution_duration.json,200,,2264,6e6d72f0d643496796dbb30228d387bbd66c369518b0d9f24d34a1a9706f118f,1
netease-youdao/QAnything,issue_age,https://oss.open-digger.cn/github/netease-youdao/QAnything/issue_age.json,200,,3980,7f590e6fcff43f0d3155c0bdcd5f7bebbf7726d817be7fe98088f2a8c088fb13,1
netease-youdao/QAnything,issues_new,https://oss.open-digger.cn/github/netease-youdao/QAnything/issues_new.json,200,,368,a0de120c2ec391f5b7b2e664632aa69f24dec0f6ffb5d9e2b566f409e4428e1b,1
netease-youdao/QAnything,contributors,https://oss.open-digger.cn/github/netease-youdao/QAnything/contributors.json,200,,210,f26b5330bec33d7791fcd9caad50d5469e79bd983c1220ce5223263c2866bb32,1
netease-youdao/QAnything,code_change_lines_sum,https://oss.open-digger.cn/github/netease-youdao/QAnything/code_change_lines_sum.json,200,,379,8d14b1bdc8d74422b3a107c7b92b1678b0f15cc2369e11f90bddfc2f9fa23abd,1
Netflix/Hystrix,issue_resolution_duration,https://oss.open-digger.cn/github/Netflix/Hystrix/issue_resolution_duration.json,200,,12896,041fc10dfe5df85e04e2b790d87549ba69c0ec02c5271b178230c13cd1ca44a2,1
Netflix/Hystrix,issue_age,https://oss.open-digger.cn/github/Netflix/Hystrix/issue_age.json,200,,20828,69f35f9000b99160ae2137d416c24f1d3543e9c8ad2302032505e0d09f401d4b,1
Netflix/Hystrix,issues_new,https://oss.open-digger.cn/github/Netflix/Hystrix/issues_new.json,200,,1827,e03fb3c28bc39e260b10e5a05289181ceca01e1250378b85fd32d1bd334297b0,1
Netflix/Hystrix,contributors,https://oss.open-digger.cn/github/Netflix/Hystrix/contributors.json,200,,679,7ab5c33aeeb2f4445bdf3006f20c08f2eac4333b44d28210575b68930909ea58,1
Netflix/Hystrix,code_change_lines_sum,https://oss.open-digger.cn/github/Netflix/Hystrix/code_change_lines_sum.json,200,,1517,4b83c97ea63fcc7d4b7dc4c2e230ce078c7d653e3d81ca6339ec3787b30b2263,1
netless-io/flat,issue_resolution_duration,https://oss.open-digger.cn/github/netless-io/flat/issue_resolution_duration.json,200,,6436,160a0f1931525ab1c84e3605c94774677fac17078fa7ec7db5d3ec22a0a9eb1d,1
netless-io/flat,issue_age,https://oss.open-digger.cn/github/netless-io/flat/issue_age.json,200,,8975,260041c7f39ba3f053a94a81150a4175c2908f9b11e726d6353592897263a917,1
netless-io/flat,issues_new,https://oss.open-digger.cn/github/netless-io/flat/issues_new.json,200,,778,79221635e2d174ed62b26e2f4e7e35516976af68eae64262270d90f49954eb7d,1
netless-io/flat,contributors,https://oss.open-digger.cn/github/netless-io/flat/contributors.json,200,,921,01a599c14f16c32afaae0d6fd3b8a4c5e80cceff0a92eacd9c4d24d040d27b3c,1
netless-io/flat,code_change_lines_sum,https://oss.open-digger.cn/github/netless-io/flat/code_change_lines_sum.json,200,,1384,34f0b7eee03cdd6f40630677b9c08c5bbff3806a43639fc33bcea55c8e084b0d,1
netty/netty,issue_resolution_duration,https://oss.open-digger.cn/github/netty/netty/issue_resolution_duration.json,200,,19151,0d2dda049e07fe6f510d2c355bfeddc1cb8ac247f8a05559b0e41f4674f3a3fa,1
netty/netty,issue_age,https://oss.open-digger.cn/github/netty/netty/issue_age.json,200,,20833,cae6ae108dce35f4a1c5ca5ac3fe1b053f7ac07e73884fde60a8a84460b5e829,1
netty/netty,issues_new,https://oss.open-digger.cn/github/netty/netty/issues_new.json,200,,2546,52634b1a6786bce06b931dbc978d5501bb042c0a75039e5c318cdd741369324d,1
netty/netty,contributors,https://oss.open-digger.cn/github/netty/netty/contributors.json,200,,1988,2ca511cf1f80adbed0c326f619947a231d19e767e2545d3c2ec6a48e96642cb0,1
netty/netty,code_change_lines_sum,https://oss.open-digger.cn/github/netty/netty/code_change_lines_sum.json,200,,3088,67cadd2839caa93495595ecd0555f617c823fc82a53f03d4f70858815330b537,1
networkx/networkx,issue_resolution_duration,https://oss.open-digger.cn/github/networkx/networkx/issue_resolution_duration.json,200,,19341,a63f775abe37f86c24401616ea2a030e240041fc3f4b1806f4bdc4c868e74539,1
networkx/networkx,issue_age,https://oss.open-digger.cn/github/networkx/networkx/issue_age.json,200,,20613,3d83a39a372501449ff8a34f8db62d9c0560fe5f626678cde2cbc4bb15289063,1
networkx/networkx,issues_new,https://oss.open-digger.cn/github/networkx/networkx/issues_new.json,200,,2461,f56651312e5b3090f7464e41f61a1376b91f2f12c6f6955b7ead0582b2dbeb5e,1
networkx/networkx,contributors,https://oss.open-digger.cn/github/networkx/networkx/contributors.json,200,,2352,a0f072232cba31618f45ccc28a47389e34826fffefb13a3f8f065fd2f5858c3e,1
networkx/networkx,code_change_lines_sum,https://oss.open-digger.cn/github/networkx/networkx/code_change_lines_sum.json,200,,2909,eaa7f4ee00bc32f927d90cbc7e9fac04d6899f343a4ede1c69b0cbf74e765f98,1
neuronetio/gantt-schedule-timeline-calendar,issue_resolution_duration,https://oss.open-digger.cn/github/neuronetio/gantt-schedule-timeline-calendar/issue_resolution_duration.json,200,,8403,3be059c732c4e4faab0642bce9fa87ed70762c77f8dda0db02c2a43c4e633925,1
neuronetio/gantt-schedule-timeline-calendar,issue_age,https://oss.open-digger.cn/github/neuronetio/gantt-schedule-timeline-calendar/issue_age.json,200,,11330,5f6922d616c80970b1455a6be966f102e288b3396a464960a03c87e81b269f53,1
neuronetio/gantt-schedule-timeline-calendar,issues_new,https://oss.open-digger.cn/github/neuronetio/gantt-schedule-timeline-calendar/issues_new.json,200,,1069,fe0f60329bdfcbe164d2825a25dcd76e55d2afca7e5b72624153354471361122,1
neuronetio/gantt-schedule-timeline-calendar,contributors,https://oss.open-digger.cn/github/neuronetio/gantt-schedule-timeline-calendar/contributors.json,200,,77,952735446e178dc19aea673a1899e265b33955a324404d43beb9eef6a548ec31,1
neuronetio/gantt-schedule-timeline-calendar,code_change_lines_sum,https://oss.open-digger.cn/github/neuronetio/gantt-schedule-timeline-calendar/code_change_lines_sum.json,200,,267,9c90bbe1319988c251c5269f2e85b40a3416e2ebb691cf964e36e876e99ab389,1
neutrinolabs/xrdp,issue_resolution_duration,https://oss.open-digger.cn/github/neutrinolabs/xrdp/issue_resolution_duration.json,200,,19189,d604046ad3f5a16c958a56aa7db7ba8f0c0768d72efc2e8e1dcf800164565fe6,1
neutrinolabs/xrdp,issue_age,https://oss.open-digger.cn/github/neutrinolabs/xrdp/issue_age.json,200,,20709,12620ea49dcc2b8906e1fd6c6365bff09f3aaeb16e45e8173a6677e40aef39ea,1
neutrinolabs/xrdp,issues_new,https://oss.open-digger.cn/github/neutrinolabs/xrdp/issues_new.json,200,,2457,a389dd7e607502c91b7d033210320ab85abaacf1aa161d39c018b437128aa9dd,1
neutrinolabs/xrdp,contributors,https://oss.open-digger.cn/github/neutrinolabs/xrdp/contributors.json,200,,2188,db95018cbf60e2da41043eb441367e091ed0bba17808c0ec2fdf9fe05eb41563,1
neutrinolabs/xrdp,code_change_lines_sum,https://oss.open-digger.cn/github/neutrinolabs/xrdp/code_change_lines_sum.json,200,,2757,850bf71b559adcf44a2f791d74be94ce554c8a4245316b5b7f9d4305dc0c6272,1
nextcloud/server,issue_resolution_duration,https://oss.open-digger.cn/github/nextcloud/server/issue_resolution_duration.json,200,,17640,ef455b15939874d84c8a9d88607a8990478ad2f6f6afc8258bb75c79d7a7e6b2,1
nextcloud/server,issue_age,https://oss.open-digger.cn/github/nextcloud/server/issue_age.json,200,,18604,2a0220be55602a4422885fce49bdf2ca38a86e1c4b662546124402963b81d42d,1
nextcloud/server,issues_new,https://oss.open-digger.cn/github/nextcloud/server/issues_new.json,200,,2361,7b233c06aa6c505bfd6c2914ba3a141b5146d85c95cca39e7205984131dff8bf,1
nextcloud/server,contributors,https://oss.open-digger.cn/github/nextcloud/server/contributors.json,200,,2224,0e55f6d716fa23a4c4014a1ef4a9748ae3eccfe209512fa80088e7bd64756494,1
nextcloud/server,code_change_lines_sum,https://oss.open-digger.cn/github/nextcloud/server/code_change_lines_sum.json,200,,2787,55db315afe3f472445dea38c0713989d067739626c2ab3313339e8f31b83d9bf,1
nginx/kubernetes-ingress,issue_resolution_duration,https://oss.open-digger.cn/github/nginx/kubernetes-ingress/issue_resolution_duration.json,200,,17253,e2eb5944091c59bb155cba2ab000151150ec1f33d1cba96c31417ec7f86a6770,1
nginx/kubernetes-ingress,issue_age,https://oss.open-digger.cn/github/nginx/kubernetes-ingress/issue_age.json,200,,18131,03918d3e1a9de031b3fa1a5eb8406504ec05692c50225024ee13676b68f92a35,1
nginx/kubernetes-ingress,issues_new,https://oss.open-digger.cn/github/nginx/kubernetes-ingress/issues_new.json,200,,2157,67f194a911a836985764f0aa417e60fb6355144452f93c4b395992b84d1cc4fa,1
nginx/kubernetes-ingress,contributors,https://oss.open-digger.cn/github/nginx/kubernetes-ingress/contributors.json,200,,2167,d7dd831ab5709b31653808f1864e44d73582a380c391a8de33922dba046ce996,1
nginx/kubernetes-ingress,code_change_lines_sum,https://oss.open-digger.cn/github/nginx/kubernetes-ingress/code_change_lines_sum.json,200,,2706,37848759d32345efb6173f05727c38ad7e0cef20e373292ec458a243427b7d41,1
nginx/nginx-gateway-fabric,issue_resolution_duration,https://oss.open-digger.cn/github/nginx/nginx-gateway-fabric/issue_resolution_duration.json,200,,6752,c30b956d8c0f0e647c365a438f68866d9ab29ac1948ca7852fa9bd625d6f6b08,1
nginx/nginx-gateway-fabric,issue_age,https://oss.open-digger.cn/github/nginx/nginx-gateway-fabric/issue_age.json,200,,7063,07cae8993904b01545956f6a6073070342d5b94eaf41307e660b0240308be83a,1
nginx/nginx-gateway-fabric,issues_new,https://oss.open-digger.cn/github/nginx/nginx-gateway-fabric/issues_new.json,200,,906,8fe261027261d620d2d0b00685f5a73b0546f8a51c04bf745d88bde27e3eea87,1
nginx/nginx-gateway-fabric,contributors,https://oss.open-digger.cn/github/nginx/nginx-gateway-fabric/contributors.json,200,,742,d50dad62a93034e6c50ab71d575fbae6c3dcbe311cc23c1b785f829b20013442,1
nginx/nginx-gateway-fabric,code_change_lines_sum,https://oss.open-digger.cn/github/nginx/nginx-gateway-fabric/code_change_lines_sum.json,200,,943,6f976a8f342a096883b670fa99dcd6c9f6c0b991c09f7ed3c56f98f821565b72,1
nicklockwood/iCarousel,issue_resolution_duration,https://oss.open-digger.cn/github/nicklockwood/iCarousel/issue_resolution_duration.json,200,,6328,a81b59fe25802a2d8d6534bc0cddbfe0a8119c2a484ffdb7f2206ac7c5b03ec3,1
nicklockwood/iCarousel,issue_age,https://oss.open-digger.cn/github/nicklockwood/iCarousel/issue_age.json,200,,21049,9fee69102fd9b5fb9cdbcc47efdac2571c393338b614be59c4887747f58fd4da,1
nicklockwood/iCarousel,issues_new,https://oss.open-digger.cn/github/nicklockwood/iCarousel/issues_new.json,200,,1256,e0ca6cfccbeabaaf5ccc77a8075b53ba2493bdbca631d1365ebbff9bf9ff65c0,1
nicklockwood/iCarousel,contributors,https://oss.open-digger.cn/github/nicklockwood/iCarousel/contributors.json,200,,132,d9811155e9c7ab537cb9da2c08b3060a994d5604db3b44470b10ec082435dbc6,1
nicklockwood/iCarousel,code_change_lines_sum,https://oss.open-digger.cn/github/nicklockwood/iCarousel/code_change_lines_sum.json,200,,763,17910e155d79ae80dcb21ed5067cf671cffa7747345d30721315abf3ca1c5998,1
nicolargo/glances,issue_resolution_duration,https://oss.open-digger.cn/github/nicolargo/glances/issue_resolution_duration.json,200,,19323,53f97f71d6643db8ab7d15adf5bdcc64bc94529324b2bb4f1d4b966b59fbcb56,1
nicolargo/glances,issue_age,https://oss.open-digger.cn/github/nicolargo/glances/issue_age.json,200,,20488,383999b834fd89c53b603e63ad0a44c424dcea7fc1d8b6442dc27e033365ed31,1
nicolargo/glances,issues_new,https://oss.open-digger.cn/github/nicolargo/glances/issues_new.json,200,,2449,a4dcacba3469630a0c72caf764af27aa03af49d66672786fea00146f851768b5,1
nicolargo/glances,contributors,https://oss.open-digger.cn/github/nicolargo/glances/contributors.json,200,,2126,4e818fbcd4dc4b60d48475651a3c70a81ae6b1a4cf89619df816813e9fc9147c,1
nicolargo/glances,code_change_lines_sum,https://oss.open-digger.cn/github/nicolargo/glances/code_change_lines_sum.json,200,,2591,31f5bb380929524308bcd98fe647e3829608833e4954c8f18fdb530e4550fbc2,1
nightwatchjs/nightwatch,issue_resolution_duration,https://oss.open-digger.cn/github/nightwatchjs/nightwatch/issue_resolution_duration.json,200,,17868,6924aa8cfdfc2ea1de61f3b89d961512c7d412e6c6005720608edec228dd70a2,1
nightwatchjs/nightwatch,issue_age,https://oss.open-digger.cn/github/nightwatchjs/nightwatch/issue_age.json,200,,20887,17cd39e4a28f883e7e184737d8bd869c8ce90f9423512c3b265fa189589c2855,1
nightwatchjs/nightwatch,issues_new,https://oss.open-digger.cn/github/nightwatchjs/nightwatch/issues_new.json,200,,2352,0f77b11becfbe77db81b752a30ffd29d433e1f446145c0df45b026c183b61623,1
nightwatchjs/nightwatch,contributors,https://oss.open-digger.cn/github/nightwatchjs/nightwatch/contributors.json,200,,1714,7f84217747ba9944087fe174f33c325d9039fef09f26cadd914696bd4be36471,1
nightwatchjs/nightwatch,code_change_lines_sum,https://oss.open-digger.cn/github/nightwatchjs/nightwatch/code_change_lines_sum.json,200,,2593,11224aa797c490bd5b298a5d755baceb33c2e60b47eaa0cfbb4db6e0d55e62db,1
nim-lang/Nim,issue_resolution_duration,https://oss.open-digger.cn/github/nim-lang/Nim/issue_resolution_duration.json,200,,19722,051f2dedfafe55c329bf6314b7cd15cfbb5980cbbc01986cf94bae5ef80d9232,1
nim-lang/Nim,issue_age,https://oss.open-digger.cn/github/nim-lang/Nim/issue_age.json,200,,21306,94fa2ca77b681704539ff194f3ac4a92b3cb2aaa8d1e6e42e904850e1aab638b,1
nim-lang/Nim,issues_new,https://oss.open-digger.cn/github/nim-lang/Nim/issues_new.json,200,,2579,9571a53b55538dd533ffd9683dbec90efb61c3eac195025645c90f2f515e11c3,1
nim-lang/Nim,contributors,https://oss.open-digger.cn/github/nim-lang/Nim/contributors.json,200,,2474,8c115f8e084a2874f4062afe311adc4c136dbfac49e177a9b4a45d3a8458e7e0,1
nim-lang/Nim,code_change_lines_sum,https://oss.open-digger.cn/github/nim-lang/Nim/code_change_lines_sum.json,200,,2934,3848bd791bb242f61ce03d157a110065dd61d91ec96b571ef6f803a75d359fb8,1
nimiq/core-rs-albatross,issue_resolution_duration,https://oss.open-digger.cn/github/nimiq/core-rs-albatross/issue_resolution_duration.json,200,,10011,60953d12d498adb523ac039eff4a1ae3338168c27dbdfae9a687c3f74cb1dd63,1
nimiq/core-rs-albatross,issue_age,https://oss.open-digger.cn/github/nimiq/core-rs-albatross/issue_age.json,200,,11591,148b585cf02f31f442833ef23173f5dc11ed7ee652bf7eb098bd5440da15c09c,1
nimiq/core-rs-albatross,issues_new,https://oss.open-digger.cn/github/nimiq/core-rs-albatross/issues_new.json,200,,1167,fb2d6f1d5c4b7485215dddd6187e4edab87928bb68e5d6402526677db6630392,1
nimiq/core-rs-albatross,contributors,https://oss.open-digger.cn/github/nimiq/core-rs-albatross/contributors.json,200,,1193,07aad38e4ce456e166d46e4e8df6906fdab4fde14212cf2a244178d8886e5a4f,1
nimiq/core-rs-albatross,code_change_lines_sum,https://oss.open-digger.cn/github/nimiq/core-rs-albatross/code_change_lines_sum.json,200,,1509,e8f450a130386f27cd8c7e8d8353b6c46f09fac39ebd582fd519f162d62cb8d1,1
ninenines/cowboy,issue_resolution_duration,https://oss.open-digger.cn/github/ninenines/cowboy/issue_resolution_duration.json,200,,16593,661e46fc458795712a21fb9df0642d5721c284a3122a63ca82590cf5b89ca74b,1
ninenines/cowboy,issue_age,https://oss.open-digger.cn/github/ninenines/cowboy/issue_age.json,200,,20582,49ce30894d3a1ef2449418d57b4ccd47f27d408fe53b23abb802a95fdaeb73ad,1
ninenines/cowboy,issues_new,https://oss.open-digger.cn/github/ninenines/cowboy/issues_new.json,200,,2096,edc515c39ab1444dd77b7b4ddce37f8e1f3f7e4b8506d50dd0cbb7a22a4018dc,1
ninenines/cowboy,contributors,https://oss.open-digger.cn/github/ninenines/cowboy/contributors.json,200,,358,1333ae2dd888f5368b302b4e248fc0841c7291d3bf45e3705dc5a59454954b3f,1
ninenines/cowboy,code_change_lines_sum,https://oss.open-digger.cn/github/ninenines/cowboy/code_change_lines_sum.json,200,,1732,b1ecfe5cf7a7513d43f1ca164c93bdb5e3a6431e77333fb99955bce4d6fff7a7,1
nlohmann/json,issue_resolution_duration,https://oss.open-digger.cn/github/nlohmann/json/issue_resolution_duration.json,200,,18699,3462e6bd913b6f8e829758533e0274c9f0073774168136838e63d940726fde8d,1
nlohmann/json,issue_age,https://oss.open-digger.cn/github/nlohmann/json/issue_age.json,200,,20324,3b18ea429f181ab1dc9d94cc63ba2c48246e69469d4b53668db4901e9b98b2d5,1
nlohmann/json,issues_new,https://oss.open-digger.cn/github/nlohmann/json/issues_new.json,200,,2427,4c1648f07253695195a708c2da7d43eed3dbbfaabe75861a20eeaf5ef2e92634,1
nlohmann/json,contributors,https://oss.open-digger.cn/github/nlohmann/json/contributors.json,200,,2104,1141283fa8f2fd1a1e266ce87b91fc25f2f5185c99652c12b25d63dcdaaa8651,1
nlohmann/json,code_change_lines_sum,https://oss.open-digger.cn/github/nlohmann/json/code_change_lines_sum.json,200,,2795,4a8ee725156c24b5c1ed236bfc6f92de8d61171f7742e664b3db5b31986a1d95,1
nltk/nltk,issue_resolution_duration,https://oss.open-digger.cn/github/nltk/nltk/issue_resolution_duration.json,200,,18863,1bcf3a136c55443446eaea70c8a4d79087879ce7742ac9098799587399d9ee18,1
nltk/nltk,issue_age,https://oss.open-digger.cn/github/nltk/nltk/issue_age.json,200,,20780,3b692d1582a235a55cd6b2671828d73061981244f8ee51cd6ec815389cfce3ed,1
nltk/nltk,issues_new,https://oss.open-digger.cn/github/nltk/nltk/issues_new.json,200,,2349,d2de4eac7edd8c51ba31f0c23278b4550fb7d6d72d98162fbfeda4a1b98e40da,1
nltk/nltk,contributors,https://oss.open-digger.cn/github/nltk/nltk/contributors.json,200,,2138,a28ccb8a8ea54067892c52915d3f7c8610e4a048e6c74e36e3b38038e2960675,1
nltk/nltk,code_change_lines_sum,https://oss.open-digger.cn/github/nltk/nltk/code_change_lines_sum.json,200,,2768,78ee660157605b895490c79eb24be5250fab4ec4f1396cc34f1529126e293901,1
node-red/node-red,issue_resolution_duration,https://oss.open-digger.cn/github/node-red/node-red/issue_resolution_duration.json,200,,18806,e8b9efba824f80d2bd9961cbb38cbfbecdea57f3b572b7af52664eefdc97a366,1
node-red/node-red,issue_age,https://oss.open-digger.cn/github/node-red/node-red/issue_age.json,200,,20585,01e3f3bd6449145bb135723408daebd6f293fcdb397948528f293db13d463bbd,1
node-red/node-red,issues_new,https://oss.open-digger.cn/github/node-red/node-red/issues_new.json,200,,2495,cd47ecd0adb773c7152bb3e67872109965de478c8d2dcfc398719f020049616f,1
node-red/node-red,contributors,https://oss.open-digger.cn/github/node-red/node-red/contributors.json,200,,2264,76186febbd9de9f5dbacae7a02814eb7e93b09b65099b344d09a01a76a561b9b,1
node-red/node-red,code_change_lines_sum,https://oss.open-digger.cn/github/node-red/node-red/code_change_lines_sum.json,200,,2895,f55c00cd43b7a82822192ada814749395158f25cfd020babb8ee750036766759,1
NodeBB/NodeBB,issue_resolution_duration,https://oss.open-digger.cn/github/NodeBB/NodeBB/issue_resolution_duration.json,200,,18863,8e8208fbe2a28a126f327f403bcf001cde473dbf01fd47ed65358d4789b2257a,1
NodeBB/NodeBB,issue_age,https://oss.open-digger.cn/github/NodeBB/NodeBB/issue_age.json,200,,20639,a1b98f09cc2cee439c7d1e61e8113df5ada223884593e58f3bdea6ac471519b8,1
NodeBB/NodeBB,issues_new,https://oss.open-digger.cn/github/NodeBB/NodeBB/issues_new.json,200,,2523,ada23e87ca91d55e380daab24b8295a51ad970f0d093d96d8a50c245a64ccf53,1
NodeBB/NodeBB,contributors,https://oss.open-digger.cn/github/NodeBB/NodeBB/contributors.json,200,,2318,a68afa2a25c6f6fd17e21fb8dc9f9fdeb6f7367149814b38c84959290d11fd08,1
NodeBB/NodeBB,code_change_lines_sum,https://oss.open-digger.cn/github/NodeBB/NodeBB/code_change_lines_sum.json,200,,2793,1d91d92020e47fcecd7b4fdb0492c415dea8549d7b5c12cad097ec926661fb70,1
nodegit/nodegit,issue_resolution_duration,https://oss.open-digger.cn/github/nodegit/nodegit/issue_resolution_duration.json,200,,14634,c58deb5df147afeaf8a8be79ffb710fe96a1f88261daca056f23d5df1fe683c6,1
nodegit/nodegit,issue_age,https://oss.open-digger.cn/github/nodegit/nodegit/issue_age.json,200,,20954,a8ec9f6b5043ba29e898e9b152abdc9a25d902c28707bbe90c15b2d00e222a66,1
nodegit/nodegit,issues_new,https://oss.open-digger.cn/github/nodegit/nodegit/issues_new.json,200,,2120,74daf149115f874b8bb2ef7acbefea333b53c0aca48a66bebb899206a3c75467,1
nodegit/nodegit,contributors,https://oss.open-digger.cn/github/nodegit/nodegit/contributors.json,200,,1573,d459dc2d249be8a9f109402690aa8390623d0e843897e73169a0ac4c3e8d527a,1
nodegit/nodegit,code_change_lines_sum,https://oss.open-digger.cn/github/nodegit/nodegit/code_change_lines_sum.json,200,,2146,1eab5ce51feb0ca4da0f32fbe69530d65ef098f6069d2c1759adccebee518539,1
nodejs/node,issue_resolution_duration,https://oss.open-digger.cn/github/nodejs/node/issue_resolution_duration.json,200,,19778,baa4ecb1091f9d7fb4b581e077c18ae496c2411466e18af74f55cb55e0d7ea10,1
nodejs/node,issue_age,https://oss.open-digger.cn/github/nodejs/node/issue_age.json,200,,21023,04eef83ac92f2f16d428279af7e016537e5d2f87f6fedae9e996f9e28b46f1fe,1
nodejs/node,issues_new,https://oss.open-digger.cn/github/nodejs/node/issues_new.json,200,,88,e8fcfef614305318776228012095e0742d282e7f1748e08ebeb49df0ff7c8278,1
nodejs/node,contributors,https://oss.open-digger.cn/github/nodejs/node/contributors.json,200,,25,9b079457024d2c75012be9e9be22d337f8c17e72827500e02a5834942040d619,1
nodejs/node,code_change_lines_sum,https://oss.open-digger.cn/github/nodejs/node/code_change_lines_sum.json,200,,3242,9b8993ee747b52120c7216fbd4a6327ebe13646176b74c5ba9742f8b460de777,1
nolimits4web/swiper,issue_resolution_duration,https://oss.open-digger.cn/github/nolimits4web/swiper/issue_resolution_duration.json,200,,18898,5315b530299e514d84cb45cb3e4b052681923c79d0fef6a73d4aa10adf8b54b5,1
nolimits4web/swiper,issue_age,https://oss.open-digger.cn/github/nolimits4web/swiper/issue_age.json,200,,20648,9c2e355b1cfe066f141d8d8d450f1da677aa130576d24c485435612c5f0921bb,1
nolimits4web/swiper,issues_new,https://oss.open-digger.cn/github/nolimits4web/swiper/issues_new.json,200,,2455,45910d31d11e4b0ac3e897ae4a21794018f0a306da5d06d96a87699b9ddbb01f,1
nolimits4web/swiper,contributors,https://oss.open-digger.cn/github/nolimits4web/swiper/contributors.json,200,,1865,81fd6ab02877134f437aabe29c4f414da31cdc4bdb438d7c3fc748a7133ae0de,1
nolimits4web/swiper,code_change_lines_sum,https://oss.open-digger.cn/github/nolimits4web/swiper/code_change_lines_sum.json,200,,2585,ae5fd1d1bcadc66a0cb7098623651299db6fc41b1224e94af63262187a4944f0,1
norman/friendly_id,issue_resolution_duration,https://oss.open-digger.cn/github/norman/friendly_id/issue_resolution_duration.json,200,,12192,4b4787cd330c8254912ac40289f0feb9fcd83dfa2c0ca519118c9f3bc4aefc4b,1
norman/friendly_id,issue_age,https://oss.open-digger.cn/github/norman/friendly_id/issue_age.json,200,,20196,137b15d4c3f77962240ff79b2fb8cbc49c8b6b599490b4efc022ea2acc43df92,1
norman/friendly_id,issues_new,https://oss.open-digger.cn/github/norman/friendly_id/issues_new.json,200,,1664,2be456501ad2ec1a8a4d3900707bc740d5e846af804eae9edc556b98dff8341b,1
norman/friendly_id,contributors,https://oss.open-digger.cn/github/norman/friendly_id/contributors.json,200,,1172,e97d7c49e80fab9a2751cca1c13876b1ad61667a9ba3c86fa52b5065cf61eac9,1
norman/friendly_id,code_change_lines_sum,https://oss.open-digger.cn/github/norman/friendly_id/code_change_lines_sum.json,200,,1596,990227962d4b2a2bc8446cc8b13e489c519024682a6fdbe00e3f03f1bd4765a3,1
notepad-plus-plus/notepad-plus-plus,issue_resolution_duration,https://oss.open-digger.cn/github/notepad-plus-plus/notepad-plus-plus/issue_resolution_duration.json,200,,19300,bdae4fb83902c6becec98bf827078b7c3a3aef8b3b121e5b66b3e026cca5e24a,1
notepad-plus-plus/notepad-plus-plus,issue_age,https://oss.open-digger.cn/github/notepad-plus-plus/notepad-plus-plus/issue_age.json,200,,20616,97743a130d864516a3299b5558820769332550cade385c5755dc2aac5d6f0433,1
notepad-plus-plus/notepad-plus-plus,issues_new,https://oss.open-digger.cn/github/notepad-plus-plus/notepad-plus-plus/issues_new.json,200,,2520,ef74d24b94fb07d1e24b798602f3413b2680e2240f7330c4d09ebc2974e98857,1
notepad-plus-plus/notepad-plus-plus,contributors,https://oss.open-digger.cn/github/notepad-plus-plus/notepad-plus-plus/contributors.json,200,,695,005c921ba46a8388ac8d53da4b8f3eba34b7f47dd4e73af3c138a21f80312f45,1
notepad-plus-plus/notepad-plus-plus,code_change_lines_sum,https://oss.open-digger.cn/github/notepad-plus-plus/notepad-plus-plus/code_change_lines_sum.json,200,,2853,319befa8b24870614844766b6621d80b25b27aed0f7a50ab85386aabbd939bfe,1
nothings/stb,issue_resolution_duration,https://oss.open-digger.cn/github/nothings/stb/issue_resolution_duration.json,200,,17477,61562c5401b3604f5f71d0255869450b96d754c72902996f39f5151a8198dfbd,1
nothings/stb,issue_age,https://oss.open-digger.cn/github/nothings/stb/issue_age.json,200,,20434,15f04ccbe910f3e625b86f917a37cba5e5767004c5642160efbe66c9afdc73f9,1
nothings/stb,issues_new,https://oss.open-digger.cn/github/nothings/stb/issues_new.json,200,,2357,6afd13c27de6749dd2a305d2390a8f7b925dc5895321c7716e0d9ff227bcd3d8,1
nothings/stb,contributors,https://oss.open-digger.cn/github/nothings/stb/contributors.json,200,,819,5ef39da12672048794cd269c21e5af250dc922a95015da3f668a8dd5691bd0f0,1
nothings/stb,code_change_lines_sum,https://oss.open-digger.cn/github/nothings/stb/code_change_lines_sum.json,200,,2428,ea559480a2f34c8d16eb59220e26493cb610603a37f95dbd8b130471538fd2aa,1
novus/nvd3,issue_resolution_duration,https://oss.open-digger.cn/github/novus/nvd3/issue_resolution_duration.json,200,,7137,723ecb2f95e2d7743870d3f0929ac12dbcace4b9d8335eac72cc2a8ca113726e,1
novus/nvd3,issue_age,https://oss.open-digger.cn/github/novus/nvd3/issue_age.json,200,,20987,bd933c9ee8fd28919fd1a21cf9f475021ab6375494257d1ec9b3ff858d6f3d35,1
novus/nvd3,issues_new,https://oss.open-digger.cn/github/novus/nvd3/issues_new.json,200,,1293,5658d7d1b9cf36b23f9d4f2e27ca89244b2c568aab68be468a77b72d199e2e24,1
novus/nvd3,contributors,https://oss.open-digger.cn/github/novus/nvd3/contributors.json,200,,606,9d2d6ace3a600fb9d2e9fdf8e00cb9158774ddad64b652a794127b0a5b20bba1,1
novus/nvd3,code_change_lines_sum,https://oss.open-digger.cn/github/novus/nvd3/code_change_lines_sum.json,200,,963,dc905544c6dc47422d6bc5bbc36383f1800dcba772c0532d5eb2b7b9d5aa9b01,1
nrwl/nx,issue_resolution_duration,https://oss.open-digger.cn/github/nrwl/nx/issue_resolution_duration.json,200,,15362,f014790b59e0473968dc31a18628dc1fa8df78b7a1ab7bf5cd2179fae5257d2f,1
nrwl/nx,issue_age,https://oss.open-digger.cn/github/nrwl/nx/issue_age.json,200,,15916,bb61903daa051f599280d04e8a9b9b39a2dfcad0d6fda20db734605116d054ba,1
nrwl/nx,issues_new,https://oss.open-digger.cn/github/nrwl/nx/issues_new.json,200,,2031,6821189c96fc517dfbf5a6ce2639c711a6700e6f3aaf51125044680d16e420bb,1
nrwl/nx,contributors,https://oss.open-digger.cn/github/nrwl/nx/contributors.json,200,,1949,b826fc4667d4834a14ee4aed624caca19ab26c513b35aa3839787cb2323e1ebb,1
nrwl/nx,code_change_lines_sum,https://oss.open-digger.cn/github/nrwl/nx/code_change_lines_sum.json,200,,2423,c55a2b0c28dadb3bc75046df0e83c005979c82b05c96757b64912fa9ca0bac0f,1
nsqio/nsq,issue_resolution_duration,https://oss.open-digger.cn/github/nsqio/nsq/issue_resolution_duration.json,200,,16514,ed1887621f8b042888e73c106e1bbc5ce1d2001fbaf1a1d4bf2356a27c592863,1
nsqio/nsq,issue_age,https://oss.open-digger.cn/github/nsqio/nsq/issue_age.json,200,,20889,6f5653cf1173e16748e89f7f7ba389285dcae96b00552605951c489d328f2591,1
nsqio/nsq,issues_new,https://oss.open-digger.cn/github/nsqio/nsq/issues_new.json,200,,2136,984b8b2a0fa6084038f7bbd9f420eff5a76c6118be41d45953bd9a005850cd05,1
nsqio/nsq,contributors,https://oss.open-digger.cn/github/nsqio/nsq/contributors.json,200,,1557,d86e0b2a8f18bef309528008053d18f05890e45cb82d5d7b098b9f0bb89d634d,1
nsqio/nsq,code_change_lines_sum,https://oss.open-digger.cn/github/nsqio/nsq/code_change_lines_sum.json,200,,2127,5d117c350d67421be57e99ef09e0e3972b392b81e4f060a9d2bd4fc325306bd2,1
nteract/nteract,issue_resolution_duration,https://oss.open-digger.cn/github/nteract/nteract/issue_resolution_duration.json,200,,11383,4c94e7a85aa1b4a161f0618363e7645018d111a2f7ab4370cb45b6ca98cbb4c3,1
nteract/nteract,issue_age,https://oss.open-digger.cn/github/nteract/nteract/issue_age.json,200,,19191,bd146e66be648cc3e7c4c5a61ffa06fbdc65603045ea91b7f80a13fc6d9a4545,1
nteract/nteract,issues_new,https://oss.open-digger.cn/github/nteract/nteract/issues_new.json,200,,64,c271ab505e20e2db12d9ff392cdc51bb050de42a5ef2ace3564e7cb1e197007d,1
nteract/nteract,contributors,https://oss.open-digger.cn/github/nteract/nteract/contributors.json,200,,1495,8c47c6d7353218fe596ba977aeaa52cb527045d207d755f1390bd085a384f8ff,1
nteract/nteract,code_change_lines_sum,https://oss.open-digger.cn/github/nteract/nteract/code_change_lines_sum.json,200,,2,44136fa355b3678a1146ad16f7e8649e94fb4fc21fe77e8310c060f61caaff8a,1
ntucllab/libact,issue_resolution_duration,https://oss.open-digger.cn/github/ntucllab/libact/issue_resolution_duration.json,200,,5868,d8fca857a6bb39419f3cc950d4b7ff2352edb0c50e8757ad314eec6dc5e0044f,1
ntucllab/libact,issue_age,https://oss.open-digger.cn/github/ntucllab/libact/issue_age.json,200,,19380,dd6a70e81280127216a1e36d8689a752ff1095c4601435469556c662a11a6652,1
ntucllab/libact,issues_new,https://oss.open-digger.cn/github/ntucllab/libact/issues_new.json,200,,861,fea8b5e324e4e0609fb63ffd5ee78f9d4a767abeaaa5efdb00f9c3a79ea15a19,1
ntucllab/libact,contributors,https://oss.open-digger.cn/github/ntucllab/libact/contributors.json,200,,572,386c064c63769c5b221ab25957d73ad9724b8e68b62bbed8cefc07d01657f6d8,1
ntucllab/libact,code_change_lines_sum,https://oss.open-digger.cn/github/ntucllab/libact/code_change_lines_sum.json,200,,697,8050ab8d08da1b70ae9c23d5fac0d130cbd2ee11e895cafffbf9e25a7af525f3,1
numpy/numpy,issue_resolution_duration,https://oss.open-digger.cn/github/numpy/numpy/issue_resolution_duration.json,200,,19622,3ddac931d9ec5fbc63382c069ffaebec3455803548f451a8dd18ed90743f1854,1
numpy/numpy,issue_age,https://oss.open-digger.cn/github/numpy/numpy/issue_age.json,200,,21311,feb1bf340e91894e638335f4475a900975cf2e82fd00ec296ac49696d7ca4efa,1
numpy/numpy,issues_new,https://oss.open-digger.cn/github/numpy/numpy/issues_new.json,200,,2568,65b191b42702d965bc1e3892cc9b055b94b8ee46d88fbc82437dc700f13af50e,1
numpy/numpy,contributors,https://oss.open-digger.cn/github/numpy/numpy/contributors.json,200,,2516,cc57d09340914ed44daaa5353800fff9879031d9c1972d1093870ee0a5a45cbd,1
numpy/numpy,code_change_lines_sum,https://oss.open-digger.cn/github/numpy/numpy/code_change_lines_sum.json,200,,3022,859fd03cbac21dae88284cba428fbc36c3f9dfed88589f832f245b9da24711df,1
nvbn/thefuck,issue_resolution_duration,https://oss.open-digger.cn/github/nvbn/thefuck/issue_resolution_duration.json,200,,14817,0fb55337a44c1c32883bdf12451a065871c5098f0259789bee9dc5752be62476,1
nvbn/thefuck,issue_age,https://oss.open-digger.cn/github/nvbn/thefuck/issue_age.json,200,,20447,9c8ec7c06c0cefaf223e4d89350cc5d7404cf1de4e3b9cadf53d585072a1d853,1
nvbn/thefuck,issues_new,https://oss.open-digger.cn/github/nvbn/thefuck/issues_new.json,200,,2206,7474887cca06a612f0ba0ef79359868de58bbb74e8a2529095c612f57b2bbc55,1
nvbn/thefuck,contributors,https://oss.open-digger.cn/github/nvbn/thefuck/contributors.json,200,,1358,90fd4e82c7e1cdf253e1938d0154da60591b8a147b2d8a64504602b8c7a52ef0,1
nvbn/thefuck,code_change_lines_sum,https://oss.open-digger.cn/github/nvbn/thefuck/code_change_lines_sum.json,200,,2321,34481c9b48735e80ea0d84a93086aa71be160e37321ce02ef8c3467eff0fb866,1
NVIDIA/apex,issue_resolution_duration,https://oss.open-digger.cn/github/NVIDIA/apex/issue_resolution_duration.json,200,,11449,6ba2f57b61565a5c0f990fe85568e566e9a51482eefcd4f171c17a576d6e4790,1
NVIDIA/apex,issue_age,https://oss.open-digger.cn/github/NVIDIA/apex/issue_age.json,200,,14560,3b0680898b93e225db50925cc7c8b181baea90c4b7774da32d029be53f4f1f70,1
NVIDIA/apex,issues_new,https://oss.open-digger.cn/github/NVIDIA/apex/issues_new.json,200,,1572,b20740247ed679397d78b4dea01b6c0762cd989efdf8af29ac0dfa935d8197eb,1
NVIDIA/apex,contributors,https://oss.open-digger.cn/github/NVIDIA/apex/contributors.json,200,,1586,53808bb97a0baeba30d4858b171890435ff8784ae2efa532b2400706dcd0a9fd,1
NVIDIA/apex,code_change_lines_sum,https://oss.open-digger.cn/github/NVIDIA/apex/code_change_lines_sum.json,200,,1950,ff81a1358f9706cc441eeb808833a6aa54034cd1b6e92759101525a9ed9e6076,1
NVIDIA/cccl,issue_resolution_duration,https://oss.open-digger.cn/github/NVIDIA/cccl/issue_resolution_duration.json,200,,12064,272af7ff395d842f1c7dbd3ec816fb498633e9411394bf6471e52517b0ec67df,1
NVIDIA/cccl,issue_age,https://oss.open-digger.cn/github/NVIDIA/cccl/issue_age.json,200,,7582,20c85061637967d0ef08df6dcf48aa5647d625265af37557fe605e783bdd9ae1,1
NVIDIA/cccl,issues_new,https://oss.open-digger.cn/github/NVIDIA/cccl/issues_new.json,200,,909,7720322b42c0e6166a6d6321b7848aa5434104373154e9cfe24f2c71a56387d6,1
NVIDIA/cccl,contributors,https://oss.open-digger.cn/github/NVIDIA/cccl/contributors.json,200,,886,18cf4a432bd50d9e0ebbcc7cf78e5a13a66ff89a83bb8fb1a9dc8f8628fd1e8a,1
NVIDIA/cccl,code_change_lines_sum,https://oss.open-digger.cn/github/NVIDIA/cccl/code_change_lines_sum.json,200,,1168,c880955221f95ae78aba1761376ab9696716da47245dc07a6e6d574e7aa12566,1
NVIDIA/cuCollections,issue_resolution_duration,https://oss.open-digger.cn/github/NVIDIA/cuCollections/issue_resolution_duration.json,200,,7919,7c78823753b2f2d4bedc3d89165a1532b9d8085639adc42eb01a2cdb37ea2e76,1
NVIDIA/cuCollections,issue_age,https://oss.open-digger.cn/github/NVIDIA/cuCollections/issue_age.json,200,,10117,d213616ea2ef8ef48e97de7985ee715451a1522e9e04a19f7a969c289860fc49,1
NVIDIA/cuCollections,issues_new,https://oss.open-digger.cn/github/NVIDIA/cuCollections/issues_new.json,200,,1088,58bcec906245bab218919871e3e6b75f28d209ab7ccbfcbfde9f4d98f084246b,1
NVIDIA/cuCollections,contributors,https://oss.open-digger.cn/github/NVIDIA/cuCollections/contributors.json,200,,1052,11ce0c9d82b9b1dc1ae4f5ee4c5824d5fb81c4c3cebba452b16f3033cf8f683e,1
NVIDIA/cuCollections,code_change_lines_sum,https://oss.open-digger.cn/github/NVIDIA/cuCollections/code_change_lines_sum.json,200,,1375,7c7b3d66af1fde8848fbcac373cb289f4c7471e4944c1ecba8d13b599640b1e9,1
NVIDIA/cuda-quantum,issue_resolution_duration,https://oss.open-digger.cn/github/NVIDIA/cuda-quantum/issue_resolution_duration.json,200,,5425,74fd00d7eb180cf1fefb965c4c95dd4a9a0a5380eb68c738d6e7d622da6fbf29,1
NVIDIA/cuda-quantum,issue_age,https://oss.open-digger.cn/github/NVIDIA/cuda-quantum/issue_age.json,200,,5534,435b151f6d61522620a41e2a653de3078f4d6d0ecc3a8516591252f938595572,1
NVIDIA/cuda-quantum,issues_new,https://oss.open-digger.cn/github/NVIDIA/cuda-quantum/issues_new.json,200,,738,4112117d6b8eec1aa9a71d773c709661600176fa532f3154f55e49f8bd3847ac,1
NVIDIA/cuda-quantum,contributors,https://oss.open-digger.cn/github/NVIDIA/cuda-quantum/contributors.json,200,,722,8317ee1c12377eccf45fad6bba7dc1efee48f05926fa3d28ea97e4269a332480,1
NVIDIA/cuda-quantum,code_change_lines_sum,https://oss.open-digger.cn/github/NVIDIA/cuda-quantum/code_change_lines_sum.json,200,,934,b69f4a1353b389744352dbf314ecbbf97d79a78a055cb15a1e9bcc46577399b0,1
NVIDIA/cuda-samples,issue_resolution_duration,https://oss.open-digger.cn/github/NVIDIA/cuda-samples/issue_resolution_duration.json,200,,10606,4138c91ae6df850080cdb0be9d79065447876b068755d18c7ad368a9b41ba846,1
NVIDIA/cuda-samples,issue_age,https://oss.open-digger.cn/github/NVIDIA/cuda-samples/issue_age.json,200,,13251,49f70280e8577634bcac736919fb2b081f5510b23ea02152ddd64ee12fe65959,1
NVIDIA/cuda-samples,issues_new,https://oss.open-digger.cn/github/NVIDIA/cuda-samples/issues_new.json,200,,1377,31abdc09b469cb6a6af2ea159a3b9316491d5383874b54d687ba8feb5b7d768d,1
NVIDIA/cuda-samples,contributors,https://oss.open-digger.cn/github/NVIDIA/cuda-samples/contributors.json,200,,123,1ad10dcd244ab2d0e6b990f3f7781aefe8ef2c5e06d6eebc484bce286398884b,1
NVIDIA/cuda-samples,code_change_lines_sum,https://oss.open-digger.cn/github/NVIDIA/cuda-samples/code_change_lines_sum.json,200,,644,19062dd62e7625055a14a218a1123f9479c7c036e206297e4b80c93bd7ffbd08,1
NVIDIA/CUDALibrarySamples,issue_resolution_duration,https://oss.open-digger.cn/github/NVIDIA/CUDALibrarySamples/issue_resolution_duration.json,200,,8866,e3311efa15e2755d009f3d51905aa44f61f01e1ba0c72b73487388e5bf553d0d,1
NVIDIA/CUDALibrarySamples,issue_age,https://oss.open-digger.cn/github/NVIDIA/CUDALibrarySamples/issue_age.json,200,,10502,423eaa1cc8cd9f6bbb2269fa94e07343a3a649d547c780c40bdda42f842ea2a7,1
NVIDIA/CUDALibrarySamples,issues_new,https://oss.open-digger.cn/github/NVIDIA/CUDALibrarySamples/issues_new.json,200,,1177,cf77ad377ba9ee79a7288ea1abaa79002f32dd2a18e0bae27aa160fe02c1a7ce,1
NVIDIA/CUDALibrarySamples,contributors,https://oss.open-digger.cn/github/NVIDIA/CUDALibrarySamples/contributors.json,200,,173,88e0b5ff297d538e90f45b801a2c6cebb0c022046ee924138e5056a4d0115220,1
NVIDIA/CUDALibrarySamples,code_change_lines_sum,https://oss.open-digger.cn/github/NVIDIA/CUDALibrarySamples/code_change_lines_sum.json,200,,467,917fe7aa2ab4483faecc70334723b94f261c6d4868fc14ed28b98dfb36c89cda,1
NVIDIA/cuQuantum,issue_resolution_duration,https://oss.open-digger.cn/github/NVIDIA/cuQuantum/issue_resolution_duration.json,200,,4047,8047b1bba5220559d00fde5b2332602e27afc6947fe14294d03936e4bd3aea6b,1
NVIDIA/cuQuantum,issue_age,https://oss.open-digger.cn/github/NVIDIA/cuQuantum/issue_age.json,200,,6686,8ec434e256f007cb1e59cc416e266b0c657a95917af2e3f89d3e3b6e9814eb92,1
NVIDIA/cuQuantum,issues_new,https://oss.open-digger.cn/github/NVIDIA/cuQuantum/issues_new.json,200,,670,ca634ab823a0ba18dab8eb528b0280ddbba48f5cbf052058e36b65c20aa620b1,1
NVIDIA/cuQuantum,contributors,https://oss.open-digger.cn/github/NVIDIA/cuQuantum/contributors.json,200,,88,4f9b5d3bb90ad80830e367d3f04f5326334f60233684cf461d7668d2c9d95e4f,1
NVIDIA/cuQuantum,code_change_lines_sum,https://oss.open-digger.cn/github/NVIDIA/cuQuantum/code_change_lines_sum.json,200,,140,7240926b5631a7db61302a191fac61e4f21f8869113e2f1c4ef1476745c24b01,1
NVIDIA/cutlass,issue_resolution_duration,https://oss.open-digger.cn/github/NVIDIA/cutlass/issue_resolution_duration.json,200,,13849,69d5f9268684f569c68f501b7fbf59001db257800e91bfc061b31f6f80f49a99,1
NVIDIA/cutlass,issue_age,https://oss.open-digger.cn/github/NVIDIA/cutlass/issue_age.json,200,,15059,89daf126573607bf3d3e360797b4242fbcf07141d49f2472630c3ab4eb25b156,1
NVIDIA/cutlass,issues_new,https://oss.open-digger.cn/github/NVIDIA/cutlass/issues_new.json,200,,1794,69c89af3ff80f333fde7b7784624c27d5ebc4e1412da44ed63f478fc929c054d,1
NVIDIA/cutlass,contributors,https://oss.open-digger.cn/github/NVIDIA/cutlass/contributors.json,200,,1428,2b52f4a0062669696e2d80d8eb0059e983422dac4c1962b480853c466d466011,1
NVIDIA/cutlass,code_change_lines_sum,https://oss.open-digger.cn/github/NVIDIA/cutlass/code_change_lines_sum.json,200,,1900,60089ba2e4e703f2ad323a6f585facc17435056e66ee3d7f80d827c1bc2301ad,1
NVIDIA/DALI,issue_resolution_duration,https://oss.open-digger.cn/github/NVIDIA/DALI/issue_resolution_duration.json,200,,12770,89011231e92dd23dc5d6250674b92d9dd67f15d6e9181c92ea5b0b0e1b45dae2,1
NVIDIA/DALI,issue_age,https://oss.open-digger.cn/github/NVIDIA/DALI/issue_age.json,200,,14349,fc8d1acf56f32b05f26591e5e09b795b9cc99a7605fb5a8e8f3f3653d1dd3e1e,1
NVIDIA/DALI,issues_new,https://oss.open-digger.cn/github/NVIDIA/DALI/issues_new.json,200,,1651,af0455b7aa1ca8791e2117902a412dd841a0a990c3df009160806ed4d569164a,1
NVIDIA/DALI,contributors,https://oss.open-digger.cn/github/NVIDIA/DALI/contributors.json,200,,1668,df06c94aabd29d4916ef839f59d3980caac36b32d2ff7e43d984546a19c06383,1
NVIDIA/DALI,code_change_lines_sum,https://oss.open-digger.cn/github/NVIDIA/DALI/code_change_lines_sum.json,200,,2105,f250ab9c687a89373ff7d92e5c1b16c4b9928a9cb4a0692853f778ff309db625,1
NVIDIA/FasterTransformer,issue_resolution_duration,https://oss.open-digger.cn/github/NVIDIA/FasterTransformer/issue_resolution_duration.json,200,,5033,4a971065ab47229d7609ace460a6d023e98565079cacea980b284213ffc8f298,1
NVIDIA/FasterTransformer,issue_age,https://oss.open-digger.cn/github/NVIDIA/FasterTransformer/issue_age.json,200,,8943,9dea5d906c2763de6c7dd89894b79d9eceba18bc0da3fe84ce58f73600783368,1
NVIDIA/FasterTransformer,issues_new,https://oss.open-digger.cn/github/NVIDIA/FasterTransformer/issues_new.json,200,,789,a164dac5ed30505c62a5db63f56d28cb6a19b6c13cebe840e9be7f95467b8135,1
NVIDIA/FasterTransformer,contributors,https://oss.open-digger.cn/github/NVIDIA/FasterTransformer/contributors.json,200,,442,e91f8b6fb9d8362f5c1e038e9f3943440555d5ce4eb4c4a107d484e2c46e585f,1
NVIDIA/FasterTransformer,code_change_lines_sum,https://oss.open-digger.cn/github/NVIDIA/FasterTransformer/code_change_lines_sum.json,200,,684,a040a6e3079bdce9e6f9faec29bd7f820b0e952e1a09f4a39faef2a6400c1ce5,1
NVIDIA/gpu-operator,issue_resolution_duration,https://oss.open-digger.cn/github/NVIDIA/gpu-operator/issue_resolution_duration.json,200,,11550,6d280ebfc107428ec44eb9f02c562e9a1bd6909f7c070f90151bb3c90c0ae3e7,1
NVIDIA/gpu-operator,issue_age,https://oss.open-digger.cn/github/NVIDIA/gpu-operator/issue_age.json,200,,12347,7d216b4476c4012897ea3b86c82b31bff42448664ac69a28c178f97c9f101c37,1
NVIDIA/gpu-operator,issues_new,https://oss.open-digger.cn/github/NVIDIA/gpu-operator/issues_new.json,200,,1460,1fcefe3a4df7f696c967204c7f9ae0ce62813596bddd17cf8a71b09eab87cb79,1
NVIDIA/gpu-operator,contributors,https://oss.open-digger.cn/github/NVIDIA/gpu-operator/contributors.json,200,,490,db502c3a46a50c56ff3988915f34c3cb1b2b01e69376f0656d665e910a762ce9,1
NVIDIA/gpu-operator,code_change_lines_sum,https://oss.open-digger.cn/github/NVIDIA/gpu-operator/code_change_lines_sum.json,200,,1024,1009e1856969c204c78cdbf843b82e73b37346db9b8bfd8e13ca5c34951f6c7f,1
NVIDIA/jitify,issue_resolution_duration,https://oss.open-digger.cn/github/NVIDIA/jitify/issue_resolution_duration.json,200,,5329,5ad3019f4e5c8bbc3b0f5c2573dd9f8bda8705ce21dbd85f59f4de90003973aa,1
NVIDIA/jitify,issue_age,https://oss.open-digger.cn/github/NVIDIA/jitify/issue_age.json,200,,13559,0fa45b23382d38df5a484fa0c6c08879e55ffdbecb4e0c3e8019192b9d19148e,1
NVIDIA/jitify,issues_new,https://oss.open-digger.cn/github/NVIDIA/jitify/issues_new.json,200,,802,01c44b9a38a2bd128bfba9d1d05adaccabe31471255c62b77f9e18c5a2c9934c,1
NVIDIA/jitify,contributors,https://oss.open-digger.cn/github/NVIDIA/jitify/contributors.json,200,,838,a06a018467d42a09c12c39eec5a7f3fffe8239403f2d9e773bbab6ae29350f61,1
NVIDIA/jitify,code_change_lines_sum,https://oss.open-digger.cn/github/NVIDIA/jitify/code_change_lines_sum.json,200,,1035,6f3fad83c78b49df97edf651b215063ee92a010f5b414a15bae179d001b9c0f7,1
NVIDIA/MatX,issue_resolution_duration,https://oss.open-digger.cn/github/NVIDIA/MatX/issue_resolution_duration.json,200,,6913,41e1bc0d28031951b840c8216b46225723e79e6c9003416eb250769699b09a16,1
NVIDIA/MatX,issue_age,https://oss.open-digger.cn/github/NVIDIA/MatX/issue_age.json,200,,7898,91922d0d29ba443fc75ac8dbdb4875097130475ddb61184c4eac994bb0664578,1
NVIDIA/MatX,issues_new,https://oss.open-digger.cn/github/NVIDIA/MatX/issues_new.json,200,,897,8369ec687fbdf6fe2d48a3627a3d2c172031e6d690e849ffa478c997f9c15676,1
NVIDIA/MatX,contributors,https://oss.open-digger.cn/github/NVIDIA/MatX/contributors.json,200,,903,94f59150d636cd6d33c107c612d594639a929c26698af29bafa6575b44bb3bd9,1
NVIDIA/MatX,code_change_lines_sum,https://oss.open-digger.cn/github/NVIDIA/MatX/code_change_lines_sum.json,200,,1171,1e9caebaf12c7728184f4d74f47c2f8786aee2fc3a24cb99399d68aba48de2da,1
NVIDIA/Megatron-LM,issue_resolution_duration,https://oss.open-digger.cn/github/NVIDIA/Megatron-LM/issue_resolution_duration.json,200,,11970,4fccf793312e13e7529a2be4ecdd0381854693f09568ba57d54b29ce3f5f2cdf,1
NVIDIA/Megatron-LM,issue_age,https://oss.open-digger.cn/github/NVIDIA/Megatron-LM/issue_age.json,200,,12099,d78b45b424626de6b68edb7c74a3412938b731e85b354e4585e4ad4b2116e8dd,1
NVIDIA/Megatron-LM,issues_new,https://oss.open-digger.cn/github/NVIDIA/Megatron-LM/issues_new.json,200,,1460,f348fd0c1d9a1653756551b6dcb28b73edd9eb9d8930e3a70d549a7e5959a554,1
NVIDIA/Megatron-LM,contributors,https://oss.open-digger.cn/github/NVIDIA/Megatron-LM/contributors.json,200,,655,615cea88a5fa2aae9defd805fdf395d1e6e5938d830af7f171260dd53e437c7d,1
NVIDIA/Megatron-LM,code_change_lines_sum,https://oss.open-digger.cn/github/NVIDIA/Megatron-LM/code_change_lines_sum.json,200,,1509,5ca8f3c81591c0074580f944c57057d6d5c8f133fbc4e11520b8d95b45296936,1
NVIDIA/MinkowskiEngine,issue_resolution_duration,https://oss.open-digger.cn/github/NVIDIA/MinkowskiEngine/issue_resolution_duration.json,200,,7176,f258b6443e66722c02a26d848c9987f1a72e523f3b79d5297c6d9ea147bd1567,1
NVIDIA/MinkowskiEngine,issue_age,https://oss.open-digger.cn/github/NVIDIA/MinkowskiEngine/issue_age.json,200,,12534,bdb6d562a972aff69ae77fee8cf0595988267098d00c8f91050f75b08295baa5,1
NVIDIA/MinkowskiEngine,issues_new,https://oss.open-digger.cn/github/NVIDIA/MinkowskiEngine/issues_new.json,200,,1364,ccc345ffab085c6deeda5dd4078d4abb78a4ef408d2b611e3074d501e078c6ed,1
NVIDIA/MinkowskiEngine,contributors,https://oss.open-digger.cn/github/NVIDIA/MinkowskiEngine/contributors.json,200,,359,bd457234ae79de5929ef5b96917cd198875847bf5cc7320cf46d9d9156c32049,1
NVIDIA/MinkowskiEngine,code_change_lines_sum,https://oss.open-digger.cn/github/NVIDIA/MinkowskiEngine/code_change_lines_sum.json,200,,629,d400adde4593226d5d7c097aca472f369cac48f3fa6e5e835c9337bf71e73121,1
NVIDIA/nccl,issue_resolution_duration,https://oss.open-digger.cn/github/NVIDIA/nccl/issue_resolution_duration.json,200,,17457,27aa4b9c6e96fcc4b2232adda16c743251df16657ffce13e2c86955bf88ccf08,1
NVIDIA/nccl,issue_age,https://oss.open-digger.cn/github/NVIDIA/nccl/issue_age.json,200,,18610,4678b2ba196c147a2ac5f63f227a3e26f643ff8638fcefafe3d7d626a9a9623f,1
NVIDIA/nccl,issues_new,https://oss.open-digger.cn/github/NVIDIA/nccl/issues_new.json,200,,2161,07d293c8f207173561d4782d6f1063960d538dd71eb0e93ef4425f2ea720193e,1
NVIDIA/nccl,contributors,https://oss.open-digger.cn/github/NVIDIA/nccl/contributors.json,200,,946,e49f66f7de61429e60d99e9b9fedeb76e511e566de2f383f46538330fbe5016c,1
NVIDIA/nccl,code_change_lines_sum,https://oss.open-digger.cn/github/NVIDIA/nccl/code_change_lines_sum.json,200,,1833,da6a14e1509cb6bcff382cc55e8accff6cb6ca2f34e1f9d877c969cb494d4a0f,1
NVIDIA/nvbench,issue_resolution_duration,https://oss.open-digger.cn/github/NVIDIA/nvbench/issue_resolution_duration.json,200,,5262,3c50575d084021dd2a36676e5a6d032de0bb90d215ebce64103502926c6bac2f,1
NVIDIA/nvbench,issue_age,https://oss.open-digger.cn/github/NVIDIA/nvbench/issue_age.json,200,,9188,b9788f148f5367db7146213e55f6393a003c5fd2c8725b41fc2ce78c36222193,1
NVIDIA/nvbench,issues_new,https://oss.open-digger.cn/github/NVIDIA/nvbench/issues_new.json,200,,908,7e33fc5fd12c9e7966b84d35e9f8fb657b7a3ad2f0b65165524cfc11d89600f0,1
NVIDIA/nvbench,contributors,https://oss.open-digger.cn/github/NVIDIA/nvbench/contributors.json,200,,708,17ecb90689cc23bbdb938c1a0ffd95b44385c777ce3dd0246693684e33c14381,1
NVIDIA/nvbench,code_change_lines_sum,https://oss.open-digger.cn/github/NVIDIA/nvbench/code_change_lines_sum.json,200,,919,bc3e13bdb430f1fedafe652774c4b8d79d15def9fe68810faa833a2a1a7339d7,1
NVIDIA/open-gpu-kernel-modules,issue_resolution_duration,https://oss.open-digger.cn/github/NVIDIA/open-gpu-kernel-modules/issue_resolution_duration.json,200,,6602,bcc657c907a78a6d127a1757d31ec3735512e9d44461290960da0202eb500f24,1
NVIDIA/open-gpu-kernel-modules,issue_age,https://oss.open-digger.cn/github/NVIDIA/open-gpu-kernel-modules/issue_age.json,200,,7107,eb69bbd25839a8e43717b5c5b16ed343568cad1b48fee2cfdff13b3c54ef5325,1
NVIDIA/open-gpu-kernel-modules,issues_new,https://oss.open-digger.cn/github/NVIDIA/open-gpu-kernel-modules/issues_new.json,200,,875,a97931e3b6815c05cc121b0ca3ca1872628d7d79439479ea474ec1ab6da1df1d,1
NVIDIA/open-gpu-kernel-modules,contributors,https://oss.open-digger.cn/github/NVIDIA/open-gpu-kernel-modules/contributors.json,200,,57,8a096f916c9e01d8e8f4f864badfb0622ce7a62d3bd637933e96b015faf9245f,1
NVIDIA/open-gpu-kernel-modules,code_change_lines_sum,https://oss.open-digger.cn/github/NVIDIA/open-gpu-kernel-modules/code_change_lines_sum.json,200,,720,f9d28d75141fc4bef46906c9d03dc8b88e6ce5d28a340f82e685be09ff3f09de,1
NVIDIA/TensorRT,issue_resolution_duration,https://oss.open-digger.cn/github/NVIDIA/TensorRT/issue_resolution_duration.json,200,,11604,cd8469dd0ba92928b163f75c5893bc2b192e5c26ed12712d5ad03ccb42fe90b2,1
NVIDIA/TensorRT,issue_age,https://oss.open-digger.cn/github/NVIDIA/TensorRT/issue_age.json,200,,12602,6d1e7df732f1bf034d8f7a21bb6965bc9377630c2df1c28179f8cf433c8d7303,1
NVIDIA/TensorRT,issues_new,https://oss.open-digger.cn/github/NVIDIA/TensorRT/issues_new.json,200,,1557,7b36b804892f010a04e1b1fe451910a14536e15ed67a46b0516f31e74ad02858,1
NVIDIA/TensorRT,contributors,https://oss.open-digger.cn/github/NVIDIA/TensorRT/contributors.json,200,,1208,af1e53646c8925a2279d4468d150e554a98e53c2c461ff1b1d1cd6324803bb1d,1
NVIDIA/TensorRT,code_change_lines_sum,https://oss.open-digger.cn/github/NVIDIA/TensorRT/code_change_lines_sum.json,200,,1726,7a661cbaa882795283b635c4bbeb2bb59848f4e708ac1bf0c213f627104f3bf4,1
NVIDIA/TensorRT-LLM,issue_resolution_duration,https://oss.open-digger.cn/github/NVIDIA/TensorRT-LLM/issue_resolution_duration.json,200,,4469,f3e0897a2eb81a9e2b2896a28678089310e19f65ead3301c0356984d62f48c4a,1
NVIDIA/TensorRT-LLM,issue_age,https://oss.open-digger.cn/github/NVIDIA/TensorRT-LLM/issue_age.json,200,,4524,bcd3e98975f3b9d2563a4498134c5bc7ef59a7f7fe18205b37d7737754a33fc9,1
NVIDIA/TensorRT-LLM,issues_new,https://oss.open-digger.cn/github/NVIDIA/TensorRT-LLM/issues_new.json,200,,651,3e5e04a8cfcb5c7b99bc769c905f81053c4c5b13f197bd422dc76387557d9287,1
NVIDIA/TensorRT-LLM,contributors,https://oss.open-digger.cn/github/NVIDIA/TensorRT-LLM/contributors.json,200,,616,507ff2923d7b7a824ec4e2fe54101e624ab295a0ee7bd13741136494e8bcc0e7,1
NVIDIA/TensorRT-LLM,code_change_lines_sum,https://oss.open-digger.cn/github/NVIDIA/TensorRT-LLM/code_change_lines_sum.json,200,,815,bed02f944be16c15ec013ca1b1acf5816a3dee0169ecf5f1ec528ad77728db47,1
NVIDIA/TransformerEngine,issue_resolution_duration,https://oss.open-digger.cn/github/NVIDIA/TransformerEngine/issue_resolution_duration.json,200,,5727,6b8b876896f42aaefc95cdb3bfb5b4aac7687417b3f841cf6da2217fab5e8031,1
NVIDIA/TransformerEngine,issue_age,https://oss.open-digger.cn/github/NVIDIA/TransformerEngine/issue_age.json,200,,6226,2692d0843bb74ed415b5fc06f23030981713bfa4785158b9345108d6505bed0d,1
NVIDIA/TransformerEngine,issues_new,https://oss.open-digger.cn/github/NVIDIA/TransformerEngine/issues_new.json,200,,752,69ec0d916c62f9ef4302fe2d4ea619f68dd130f821e04fd6e81bbce90e82938e,1
NVIDIA/TransformerEngine,contributors,https://oss.open-digger.cn/github/NVIDIA/TransformerEngine/contributors.json,200,,825,8d0ba00eacf0cadc4e7d65ac2a9e71ab49652f531b1cdbf4014c743848ba0205,1
NVIDIA/TransformerEngine,code_change_lines_sum,https://oss.open-digger.cn/github/NVIDIA/TransformerEngine/code_change_lines_sum.json,200,,1026,f814b5eb4e7f86417c34feb5232e32882383a32b3fe7f44855ef1867c4180453,1
nwjs/nw.js,issue_resolution_duration,https://oss.open-digger.cn/github/nwjs/nw.js/issue_resolution_duration.json,200,,18720,2097e908e528a1d588a433f101a2f59c7514a56a23775e3deb9d2655e101c99a,1
nwjs/nw.js,issue_age,https://oss.open-digger.cn/github/nwjs/nw.js/issue_age.json,200,,21077,b39c4a6431b8bb57d20215452fff3b97ff2b128715599195af08c545ebb552de,1
nwjs/nw.js,issues_new,https://oss.open-digger.cn/github/nwjs/nw.js/issues_new.json,200,,2444,e4a15b31b5e178af9030f68b96a46e5a5f836ccb268bd6627ec22415150767bb,1
nwjs/nw.js,contributors,https://oss.open-digger.cn/github/nwjs/nw.js/contributors.json,200,,1111,0cf67535d93069c268d5a8ad6b3deba46d09b3d6b6743c0fc85d9252c77b5ddc,1
nwjs/nw.js,code_change_lines_sum,https://oss.open-digger.cn/github/nwjs/nw.js/code_change_lines_sum.json,200,,1912,5bc850cd17a97048ccb03aca2f0e1ccb3c47c8b2e83805f9435cde3ab0ee6cd8,1
OAI/OpenAPI-Specification,issue_resolution_duration,https://oss.open-digger.cn/github/OAI/OpenAPI-Specification/issue_resolution_duration.json,200,,19320,65fe9542abdff480b5e9182036b417cd24502aae3092d7a6048d8c0b5daeb237,1
OAI/OpenAPI-Specification,issue_age,https://oss.open-digger.cn/github/OAI/OpenAPI-Specification/issue_age.json,200,,20851,d45d613676d64bf1e9a80c0c002844109b49b2d20f863f5f7071ddf480cd702e,1
OAI/OpenAPI-Specification,issues_new,https://oss.open-digger.cn/github/OAI/OpenAPI-Specification/issues_new.json,200,,2434,34e5ef4030e96a8770ecbfd38301d6b4b7ea45e85e1c68f78712a1b5e0a36f23,1
OAI/OpenAPI-Specification,contributors,https://oss.open-digger.cn/github/OAI/OpenAPI-Specification/contributors.json,200,,2143,0a43dfc2f030229963a050477aa00a29e2a0884142a18d9ae546294ac40541f6,1
OAI/OpenAPI-Specification,code_change_lines_sum,https://oss.open-digger.cn/github/OAI/OpenAPI-Specification/code_change_lines_sum.json,200,,2810,19c4c230fe48a426593ab68980f7d4d1130a9de00dc80c2f021bfb80cd62886a,1
oceanbase/oceanbase,issue_resolution_duration,https://oss.open-digger.cn/github/oceanbase/oceanbase/issue_resolution_duration.json,200,,8183,b16f0d8f8b88442debab04a7b84afd601e8ecfcd7f14d3f543ec9e9d40838dce,1
oceanbase/oceanbase,issue_age,https://oss.open-digger.cn/github/oceanbase/oceanbase/issue_age.json,200,,8892,a9944279111ecbb31faa7de343d421997f946f97b4ef841d1c327f2c73cfb840,1
oceanbase/oceanbase,issues_new,https://oss.open-digger.cn/github/oceanbase/oceanbase/issues_new.json,200,,1089,c52182d0023f66af6ba745ab57681fe5489ad991997c3a07d6707dd58563b935,1
oceanbase/oceanbase,contributors,https://oss.open-digger.cn/github/oceanbase/oceanbase/contributors.json,200,,831,1fcddd2642a6ec0a4bb5d992ea31e5c69f43551aefac5fccee0cf575c417d993,1
oceanbase/oceanbase,code_change_lines_sum,https://oss.open-digger.cn/github/oceanbase/oceanbase/code_change_lines_sum.json,200,,1158,862525358b31ecf12735873112649cf2c0e294ba0e04b5d47543fdad0a037c99,1
ocornut/imgui,issue_resolution_duration,https://oss.open-digger.cn/github/ocornut/imgui/issue_resolution_duration.json,200,,18934,f9092dc083da6777524344acfcdfcf24cd2d03cc98a5bb214d089969f9c03566,1
ocornut/imgui,issue_age,https://oss.open-digger.cn/github/ocornut/imgui/issue_age.json,200,,20841,8a7389c3f312171b8a4520ab9849aed71ae766ddf268ee06564c7e1784d5e899,1
ocornut/imgui,issues_new,https://oss.open-digger.cn/github/ocornut/imgui/issues_new.json,200,,2528,2de6af18e7e2e57e34bdd7b7dc512b06c668a24c4f48662c83645dbb1ee78189,1
ocornut/imgui,contributors,https://oss.open-digger.cn/github/ocornut/imgui/contributors.json,200,,1996,80733920fe40a1068055a8f1fc8041951f915d571c62a224e01d7d45d02d6d90,1
ocornut/imgui,code_change_lines_sum,https://oss.open-digger.cn/github/ocornut/imgui/code_change_lines_sum.json,200,,2825,6fcfc9019d78169793a92589c3babcb046dd7b29e882571b58c3ed7dbbf190a4,1
octobercms/october,issue_resolution_duration,https://oss.open-digger.cn/github/octobercms/october/issue_resolution_duration.json,200,,18683,dc6bbeb4340e474df1610f145189c1373e1138130ae2cdd1e8d26fa13c5262e3,1
octobercms/october,issue_age,https://oss.open-digger.cn/github/octobercms/october/issue_age.json,200,,20849,e2f44303e66059a1605e0f48620c792abf1c5248f1840b00ccf9d3a5cf12ec66,1
octobercms/october,issues_new,https://oss.open-digger.cn/github/octobercms/october/issues_new.json,200,,2360,8556d9e852f8a6de77b11405c8c889d58d044bd617a70fa2eb0dae0c8ecb382a,1
octobercms/october,contributors,https://oss.open-digger.cn/github/octobercms/october/contributors.json,200,,1901,6c3dd0f7bc9c66cbe10c7b357c5d126ac75f9ef10a175f6b73aa5360ff02d7ff,1
octobercms/october,code_change_lines_sum,https://oss.open-digger.cn/github/octobercms/october/code_change_lines_sum.json,200,,2138,a6c24190ec04ff7a2ab4d0c1162f12d435a793b101681cf45ea13b90e208c25f,1
odoo/odoo,issue_resolution_duration,https://oss.open-digger.cn/github/odoo/odoo/issue_resolution_duration.json,200,,19663,b3667ca26cd2787419caa401e6ffbf7c45dabbc3a4aee198c6a3d6382afd72ca,1
odoo/odoo,issue_age,https://oss.open-digger.cn/github/odoo/odoo/issue_age.json,200,,21120,dff211675db4f7d8caa357cf9a7c0705b26725afc90d4b381901c5f89bc6fddc,1
odoo/odoo,issues_new,https://oss.open-digger.cn/github/odoo/odoo/issues_new.json,200,,2613,f3e1349f659a25082ed767ad2f34f58cbc6def6bba66c093f511f4634abc9be2,1
odoo/odoo,contributors,https://oss.open-digger.cn/github/odoo/odoo/contributors.json,200,,1830,0cec9474223b7dc68fd12548f8ff2a699ed2f2c9783d89c02cae44bfbf47206b,1
odoo/odoo,code_change_lines_sum,https://oss.open-digger.cn/github/odoo/odoo/code_change_lines_sum.json,200,,3268,f05cc49d562b73d1fd91db0b7c55f05aa650c0e2a346d50f445bce88b8741307,1
OldPanda/Open-the-F-king-URL-Right-Now,issue_resolution_duration,https://oss.open-digger.cn/github/OldPanda/Open-the-F-king-URL-Right-Now/issue_resolution_duration.json,200,,6201,e47ec430db79d12ab4a2ad53b65407a0fef346bc2c7aeee379f6534dcbd35777,1
OldPanda/Open-the-F-king-URL-Right-Now,issue_age,https://oss.open-digger.cn/github/OldPanda/Open-the-F-king-URL-Right-Now/issue_age.json,200,,8645,74b9a69bab7268efee3b1ca8f93b0536360dbff1e1a2606fd71086b6ecdc5d38,1
OldPanda/Open-the-F-king-URL-Right-Now,issues_new,https://oss.open-digger.cn/github/OldPanda/Open-the-F-king-URL-Right-Now/issues_new.json,200,,783,7738a5b0126d1dc74b2ff8a73d45584cfac2b186f42701f29f5470ab90367252,1
OldPanda/Open-the-F-king-URL-Right-Now,contributors,https://oss.open-digger.cn/github/OldPanda/Open-the-F-king-URL-Right-Now/contributors.json,200,,661,00abd40019245209e8a195b6714233914cf985293974fcc6f1554102b788c87a,1
OldPanda/Open-the-F-king-URL-Right-Now,code_change_lines_sum,https://oss.open-digger.cn/github/OldPanda/Open-the-F-king-URL-Right-Now/code_change_lines_sum.json,200,,813,d9ff0518d74e37aaa194293ae520c6c179cd45194e2f7953d63d612a8c6a87fe,1
ollama/ollama,issue_resolution_duration,https://oss.open-digger.cn/github/ollama/ollama/issue_resolution_duration.json,200,,5039,6c30cf43ade2194fd557b09b92f395a676263e2226e52457cd8adf5fb4845d8f,1
ollama/ollama,issue_age,https://oss.open-digger.cn/github/ollama/ollama/issue_age.json,200,,4955,8ce2b217c0785c5048a4b35330b2319ec516c44f135dec58a840ded404c868c3,1
ollama/ollama,issues_new,https://oss.open-digger.cn/github/ollama/ollama/issues_new.json,200,,761,1bf14b6a28e60e0dd0fa282d38bcd3f9ce38e1feee6309d68e0d759c3054e95a,1
ollama/ollama,contributors,https://oss.open-digger.cn/github/ollama/ollama/contributors.json,200,,700,810763a25898f6ab3ba71b09a974bef143127e73a3d34ce78a47c32fb2fbb17d,1
ollama/ollama,code_change_lines_sum,https://oss.open-digger.cn/github/ollama/ollama/code_change_lines_sum.json,200,,903,a9dcbd75a2601497191e542ab7a61c376791882bdbc18081b17392e70b34f8b3,1
onevcat/Kingfisher,issue_resolution_duration,https://oss.open-digger.cn/github/onevcat/Kingfisher/issue_resolution_duration.json,200,,17727,513772670e8d2bed4c0b7ad1bfbaa38c24300a25bae414ca2e96f19fd175fa07,1
onevcat/Kingfisher,issue_age,https://oss.open-digger.cn/github/onevcat/Kingfisher/issue_age.json,200,,19792,b1e4ffe274b6e1c01e6d10f4bb25f8ae26bcbb6cf208330b26b2c48c0bc14a14,1
onevcat/Kingfisher,issues_new,https://oss.open-digger.cn/github/onevcat/Kingfisher/issues_new.json,200,,2334,b1885776411640929386030d2cbd1b2f03613ed2085e1b211b371bfa03a3a322,1
onevcat/Kingfisher,contributors,https://oss.open-digger.cn/github/onevcat/Kingfisher/contributors.json,200,,2105,c4026baeba94f53e03601c37f37a31767b5b77fdef11e0ed875fda83713b6b32,1
onevcat/Kingfisher,code_change_lines_sum,https://oss.open-digger.cn/github/onevcat/Kingfisher/code_change_lines_sum.json,200,,2571,a45da9aefb57f00b52250ebe7f4c2b32af657fcce83ab64810848a39f49aec07,1
onflow/flow,issue_resolution_duration,https://oss.open-digger.cn/github/onflow/flow/issue_resolution_duration.json,200,,5169,82e8267dc72443bef83165266748995bc7deac4838db6da6097be4c40658728d,1
onflow/flow,issue_age,https://oss.open-digger.cn/github/onflow/flow/issue_age.json,200,,10774,be635747b87d389140ef9effe52eec50ecff9e96735f39c5030e01aa5c1d5975,1
onflow/flow,issues_new,https://oss.open-digger.cn/github/onflow/flow/issues_new.json,200,,841,a1b92f58a795c9e1d6b287266ecdb081322bbec41b2b46e47cbda41f8ef0de7d,1
onflow/flow,contributors,https://oss.open-digger.cn/github/onflow/flow/contributors.json,200,,1175,4fe148f183c91111979573ebb1f06d07421b4a6a06ca996b4d95835d543424b9,1
onflow/flow,code_change_lines_sum,https://oss.open-digger.cn/github/onflow/flow/code_change_lines_sum.json,200,,1404,f5f195f0759e3d589681b63138004e9043e7ce19b388b849f4905b28f372ef58,1
OnsenUI/OnsenUI,issue_resolution_duration,https://oss.open-digger.cn/github/OnsenUI/OnsenUI/issue_resolution_duration.json,200,,16043,9ab60fe450a5e27d71ad79b38a4670aa5f534f9fc29924eaa2d376f485ca6bd9,1
OnsenUI/OnsenUI,issue_age,https://oss.open-digger.cn/github/OnsenUI/OnsenUI/issue_age.json,200,,20685,b4eb2320b017d0a475337f0245505bd2d9b9c47224a36fcac1b958389f322c7c,1
OnsenUI/OnsenUI,issues_new,https://oss.open-digger.cn/github/OnsenUI/OnsenUI/issues_new.json,200,,1942,33ac449ee3cb3dd0455b9b3669f520c3d16b81d035e288c9682ff8b27d28e8ed,1
OnsenUI/OnsenUI,contributors,https://oss.open-digger.cn/github/OnsenUI/OnsenUI/contributors.json,200,,1477,764b47a7c047f17cbaf4a076412687ab48ada30906e708016310278192cb9afb,1
OnsenUI/OnsenUI,code_change_lines_sum,https://oss.open-digger.cn/github/OnsenUI/OnsenUI/code_change_lines_sum.json,200,,2055,bb9375ef45b56a47441278b81bcda902338d2a835ef7d27b5a6debeeb9513ef3,1
opal/opal,issue_resolution_duration,https://oss.open-digger.cn/github/opal/opal/issue_resolution_duration.json,200,,15381,dd0a043c61c63d6cddbcea4c353512210e27f2c5b9c773485a2a05f2b9aec9fc,1
opal/opal,issue_age,https://oss.open-digger.cn/github/opal/opal/issue_age.json,200,,20614,fcabf79cf860a64593ea233150304d6741ce91d28f4032d6992e6be93af29e35,1
opal/opal,issues_new,https://oss.open-digger.cn/github/opal/opal/issues_new.json,200,,1964,e3e17ee1af90eafc6f112c6c4d67cdbcb2d0085c8a451f1795ec9868c113c227,1
opal/opal,contributors,https://oss.open-digger.cn/github/opal/opal/contributors.json,200,,2118,76f69d0bfc45d54ef4e410fe4feb1d91c19e88cfafa0e5fb748a77f2ef1ab226,1
opal/opal,code_change_lines_sum,https://oss.open-digger.cn/github/opal/opal/code_change_lines_sum.json,200,,2596,57273cca3e89dd969fc0565f20ad2d9c9f6f3dbeb5dc8dfc56f8eed50ef08971,1
Open-CAS/ocf,issue_resolution_duration,https://oss.open-digger.cn/github/Open-CAS/ocf/issue_resolution_duration.json,200,,6105,812643a8513a94e2a8a83b1a7cc6d2da35491e87efe13af731a9d8be1c613358,1
Open-CAS/ocf,issue_age,https://oss.open-digger.cn/github/Open-CAS/ocf/issue_age.json,200,,12826,2846186213869f79f62eaa4bc445e243b994f9edf82e664edb2092c9621da635,1
Open-CAS/ocf,issues_new,https://oss.open-digger.cn/github/Open-CAS/ocf/issues_new.json,200,,809,1b790596caa0411e378e2534c6a92635d0c7ebcbc36b5fef484afd737c349ed8,1
Open-CAS/ocf,contributors,https://oss.open-digger.cn/github/Open-CAS/ocf/contributors.json,200,,1181,0ef261e4f88631e15ce8c65514643c97471a7c9d5c2145b19627b00669f32991,1
Open-CAS/ocf,code_change_lines_sum,https://oss.open-digger.cn/github/Open-CAS/ocf/code_change_lines_sum.json,200,,1421,8658a66201d5b10dedaa5412428c540582277c437570fc26f73580da9d2f8ac7,1
openai/chatgpt-retrieval-plugin,issue_resolution_duration,https://oss.open-digger.cn/github/openai/chatgpt-retrieval-plugin/issue_resolution_duration.json,200,,2472,3065987cb70de9e4612804a506d44b85126d4815eda9b5e760acfaf93c24b9eb,1
openai/chatgpt-retrieval-plugin,issue_age,https://oss.open-digger.cn/github/openai/chatgpt-retrieval-plugin/issue_age.json,200,,5525,1eadb8ce8e9e35345e1972a5ecd5a36044bdaf535c3327f89d3579a77c7f817b,1
openai/chatgpt-retrieval-plugin,issues_new,https://oss.open-digger.cn/github/openai/chatgpt-retrieval-plugin/issues_new.json,200,,508,00fdc5132f9eb97680351183abeec6893b575347c83fc59b36dbcfd3e5d70447,1
openai/chatgpt-retrieval-plugin,contributors,https://oss.open-digger.cn/github/openai/chatgpt-retrieval-plugin/contributors.json,200,,198,858d6cc569d2f43f5aa73816fc025aa3a9c68bcd031a11d3e4f834eb41cf99ff,1
openai/chatgpt-retrieval-plugin,code_change_lines_sum,https://oss.open-digger.cn/github/openai/chatgpt-retrieval-plugin/code_change_lines_sum.json,200,,467,7f0b49b0cc866312bedcef4da1411e81e11fbc7f07d296e8dac5d66f374c1a9a,1
openai/evals,issue_resolution_duration,https://oss.open-digger.cn/github/openai/evals/issue_resolution_duration.json,200,,2713,d6cf315e4c45a45865857c418e307ce328b6fa73d7e1227a68148cc07d282306,1
openai/evals,issue_age,https://oss.open-digger.cn/github/openai/evals/issue_age.json,200,,5563,60dea325efa77c40c248c935d70aee24ca37e337b24b181dd8c019848bf94591,1
openai/evals,issues_new,https://oss.open-digger.cn/github/openai/evals/issues_new.json,200,,460,69be1b59edc08bfead62c8d424d9b8c1d58e85a535eb863414ca3f9ce8eed604,1
openai/evals,contributors,https://oss.open-digger.cn/github/openai/evals/contributors.json,200,,360,4dede703ef6047bdb00ffb2c69b46cdca5186dfdefe9c1433de4593b5b9cfc24,1
openai/evals,code_change_lines_sum,https://oss.open-digger.cn/github/openai/evals/code_change_lines_sum.json,200,,667,4335c1d7a7b067d7f4dcc9d1d5c511038ee244301f98486982f2da4f6ea1edf9,1
openbao/openbao,issue_resolution_duration,https://oss.open-digger.cn/github/openbao/openbao/issue_resolution_duration.json,200,,4224,5100cbe18166cfd268d19131849b3bff5b9da890fbaa79543e1617739613a37f,1
openbao/openbao,issue_age,https://oss.open-digger.cn/github/openbao/openbao/issue_age.json,200,,4309,5a901cdf5a694293eff2a06e43c15f2b5609b32a72d70ed19b7e0a425931ce58,1
openbao/openbao,issues_new,https://oss.open-digger.cn/github/openbao/openbao/issues_new.json,200,,564,8b1d064f9c92b1389afa72d5ae5f5cb6146732d6bb82f3befe90868754a49c11,1
openbao/openbao,contributors,https://oss.open-digger.cn/github/openbao/openbao/contributors.json,200,,421,6deb7cce0131650d3f96e66d4fb223f6cd11b6a7bbbf879e0a465ccff341aa14,1
openbao/openbao,code_change_lines_sum,https://oss.open-digger.cn/github/openbao/openbao/code_change_lines_sum.json,200,,551,f39df41e9fdd243124197f6a74aeb9735cb04c225c8d75919b818bcbe68a8a15,1
opencart/opencart,issue_resolution_duration,https://oss.open-digger.cn/github/opencart/opencart/issue_resolution_duration.json,200,,18280,6d2e064ae88d2079706d3303f77207ecd4af5be7ad111f5f57d607f50d7df2ea,1
opencart/opencart,issue_age,https://oss.open-digger.cn/github/opencart/opencart/issue_age.json,200,,20505,05a306f06b88fb5b05e0eec17b9a624e777a23f8194495ee7d76054412061b84,1
opencart/opencart,issues_new,https://oss.open-digger.cn/github/opencart/opencart/issues_new.json,200,,2502,43468432a014650022c25c53b1fefe1a92758834dfdc48ffc40a2bbe3c722235,1
opencart/opencart,contributors,https://oss.open-digger.cn/github/opencart/opencart/contributors.json,200,,2098,46cb8a382004946409a35f4e4d801a7739449fcd84a9a40fdc57a6117fedd858,1
opencart/opencart,code_change_lines_sum,https://oss.open-digger.cn/github/opencart/opencart/code_change_lines_sum.json,200,,2948,49eba22621139bd1a6de4385e115fc3f411dcc224278a8220a98039a71cb1872,1
opencast/opencast,issue_resolution_duration,https://oss.open-digger.cn/github/opencast/opencast/issue_resolution_duration.json,200,,10704,5f2ad4a72713612c5e0ac477bf802229385113d095430c49eb6d60525e3f54b8,1
opencast/opencast,issue_age,https://oss.open-digger.cn/github/opencast/opencast/issue_age.json,200,,12026,98230ff28fd0e6b04646527e7e97f8816a3c937d62150a41b3f01693c8435144,1
opencast/opencast,issues_new,https://oss.open-digger.cn/github/opencast/opencast/issues_new.json,200,,1390,456212a68846be16afdeea5c8b8c9a0a0bb581039390b58f85923b9c4a02fabc,1
opencast/opencast,contributors,https://oss.open-digger.cn/github/opencast/opencast/contributors.json,200,,1661,d16a8ec901b5dca30d5244ca93dd7d5d1010fe0dbc438265626e6291d2269850,1
opencast/opencast,code_change_lines_sum,https://oss.open-digger.cn/github/opencast/opencast/code_change_lines_sum.json,200,,2064,0c45af3f809712147cd42c4b8cf5c787c914b2b671b9b36a7814a58d1d89b038,1
opencontainers/runc,issue_resolution_duration,https://oss.open-digger.cn/github/opencontainers/runc/issue_resolution_duration.json,200,,17650,7c921a326634de2d2904018fad71f1b353d76a82a4a60a3455da5c7a9934befe,1
opencontainers/runc,issue_age,https://oss.open-digger.cn/github/opencontainers/runc/issue_age.json,200,,20043,37b8f1f2da17226006627c97d6452cdb2ca64d44b42b163780aecb0266c62077,1
opencontainers/runc,issues_new,https://oss.open-digger.cn/github/opencontainers/runc/issues_new.json,200,,2290,d4804356545b972d93d274f0a648bf2966b64237cf6f4a80056be946fd24c6f8,1
opencontainers/runc,contributors,https://oss.open-digger.cn/github/opencontainers/runc/contributors.json,200,,2291,33570f54e77660bafb6c5d942423e29cc449c14c2c048d89a15c4c121a2aa7c9,1
opencontainers/runc,code_change_lines_sum,https://oss.open-digger.cn/github/opencontainers/runc/code_change_lines_sum.json,200,,2851,6de63f63bf117687a514620b0690cf74e639a43ca802622c3cebbf42f426cd3e,1
opendcim/openDCIM,issue_resolution_duration,https://oss.open-digger.cn/github/opendcim/openDCIM/issue_resolution_duration.json,200,,15954,cbad1db2356f7a84360de06de927499bc6e92a1d8312915265b065b0e39fe5ae,1
opendcim/openDCIM,issue_age,https://oss.open-digger.cn/github/opendcim/openDCIM/issue_age.json,200,,20524,4bc7e5096ee9c8ffa90fb3bff29f2a7eb83fbe4711eb98eeaca8376c399b151d,1
opendcim/openDCIM,issues_new,https://oss.open-digger.cn/github/opendcim/openDCIM/issues_new.json,200,,2036,cd699526c4c36b0c0073f97d07b4a0954aaa5d26c357f7382d973351ba7b8582,1
opendcim/openDCIM,contributors,https://oss.open-digger.cn/github/opendcim/openDCIM/contributors.json,200,,1038,cb3232a85f286a94391da5623f1025cce1bf30aef7e424b00bbec33ab5ec6251,1
opendcim/openDCIM,code_change_lines_sum,https://oss.open-digger.cn/github/opendcim/openDCIM/code_change_lines_sum.json,200,,1607,426b9680267f9a39c049d52ed152b56eea8bc6b881b1c16b2b648e67a001eb2b,1
openframeworks/openFrameworks,issue_resolution_duration,https://oss.open-digger.cn/github/openframeworks/openFrameworks/issue_resolution_duration.json,200,,18441,6fa9d42a784da0503fe64c5f56e66ce1112873beb0e799594f8b26870b09dc01,1
openframeworks/openFrameworks,issue_age,https://oss.open-digger.cn/github/openframeworks/openFrameworks/issue_age.json,200,,20943,a11e7139b1ac3bf3b94edff636b479dbe0170c2803c8fdc0426f7c0c18cccac1,1
openframeworks/openFrameworks,issues_new,https://oss.open-digger.cn/github/openframeworks/openFrameworks/issues_new.json,200,,2379,a416b57ba9c2291b5a417505c72bc399de8fd0a22bad55177744d1a3cac6278c,1
openframeworks/openFrameworks,contributors,https://oss.open-digger.cn/github/openframeworks/openFrameworks/contributors.json,200,,2180,d8634bdf27be9ccbf76283fb647b8e7e85b06741c2f61aa55c6c46624d1e7dee,1
openframeworks/openFrameworks,code_change_lines_sum,https://oss.open-digger.cn/github/openframeworks/openFrameworks/code_change_lines_sum.json,200,,2723,3dd07629dd0bc004359803ca7661ee5815be586123c14a9207a85fd9f34d5698,1
opengoofy/hippo4j,issue_resolution_duration,https://oss.open-digger.cn/github/opengoofy/hippo4j/issue_resolution_duration.json,200,,5500,0e92dcc5b56b4b81012610d77a926cd3919115f3b5c2cb587bf7dc66226c8c1e,1
opengoofy/hippo4j,issue_age,https://oss.open-digger.cn/github/opengoofy/hippo4j/issue_age.json,200,,8478,ba992595c45ccd09e39a8bd77c510455179869cd325c111a6bb16a1e74aa1e2d,1
opengoofy/hippo4j,issues_new,https://oss.open-digger.cn/github/opengoofy/hippo4j/issues_new.json,200,,808,693b9b42dcd5e72777fefaa345727f6d7d219e56e433df2ae3424313413566aa,1
opengoofy/hippo4j,contributors,https://oss.open-digger.cn/github/opengoofy/hippo4j/contributors.json,200,,605,d3e6ed0bebfb753e6d93f59f2e8b386d6ef43b19d2abb6733a9efaf26c0aa638,1
opengoofy/hippo4j,code_change_lines_sum,https://oss.open-digger.cn/github/opengoofy/hippo4j/code_change_lines_sum.json,200,,831,6b05d01640a1ee611433fd51d0cad2755d57ad9195cdb892c477f6db07f2b234,1
openjdk/jdk,issue_resolution_duration,https://oss.open-digger.cn/github/openjdk/jdk/issue_resolution_duration.json,404,,0,,1
openjdk/jdk,issue_age,https://oss.open-digger.cn/github/openjdk/jdk/issue_age.json,404,,0,,1
openjdk/jdk,issues_new,https://oss.open-digger.cn/github/openjdk/jdk/issues_new.json,404,,0,,1
openjdk/jdk,contributors,https://oss.open-digger.cn/github/openjdk/jdk/contributors.json,200,,320,8c25db4831ce0c34feb9e12bf398a2c1f0313ccc93bed1f76d06008f8b4f382e,1
openjdk/jdk,code_change_lines_sum,https://oss.open-digger.cn/github/openjdk/jdk/code_change_lines_sum.json,200,,1762,600f10b62205ba56f46d917b69c304d415bf624db5f35e0d7dd473f2fa45c96e,1
OpenRA/OpenRA,issue_resolution_duration,https://oss.open-digger.cn/github/OpenRA/OpenRA/issue_resolution_duration.json,200,,19430,c7fe5556bf3cb388091e743a00ec86180ecc4aafd40f9b76ce872c05efc44812,1
OpenRA/OpenRA,issue_age,https://oss.open-digger.cn/github/OpenRA/OpenRA/issue_age.json,200,,21118,36716923b8e2293ba6d1e8895687dae86b431a23b8e9f877b271edf851c19068,1
OpenRA/OpenRA,issues_new,https://oss.open-digger.cn/github/OpenRA/OpenRA/issues_new.json,200,,2490,5ca1b87e7999992b443a197867d5eb7dfe45d39beaa4699f358cf645a856c2bd,1
OpenRA/OpenRA,contributors,https://oss.open-digger.cn/github/OpenRA/OpenRA/contributors.json,200,,2434,eadba2b8257e8e82b0d47dba8fe067027fd79eda87724d0a32803dda1047767c,1
OpenRA/OpenRA,code_change_lines_sum,https://oss.open-digger.cn/github/OpenRA/OpenRA/code_change_lines_sum.json,200,,2984,982c8f6a0434b15e98f7af701588a6e39de2a99ffdd507378ad67c61370164b5,1
OpenRefine/OpenRefine,issue_resolution_duration,https://oss.open-digger.cn/github/OpenRefine/OpenRefine/issue_resolution_duration.json,200,,19321,d22da2f8d63b210bb9db595d6beae53ef0d608fa6e4e699f0c590d83db2b8fae,1
OpenRefine/OpenRefine,issue_age,https://oss.open-digger.cn/github/OpenRefine/OpenRefine/issue_age.json,200,,20704,96a02ebb4d73dde194556fdbff240ce923fddecaf52cdfd940df8f78813417cd,1
OpenRefine/OpenRefine,issues_new,https://oss.open-digger.cn/github/OpenRefine/OpenRefine/issues_new.json,200,,2445,db584e1901111d8d3ef69a69576b5363d6f03800e101eb364b7528130a422a30,1
OpenRefine/OpenRefine,contributors,https://oss.open-digger.cn/github/OpenRefine/OpenRefine/contributors.json,200,,2179,fc3ef1c94e177f9102cd1af4f4f20ffe2feb3e175e2ed6eb03867485818bc3f5,1
OpenRefine/OpenRefine,code_change_lines_sum,https://oss.open-digger.cn/github/OpenRefine/OpenRefine/code_change_lines_sum.json,200,,2703,ec541f74dd494ccf6a40a667d833468ed24cbd053cc3daeb6ee8d9f68e58bb93,1
openresty/lua-nginx-module,issue_resolution_duration,https://oss.open-digger.cn/github/openresty/lua-nginx-module/issue_resolution_duration.json,200,,16467,7137252390f9fbb563002e253d11a3342e161971a9964e20fc95e1b50f35c45d,1
openresty/lua-nginx-module,issue_age,https://oss.open-digger.cn/github/openresty/lua-nginx-module/issue_age.json,200,,20591,4aef7499ca39a47ac0d33a5567f77dda7c724bdbb26b1e1bf7601c191926754a,1
openresty/lua-nginx-module,issues_new,https://oss.open-digger.cn/github/openresty/lua-nginx-module/issues_new.json,200,,2280,d28dd9eef601fe95acacff793601a932206a2bc7098945fd4994e459aabfc7a1,1
openresty/lua-nginx-module,contributors,https://oss.open-digger.cn/github/openresty/lua-nginx-module/contributors.json,200,,1585,f95942c4dfc9c87c11c36ecc7c8697c1873e1ac7f1d57a90f127f0357c70a52c,1
openresty/lua-nginx-module,code_change_lines_sum,https://oss.open-digger.cn/github/openresty/lua-nginx-module/code_change_lines_sum.json,200,,2653,f32b7525e82d28f8dc493458a578ad7c8a6bcdf269ddb88431669f3bae510759,1
opensearch-project/OpenSearch,issue_resolution_duration,https://oss.open-digger.cn/github/opensearch-project/OpenSearch/issue_resolution_duration.json,200,,9114,af338a9a075437a3d7f720a0ad275063e21ddb05ac50acc886e2adac5312be7c,1
opensearch-project/OpenSearch,issue_age,https://oss.open-digger.cn/github/opensearch-project/OpenSearch/issue_age.json,200,,9191,4d8626fc23da9c9f244aa5821840937f8f06efa8a348a3a4c27e1990416ce329,1
opensearch-project/OpenSearch,issues_new,https://oss.open-digger.cn/github/opensearch-project/OpenSearch/issues_new.json,200,,1244,294ad4f5304d6008068554e1ca6541aa48fa8e46c3316026cd068e291a0668a6,1
opensearch-project/OpenSearch,contributors,https://oss.open-digger.cn/github/opensearch-project/OpenSearch/contributors.json,200,,1174,f20ead319a2f3af85a0c72304be8030257d0726d9014e6cf4262a1757c04e0ee,1
opensearch-project/OpenSearch,code_change_lines_sum,https://oss.open-digger.cn/github/opensearch-project/OpenSearch/code_change_lines_sum.json,200,,1522,270e72750b8d3ead967f556aac6ef4245b1142f08a1c7b5d3ffe8fc9e4d42908,1
opensource-f2f/episode,issue_resolution_duration,https://oss.open-digger.cn/github/opensource-f2f/episode/issue_resolution_duration.json,200,,4161,d2a7a49fb8a77fd9e993f5612f4030133be6fd0dbf13f935f5254eac8fff8858,1
opensource-f2f/episode,issue_age,https://oss.open-digger.cn/github/opensource-f2f/episode/issue_age.json,200,,8088,6be5e34fbc0da45a85763cf24e4ebbc2e85a7e74db599f1b53ac950339590081,1
opensource-f2f/episode,issues_new,https://oss.open-digger.cn/github/opensource-f2f/episode/issues_new.json,200,,534,c946a9991eb01b139491d1a716410b0e6296f0abba88c9dcc9ffbe8c01f9cf9b,1
opensource-f2f/episode,contributors,https://oss.open-digger.cn/github/opensource-f2f/episode/contributors.json,200,,669,67e0e457dfbc0ce0636560a1ae7948462d975d2184847a24cf34084278611445,1
opensource-f2f/episode,code_change_lines_sum,https://oss.open-digger.cn/github/opensource-f2f/episode/code_change_lines_sum.json,200,,670,ebab1eda2fb8ce813d6f635bb56530be83a2a6dbd97381469759e4469147d81b,1
openssl/openssl,issue_resolution_duration,https://oss.open-digger.cn/github/openssl/openssl/issue_resolution_duration.json,200,,19767,718522faea36cf89cfdf76860e424bed298a31cff0e212a2773cc4d541537805,1
openssl/openssl,issue_age,https://oss.open-digger.cn/github/openssl/openssl/issue_age.json,200,,20972,9cfac97fb2ac663f28ad42077d14865ad5a32b3d3bcb5b4ef0cf01d66f253ac7,1
openssl/openssl,issues_new,https://oss.open-digger.cn/github/openssl/openssl/issues_new.json,200,,2575,dbb12cdb9c3fbb9afa87fb5f40d3e00021a3bdf69e0cfe30012552da19833457,1
openssl/openssl,contributors,https://oss.open-digger.cn/github/openssl/openssl/contributors.json,200,,930,fb5f698472c5d6c4382bfe94c5d35b327b8a49d53ee51b89e6eb76858843140d,1
openssl/openssl,code_change_lines_sum,https://oss.open-digger.cn/github/openssl/openssl/code_change_lines_sum.json,200,,3118,25bda444e5995736aa600fa5e01cd5f19690bfaa2c9c92796e16e819ae80589e,1
openstreetmap/iD,issue_resolution_duration,https://oss.open-digger.cn/github/openstreetmap/iD/issue_resolution_duration.json,200,,19275,82d94987f14ca0df40a4ae011dcf3ee762df3ee2dd5a81b8c1583febc31e7770,1
openstreetmap/iD,issue_age,https://oss.open-digger.cn/github/openstreetmap/iD/issue_age.json,200,,20831,7742fcc6b678c03bddbc662494b0eabffa9bddbb3a9d4a61ff01315819c6c444,1
openstreetmap/iD,issues_new,https://oss.open-digger.cn/github/openstreetmap/iD/issues_new.json,200,,2505,a26eb502d835d186b5e80e589b9063f21519383d1ba8b370bdea4aef560d70ae,1
openstreetmap/iD,contributors,https://oss.open-digger.cn/github/openstreetmap/iD/contributors.json,200,,2079,7f68775f4d441815ee2f1afc13f08cfbd738fe0e2afad4f6f8149e07ff518da4,1
openstreetmap/iD,code_change_lines_sum,https://oss.open-digger.cn/github/openstreetmap/iD/code_change_lines_sum.json,200,,2696,9e238ba79cbec48a2c59c07d5a5686c0f5b07be9055e2568ac8f259d61223b9e,1
opensumi/core,issue_resolution_duration,https://oss.open-digger.cn/github/opensumi/core/issue_resolution_duration.json,200,,6833,733174f84f0c9a94f26750c8ab9fda01cb03627714c59209667075d63498fb09,1
opensumi/core,issue_age,https://oss.open-digger.cn/github/opensumi/core/issue_age.json,200,,8041,b797af335fa3a3eb0a1e3d4d29da463d28593a1021e562dbae307a1e540f6670,1
opensumi/core,issues_new,https://oss.open-digger.cn/github/opensumi/core/issues_new.json,200,,978,2a896f7004f4a14613d9a645fe218c289cfa25b75088056c21ca8444e729bc2c,1
opensumi/core,contributors,https://oss.open-digger.cn/github/opensumi/core/contributors.json,200,,994,56890319e560bb2b7689ce4d13db6f273b7226a19668244eb68976b5e98b6f39,1
opensumi/core,code_change_lines_sum,https://oss.open-digger.cn/github/opensumi/core/code_change_lines_sum.json,200,,1286,51d4012d546f1af5c0ec394f3824f0b7330c78aec542f95980665d8f39bbc6f5,1
openSUSE/open-build-service,issue_resolution_duration,https://oss.open-digger.cn/github/openSUSE/open-build-service/issue_resolution_duration.json,200,,19400,02290311a9ed50736be93fe681f2d8cdc49231c4781991ed3c168a5b60750d9f,1
openSUSE/open-build-service,issue_age,https://oss.open-digger.cn/github/openSUSE/open-build-service/issue_age.json,200,,20923,c3b85914b9f95548b79f2be2bfae1596c0ca7a84fd39a77ff3be62e791d2a819,1
openSUSE/open-build-service,issues_new,https://oss.open-digger.cn/github/openSUSE/open-build-service/issues_new.json,200,,2460,e89dafcffe7f0d821dcd1f5e2919c63d173143a7cc912c6da6df11c000bfbe43,1
openSUSE/open-build-service,contributors,https://oss.open-digger.cn/github/openSUSE/open-build-service/contributors.json,200,,2317,4a6c4c1c6a167be517ac516c0b317d406c6dc213896bb5f5f00df51435ccc4ca,1
openSUSE/open-build-service,code_change_lines_sum,https://oss.open-digger.cn/github/openSUSE/open-build-service/code_change_lines_sum.json,200,,2833,f4d4d61b5a78c03cc7326e56896619c64fcb83d9738272d1a4eab94d5b361db9,1
OpenTenBase/OpenTenBase,issue_resolution_duration,https://oss.open-digger.cn/github/OpenTenBase/OpenTenBase/issue_resolution_duration.json,200,,1025,e20049d2218959226b3fe191e3f4dfa7281f640faec8ce3896c1d658dca02863,1
OpenTenBase/OpenTenBase,issue_age,https://oss.open-digger.cn/github/OpenTenBase/OpenTenBase/issue_age.json,200,,4141,7b3aa6267af68f0071a46f94fc6f3336bcc363b80be295b51fcddf48719f41ac,1
OpenTenBase/OpenTenBase,issues_new,https://oss.open-digger.cn/github/OpenTenBase/OpenTenBase/issues_new.json,200,,297,e719c7f4bb320b83bbcf23306754a3f85efc39bc4227e9c5853c7771c3fb430b,1
OpenTenBase/OpenTenBase,contributors,https://oss.open-digger.cn/github/OpenTenBase/OpenTenBase/contributors.json,200,,171,c31cfb6dfd937a036b259e2bad8cf80cffe49fd34d5f11a3c9bc20dcc6c87d66,1
OpenTenBase/OpenTenBase,code_change_lines_sum,https://oss.open-digger.cn/github/OpenTenBase/OpenTenBase/code_change_lines_sum.json,200,,454,eaed3566f29ff20c4d16d22a4a48b7b482113aab575e9bf20d25f7f9e716db6b,1
opentiny/tiny-vue,issue_resolution_duration,https://oss.open-digger.cn/github/opentiny/tiny-vue/issue_resolution_duration.json,200,,5720,85a7e9ad78473d5a991f34014c98dd28e1f1a4f81f4f94314a7ccff6d8f3f9c4,1
opentiny/tiny-vue,issue_age,https://oss.open-digger.cn/github/opentiny/tiny-vue/issue_age.json,200,,5994,94f26504cc44fe42cc00bc5232c82406acb50494fcf2f24354f19e30cbb4b8e5,1
opentiny/tiny-vue,issues_new,https://oss.open-digger.cn/github/opentiny/tiny-vue/issues_new.json,200,,716,47079f5285c6abff21b035cfe5471c5254cbc0b552fdbfc79da2720eeabcd71a,1
opentiny/tiny-vue,contributors,https://oss.open-digger.cn/github/opentiny/tiny-vue/contributors.json,200,,781,4c3499af461f05c050c37588a4606249db7b96094acc9747e993100e4f29dfc4,1
opentiny/tiny-vue,code_change_lines_sum,https://oss.open-digger.cn/github/opentiny/tiny-vue/code_change_lines_sum.json,200,,931,9b628dac9231ff3a7b21b9481d52c2d22cf017eadba44c7a2eae4400b2a1c74b,1
openucx/ucx,issue_resolution_duration,https://oss.open-digger.cn/github/openucx/ucx/issue_resolution_duration.json,200,,18327,d88051d865dfebcabd0f382cb8483eda6a214456c3d9c686c26f9154f75a1f0c,1
openucx/ucx,issue_age,https://oss.open-digger.cn/github/openucx/ucx/issue_age.json,200,,19848,c41ad8478b603a2afeee27dd79bc6de915183739899dc3f67cc029308a5ed37a,1
openucx/ucx,issues_new,https://oss.open-digger.cn/github/openucx/ucx/issues_new.json,200,,2296,e27300bd0d9870066a8401607adec63b4de66a0660cf17642f7f104d1c89559d,1
openucx/ucx,contributors,https://oss.open-digger.cn/github/openucx/ucx/contributors.json,200,,2196,2da37a2fad21404f427716f61a7b1cd31262f22e091f202f2d8094853d68c7fb,1
openucx/ucx,code_change_lines_sum,https://oss.open-digger.cn/github/openucx/ucx/code_change_lines_sum.json,200,,2656,f29c2729d8930784c8bc0912ea488b8e3ffa806c8476164fb48ba8c5f2e55d10,1
openwrt/openwrt,issue_resolution_duration,https://oss.open-digger.cn/github/openwrt/openwrt/issue_resolution_duration.json,200,,16949,92a1355c3e1f9b6b40bdfd87e84fa448f37d9557d86e854f9aad9c64bb456449,1
openwrt/openwrt,issue_age,https://oss.open-digger.cn/github/openwrt/openwrt/issue_age.json,200,,18218,767e122b68e062518c12858b7b2e8513fdf60e35c3072d5f4cfee15c4cf3e893,1
openwrt/openwrt,issues_new,https://oss.open-digger.cn/github/openwrt/openwrt/issues_new.json,200,,2125,cbc11769551e22ed3ba3ca74c7421984256676bca49411ddc26ef3c8bc724c51,1
openwrt/openwrt,contributors,https://oss.open-digger.cn/github/openwrt/openwrt/contributors.json,200,,1454,77e96a8ebb989e9754a2b5df09c488236956c5cd888d0e708651b30d7297fe2d,1
openwrt/openwrt,code_change_lines_sum,https://oss.open-digger.cn/github/openwrt/openwrt/code_change_lines_sum.json,200,,2932,9b2773b1759ab8991344bd86ba396795cb7e3b2af7b0a768ed51f7d50887976e,1
openzipkin/zipkin,issue_resolution_duration,https://oss.open-digger.cn/github/openzipkin/zipkin/issue_resolution_duration.json,200,,15650,f6a04e03165a126339463970cdebbc993e909cb91180ca6242e7f21ca0bd4ac5,1
openzipkin/zipkin,issue_age,https://oss.open-digger.cn/github/openzipkin/zipkin/issue_age.json,200,,20637,30eb225f82a7f0f1ac3bde0c7383d7b3a2efa28143f29144d3cae1fc9d8ebc3c,1
openzipkin/zipkin,issues_new,https://oss.open-digger.cn/github/openzipkin/zipkin/issues_new.json,200,,2081,d3f4e3aca4079b855041e7e53f0a882e93642772489c01a400358a8013a7d309,1
openzipkin/zipkin,contributors,https://oss.open-digger.cn/github/openzipkin/zipkin/contributors.json,200,,1833,e444283c63b999cd8c8d077698a6be2f89ed50d1ad6f908e640a5bb6aab74938,1
openzipkin/zipkin,code_change_lines_sum,https://oss.open-digger.cn/github/openzipkin/zipkin/code_change_lines_sum.json,200,,2473,e2bfa23d807bcccd5e2c3352311104f286b4e9027e4e7dd328c1cb8432a74192,1
orientechnologies/orientdb,issue_resolution_duration,https://oss.open-digger.cn/github/orientechnologies/orientdb/issue_resolution_duration.json,200,,18019,630f7e624d3c6b06ad65d0d65ee7d2bf7f6fbb03d70f37e069c454e6e9a262da,1
orientechnologies/orientdb,issue_age,https://oss.open-digger.cn/github/orientechnologies/orientdb/issue_age.json,200,,21051,d1c699e9be38db9a6452a9c0925d9f7c9137db376fd1717753930bd6a9d72612,1
orientechnologies/orientdb,issues_new,https://oss.open-digger.cn/github/orientechnologies/orientdb/issues_new.json,200,,2424,66f6630bf549cd6e87429d4781f23733a161320e163db2142a3d68a8ce1256b3,1
orientechnologies/orientdb,contributors,https://oss.open-digger.cn/github/orientechnologies/orientdb/contributors.json,200,,2044,bc04c8ced272e73fceb79301140f2e8116876bb159f13e8a4d910b3fe89fe0bc,1
orientechnologies/orientdb,code_change_lines_sum,https://oss.open-digger.cn/github/orientechnologies/orientdb/code_change_lines_sum.json,200,,2298,b0e2610da512e379969e9539950a96861f1575f6de00c2ccb93ee5dff237cea2,1
originjs/vite-plugin-federation,issue_resolution_duration,https://oss.open-digger.cn/github/originjs/vite-plugin-federation/issue_resolution_duration.json,200,,5494,708b71f276ae027baa83263940a1411c192830bd7fc3fea73ca0a266e2af0b57,1
originjs/vite-plugin-federation,issue_age,https://oss.open-digger.cn/github/originjs/vite-plugin-federation/issue_age.json,200,,8375,cad2a15d2a8cb2ece993691ccd2552504f278a1e0227914e5aa61a5c3aff2502,1
originjs/vite-plugin-federation,issues_new,https://oss.open-digger.cn/github/originjs/vite-plugin-federation/issues_new.json,200,,905,9887dbdc9b49757768af4f0258825af09662c42e3aee4218426be071307b421f,1
originjs/vite-plugin-federation,contributors,https://oss.open-digger.cn/github/originjs/vite-plugin-federation/contributors.json,200,,658,f4363ed60273697e4b43807e928024b4523b302f17749b268e8e09c789a0090b,1
originjs/vite-plugin-federation,code_change_lines_sum,https://oss.open-digger.cn/github/originjs/vite-plugin-federation/code_change_lines_sum.json,200,,865,55cd28c6cca6ca9c79c30eaf006b98062030b8b2f86579ce3a68f3d6f776ff28,1
oss-compass/compass-metrics-model,issue_resolution_duration,https://oss.open-digger.cn/github/oss-compass/compass-metrics-model/issue_resolution_duration.json,200,,1336,712836c4ea0031e4856c38f327ce1405485f9d1dc4b2b12d2e41ee5a7e8c696d,1
oss-compass/compass-metrics-model,issue_age,https://oss.open-digger.cn/github/oss-compass/compass-metrics-model/issue_age.json,200,,4994,57bd3fb9af1560bfc3455406590d48939127af4c70f254d957aa943af2447429,1
oss-compass/compass-metrics-model,issues_new,https://oss.open-digger.cn/github/oss-compass/compass-metrics-model/issues_new.json,200,,245,3000c45a8565a9a2927eb329a2c2bb6b7465696cc69414ab8ace1424908036ad,1
oss-compass/compass-metrics-model,contributors,https://oss.open-digger.cn/github/oss-compass/compass-metrics-model/contributors.json,200,,435,de7d79cda940f4359bc8160b3233717dd779d1e5c81a1ff8bc0e3f8ca3f1fdac,1
oss-compass/compass-metrics-model,code_change_lines_sum,https://oss.open-digger.cn/github/oss-compass/compass-metrics-model/code_change_lines_sum.json,200,,569,efa8430e072d4b472acd4ba5cfbe0027ef2602a575db421e91d68968d6dc10d1,1
oss-compass/compass-web,issue_resolution_duration,https://oss.open-digger.cn/github/oss-compass/compass-web/issue_resolution_duration.json,200,,2409,7e2dc0d81ce6e6ae3ff3ba5fbe5dc3371f367fa81655f2311e90c24f04fb2c32,1
oss-compass/compass-web,issue_age,https://oss.open-digger.cn/github/oss-compass/compass-web/issue_age.json,200,,5535,d21f7c9c8e5ff960551cd6f5d4f7bb89c52c9abc8b6e706a0b6a4349048d87bd,1
oss-compass/compass-web,issues_new,https://oss.open-digger.cn/github/oss-compass/compass-web/issues_new.json,200,,289,7aab595b2f2fd6cc5387bb1c88d98bec0321863f78208c0493e78efc956b159a,1
oss-compass/compass-web,contributors,https://oss.open-digger.cn/github/oss-compass/compass-web/contributors.json,200,,345,3a932281838bc5c7d722ee5012bde1ce82f63c0ddc3eee6c243ebbe61bb311cd,1
oss-compass/compass-web,code_change_lines_sum,https://oss.open-digger.cn/github/oss-compass/compass-web/code_change_lines_sum.json,200,,487,631b11dd4517013a8fbabfe38f3687f6c073b6b6c77f68d0eeda6e0f01483650,1
oss-review-toolkit/ort,issue_resolution_duration,https://oss.open-digger.cn/github/oss-review-toolkit/ort/issue_resolution_duration.json,200,,14477,1ae7e41b740ede10a78991d035a04f416b33ad95e8490a057cb1d8cc56ff5783,1
oss-review-toolkit/ort,issue_age,https://oss.open-digger.cn/github/oss-review-toolkit/ort/issue_age.json,200,,15502,cdb9dc2db0e840c3829f4050252990d6cefcb607b7e1123f63439ecb209810c6,1
oss-review-toolkit/ort,issues_new,https://oss.open-digger.cn/github/oss-review-toolkit/ort/issues_new.json,200,,1791,b655b37249635d43f915dc6dad4883ee44a71ecb5d06f7ee23345586c466ba00,1
oss-review-toolkit/ort,contributors,https://oss.open-digger.cn/github/oss-review-toolkit/ort/contributors.json,200,,1669,389f652fc12748fe29f6ff9d46a1e9e706881ded247ae6c53d94693315019e27,1
oss-review-toolkit/ort,code_change_lines_sum,https://oss.open-digger.cn/github/oss-review-toolkit/ort/code_change_lines_sum.json,200,,2124,12b11c40f92c5d23ea5af30ceef27c345645966f90beffb6de89990eee7c9c8c,1
ossf/criticality_score,issue_resolution_duration,https://oss.open-digger.cn/github/ossf/criticality_score/issue_resolution_duration.json,200,,3444,fa99c398cecfc235f8b20b7da416dc5d69ee43cc8762799aaf3cf0f34691c435,1
ossf/criticality_score,issue_age,https://oss.open-digger.cn/github/ossf/criticality_score/issue_age.json,200,,9781,20e82cb702bd6339cead136cb9f7fb80377e49aa3403a3c4e0f69d0507844647,1
ossf/criticality_score,issues_new,https://oss.open-digger.cn/github/ossf/criticality_score/issues_new.json,200,,578,7902838dc0b095aa1c9fbc83c873fb412eec922bc601ee9a46b54f4e87bbe290,1
ossf/criticality_score,contributors,https://oss.open-digger.cn/github/ossf/criticality_score/contributors.json,200,,697,a3861c9f3e59c9449c7f976824c7cf832ee8dee13af98925b0f4b578382bb87b,1
ossf/criticality_score,code_change_lines_sum,https://oss.open-digger.cn/github/ossf/criticality_score/code_change_lines_sum.json,200,,1036,7f82e3172ff2c017d7e32d89ff92885c99152b9cd35cecebbf65d1970fb7a48e,1
ossf/scorecard,issue_resolution_duration,https://oss.open-digger.cn/github/ossf/scorecard/issue_resolution_duration.json,200,,9042,0c289858a7534d9c77fd541537850ffcfdda11a58d43688a6d797543013293ec,1
ossf/scorecard,issue_age,https://oss.open-digger.cn/github/ossf/scorecard/issue_age.json,200,,9999,d108b7bfe080f0c46bb8f74c435e2533d3a41b0e467b746e9a5bd1c2aac21e55,1
ossf/scorecard,issues_new,https://oss.open-digger.cn/github/ossf/scorecard/issues_new.json,200,,1189,557d33ee9623dea40afb5bcd71b3b01253d5e34016f394204d94fcf16bfc3f74,1
ossf/scorecard,contributors,https://oss.open-digger.cn/github/ossf/scorecard/contributors.json,200,,1180,c62c35275006c4bfa71d0533fce45d77bb01ebc277b8995b4770480beb83e86c,1
ossf/scorecard,code_change_lines_sum,https://oss.open-digger.cn/github/ossf/scorecard/code_change_lines_sum.json,200,,1489,42ecae95626fa029acb49a1ce535c88a4b4f4d18cf61a3da169a488016c261b0,1
ossrs/srs,issue_resolution_duration,https://oss.open-digger.cn/github/ossrs/srs/issue_resolution_duration.json,200,,19087,8995a61463e2cccbdb1852b44aa01e06530a1ef7cf6649a37d4931abc104a5cc,1
ossrs/srs,issue_age,https://oss.open-digger.cn/github/ossrs/srs/issue_age.json,200,,20412,4e047fa6df2445b628488b2fad4bbf2b24682ce7eea472909a1bec6dea7b9c0f,1
ossrs/srs,issues_new,https://oss.open-digger.cn/github/ossrs/srs/issues_new.json,200,,2388,4c8ab0724156a2cd1729fb2bc43fed68094b9de4e6c5d52793088c221fb4389f,1
ossrs/srs,contributors,https://oss.open-digger.cn/github/ossrs/srs/contributors.json,200,,1590,fa5d15f156adb36bb4285c36313e92a9106fbbce6db9a3b663a294d703cdced6,1
ossrs/srs,code_change_lines_sum,https://oss.open-digger.cn/github/ossrs/srs/code_change_lines_sum.json,200,,2472,058ba29e8062fb7573be1b76179a76a77a091467ace5a94de87f031895dea43c,1
owncloud/core,issue_resolution_duration,https://oss.open-digger.cn/github/owncloud/core/issue_resolution_duration.json,200,,19124,9ec37beb33d1f64b56695f03e97a063549893e37f4f73099be00a6301fb926a7,1
owncloud/core,issue_age,https://oss.open-digger.cn/github/owncloud/core/issue_age.json,200,,21124,f19a634312c645e65402a715ce14409fd2ca4c6da8df9eb7c23ecdf0f829e5e6,1
owncloud/core,issues_new,https://oss.open-digger.cn/github/owncloud/core/issues_new.json,200,,2443,318ffd0e762595100482e378d018929d528ead5d28c6a457a2104710fcefff04,1
owncloud/core,contributors,https://oss.open-digger.cn/github/owncloud/core/contributors.json,200,,2408,7485f8142bdf1ffff009dc8fb4f8881530708934250a370749b35baac2460c3b,1
owncloud/core,code_change_lines_sum,https://oss.open-digger.cn/github/owncloud/core/code_change_lines_sum.json,200,,3013,4773654a71309bb7c33af25b663a185aae64388bcbc85afc3e55cb70df7fd965,1
padrino/padrino-framework,issue_resolution_duration,https://oss.open-digger.cn/github/padrino/padrino-framework/issue_resolution_duration.json,200,,10103,fdf0cebe0fc6f65f6a3df2e4791aedfbbedf4e408ec18ad6144f1da9accfa431,1
padrino/padrino-framework,issue_age,https://oss.open-digger.cn/github/padrino/padrino-framework/issue_age.json,200,,20665,7833fe8d5f420c0339031c5d73b5ed32fa03e0a3b0b8268f7134cd639b05bec9,1
padrino/padrino-framework,issues_new,https://oss.open-digger.cn/github/padrino/padrino-framework/issues_new.json,200,,1310,2bd7e28ec714f104057e39f76e5c906835cdd70d08585004b455e96d876ce85f,1
padrino/padrino-framework,contributors,https://oss.open-digger.cn/github/padrino/padrino-framework/contributors.json,200,,1186,7bf32d16aa30b0a10e1e7b4355cd6c6debfba5eb0b5bae3c5902f26604411cbb,1
padrino/padrino-framework,code_change_lines_sum,https://oss.open-digger.cn/github/padrino/padrino-framework/code_change_lines_sum.json,200,,1230,078c3faf2461a83160bd6bc08d93acb0811bc3e6d6d08cedfee7d57dde70807b,1
PanJiaChen/vue-element-admin,issue_resolution_duration,https://oss.open-digger.cn/github/PanJiaChen/vue-element-admin/issue_resolution_duration.json,200,,11961,553d8a9921da6939b0a564776418ce78ae5ef4c9dac09968fd34c205e8d14db7,1
PanJiaChen/vue-element-admin,issue_age,https://oss.open-digger.cn/github/PanJiaChen/vue-element-admin/issue_age.json,200,,16701,3ee7b1c2eddbbb98dcb7b51418e4f32be15b754079bd61677d5023c5f9f8b95d,1
PanJiaChen/vue-element-admin,issues_new,https://oss.open-digger.cn/github/PanJiaChen/vue-element-admin/issues_new.json,200,,1831,8159a6b9af9a5b9e3f3e033ea5ffee2647295b447da72ec30526d4a0afb042b4,1
PanJiaChen/vue-element-admin,contributors,https://oss.open-digger.cn/github/PanJiaChen/vue-element-admin/contributors.json,200,,674,9b9ac62a5e834db2c7c315f1613bf662e1793a1d9e8da383f028bd7a449a959f,1
PanJiaChen/vue-element-admin,code_change_lines_sum,https://oss.open-digger.cn/github/PanJiaChen/vue-element-admin/code_change_lines_sum.json,200,,1756,028c3532afa8026d86065184e3825a17b35617536c73bfbe0e924f1ea2d34602,1
panpf/sketch,issue_resolution_duration,https://oss.open-digger.cn/github/panpf/sketch/issue_resolution_duration.json,200,,13661,4950eb7deabbc77007594eb29164e45896c522e19abb0a6f00fd8969310d8e77,1
panpf/sketch,issue_age,https://oss.open-digger.cn/github/panpf/sketch/issue_age.json,200,,17081,7e1a1763777361259b8d76e9ee7ed1505bd917702c5f9c7ca2e2a8a2b5aaab62,1
panpf/sketch,issues_new,https://oss.open-digger.cn/github/panpf/sketch/issues_new.json,200,,1676,52523415d75b2d0cd32664a5009b1bbf73c713e08db5e3d39fe9af53c60edaaf,1
panpf/sketch,contributors,https://oss.open-digger.cn/github/panpf/sketch/contributors.json,200,,120,2b36b951162d271fbd19d77e18a13834870bac64c8616ba69d9cc6629550e33d,1
panpf/sketch,code_change_lines_sum,https://oss.open-digger.cn/github/panpf/sketch/code_change_lines_sum.json,200,,211,00adaaa06e25c23f9827848b0f5fc1d10cc18db8460ea5f84535a3c6f0fc0bf1,1
paperjs/paper.js,issue_resolution_duration,https://oss.open-digger.cn/github/paperjs/paper.js/issue_resolution_duration.json,200,,14555,37b7bc84d7847de3a9458c4f7dd0da53c9230a18ab0c806d2ccbce8cfc50f7c2,1
paperjs/paper.js,issue_age,https://oss.open-digger.cn/github/paperjs/paper.js/issue_age.json,200,,20759,b412edd42aafb516516d4ecbeb9ea8cb5b3a6a47226fccf97af5921ed439df11,1
paperjs/paper.js,issues_new,https://oss.open-digger.cn/github/paperjs/paper.js/issues_new.json,200,,2172,a11a383e38d61abe6da812965919dcbaeb06bd4dfb80365d41a44f151ecf6e90,1
paperjs/paper.js,contributors,https://oss.open-digger.cn/github/paperjs/paper.js/contributors.json,200,,907,2e15a078dbe26d38d896ee5eaceb669e475ade32d7281e684a9ff6dc8c6cfc92,1
paperjs/paper.js,code_change_lines_sum,https://oss.open-digger.cn/github/paperjs/paper.js/code_change_lines_sum.json,200,,1817,11f3d31280adb561e8f53aef24e6c16ff4b9c33f9837546ad002e2529d7c40b3,1
paramiko/paramiko,issue_resolution_duration,https://oss.open-digger.cn/github/paramiko/paramiko/issue_resolution_duration.json,200,,17105,ec4897809775c1cd56f4a44c1d0a5e183884ef02a4afaf386f8d5465635508d3,1
paramiko/paramiko,issue_age,https://oss.open-digger.cn/github/paramiko/paramiko/issue_age.json,200,,20731,0b45b1937bfb622dcef281481c1b3cee7324387f33fa93d8cb34ed4742803aa8,1
paramiko/paramiko,issues_new,https://oss.open-digger.cn/github/paramiko/paramiko/issues_new.json,200,,2379,a4724cf74c6109f778f7ec779ec883007debb44bbbd7ef7f95ba3fcc358a2848,1
paramiko/paramiko,contributors,https://oss.open-digger.cn/github/paramiko/paramiko/contributors.json,200,,709,b355d1918d8c61227a4f88f27561d16f9e0cc8a68a07f3c2d561d7f466c5d131,1
paramiko/paramiko,code_change_lines_sum,https://oss.open-digger.cn/github/paramiko/paramiko/code_change_lines_sum.json,200,,2362,a76c19a32d4aecba5fb49c595c4ed9dd596a57f0c9bc22fae02143185e834a0b,1
PCRE2Project/pcre2,issue_resolution_duration,https://oss.open-digger.cn/github/PCRE2Project/pcre2/issue_resolution_duration.json,200,,7840,3af6d3165c61af2f39279cc8ecd0ebdc8ed23095ae1d389fb6e6116b964d5958,1
PCRE2Project/pcre2,issue_age,https://oss.open-digger.cn/github/PCRE2Project/pcre2/issue_age.json,200,,8365,72cf0b981268cd93db272d611dd99afa0ee097e90c0043e1d01727e5a06db140,1
PCRE2Project/pcre2,issues_new,https://oss.open-digger.cn/github/PCRE2Project/pcre2/issues_new.json,200,,1001,a2b89371191a11aead81f3163e8147f04f6249efba643c73065a7eb5b99ae3d8,1
PCRE2Project/pcre2,contributors,https://oss.open-digger.cn/github/PCRE2Project/pcre2/contributors.json,200,,782,722657f011a9ddd1e464f9aea18d03a5f15589ee31841dd2311ebeb55d6744eb,1
PCRE2Project/pcre2,code_change_lines_sum,https://oss.open-digger.cn/github/PCRE2Project/pcre2/code_change_lines_sum.json,200,,968,e4e9d93839b1a33117fe93867a8e62281168b3d674462603a26a35b35271837d,1
pennersr/django-allauth,issue_resolution_duration,https://oss.open-digger.cn/github/pennersr/django-allauth/issue_resolution_duration.json,200,,18712,911b99536ea584a70b51c162a23ad5c7335b8c3bbbad91c3cb19543ae057d82f,1
pennersr/django-allauth,issue_age,https://oss.open-digger.cn/github/pennersr/django-allauth/issue_age.json,200,,20635,7c8a34be733a0a47f1795b8f0c5d6c58f05e49193c47fa64a17ed837d6c065ea,1
pennersr/django-allauth,issues_new,https://oss.open-digger.cn/github/pennersr/django-allauth/issues_new.json,200,,2329,9d3d536da83ecc00cd79fbd2bc8abd653012b523f1faf75ef955f15a7cd80f7b,1
pennersr/django-allauth,contributors,https://oss.open-digger.cn/github/pennersr/django-allauth/contributors.json,200,,1781,6f2d2f4fe3d34e5fdd2673e7307004e4228aed34708e906fc11e85fb8c42982b,1
pennersr/django-allauth,code_change_lines_sum,https://oss.open-digger.cn/github/pennersr/django-allauth/code_change_lines_sum.json,200,,2507,21491cb8774a400fdfdec1071ae4f53d013f7dbde4326994a4d5bdaedbdf4f69,1
petkaantonov/bluebird,issue_resolution_duration,https://oss.open-digger.cn/github/petkaantonov/bluebird/issue_resolution_duration.json,200,,11788,b4a88c3b442704eef5c4cc93b01c0c753332b27b9d00720f1664780a470bb1d2,1
petkaantonov/bluebird,issue_age,https://oss.open-digger.cn/github/petkaantonov/bluebird/issue_age.json,200,,20636,2540c73c2dbba35b30d3bdb6811e624c1c42c1dc38f22e71651d82c4d2ad059b,1
petkaantonov/bluebird,issues_new,https://oss.open-digger.cn/github/petkaantonov/bluebird/issues_new.json,200,,1797,d8c9c10f07dfe4f59b5381b1a499428d78361769f591322407053ec881208b8c,1
petkaantonov/bluebird,contributors,https://oss.open-digger.cn/github/petkaantonov/bluebird/contributors.json,200,,964,2a53bb854fbd1196a51583d0f665a12e6f5dd512e99d047a679a39a6c403bc13,1
petkaantonov/bluebird,code_change_lines_sum,https://oss.open-digger.cn/github/petkaantonov/bluebird/code_change_lines_sum.json,200,,1640,6e8c0b5567e2b9cbea860207e340421b4b6a155e2c5e9020f566bb5e23decfc2,1
phalcon/cphalcon,issue_resolution_duration,https://oss.open-digger.cn/github/phalcon/cphalcon/issue_resolution_duration.json,200,,18308,bab0fb6ca9c7faf5dd115fbadc71a597eacb04cfd8693d51be4ca2a3c5f6b28a,1
phalcon/cphalcon,issue_age,https://oss.open-digger.cn/github/phalcon/cphalcon/issue_age.json,200,,20862,caca700183b6c14f29fb3a842b5f438d9dfee0c8e0a037fa8fa236790184aa7c,1
phalcon/cphalcon,issues_new,https://oss.open-digger.cn/github/phalcon/cphalcon/issues_new.json,200,,2477,0668d6737388b2d14475a741787a38ca35b9066978664dd0e66bad3873249b86,1
phalcon/cphalcon,contributors,https://oss.open-digger.cn/github/phalcon/cphalcon/contributors.json,200,,2292,b0c7a99a0c7a4eb4b8fc98021bcb3bea793f9c9e41f4ac905c1b0c1aea668357,1
phalcon/cphalcon,code_change_lines_sum,https://oss.open-digger.cn/github/phalcon/cphalcon/code_change_lines_sum.json,200,,2921,7aaea2ecab1f1651f862294a0877afde1b00623d6487f0cc751ad55e209a0b91,1
philc/vimium,issue_resolution_duration,https://oss.open-digger.cn/github/philc/vimium/issue_resolution_duration.json,200,,19376,e564848ad46638a707cfe2fa816082ca3f21d73e3f26d8ca7b4b818e7b004eac,1
philc/vimium,issue_age,https://oss.open-digger.cn/github/philc/vimium/issue_age.json,200,,20899,de1479cae512808d451d1a2634b3a75f8f5ec1cb39b4cee2e4fc3b0ff591b593,1
philc/vimium,issues_new,https://oss.open-digger.cn/github/philc/vimium/issues_new.json,200,,2472,85fc48e71580852bedab739e4daa723938564d0dbc46602c370da3b81b65da6c,1
philc/vimium,contributors,https://oss.open-digger.cn/github/philc/vimium/contributors.json,200,,1341,6f427f9f3010e18bbba65b14b61758ec8e19718119dc5ab1dd65f30e5fa3679b,1
philc/vimium,code_change_lines_sum,https://oss.open-digger.cn/github/philc/vimium/code_change_lines_sum.json,200,,2490,37a91eb2393f2645ebecdc9606a7a55b2e2a0030a8cf73271392c49db9ef3da1,1
PhilJay/MPAndroidChart,issue_resolution_duration,https://oss.open-digger.cn/github/PhilJay/MPAndroidChart/issue_resolution_duration.json,200,,15048,18a98a4fc6767838ec1c47f9f4704c2f90cad86eb1c492b967813cddafae2d94,1
PhilJay/MPAndroidChart,issue_age,https://oss.open-digger.cn/github/PhilJay/MPAndroidChart/issue_age.json,200,,20949,47d81b34e1174e94fd3d2f4e1b4b207f0f9d7287ccf7855b3a60f5589558467c,1
PhilJay/MPAndroidChart,issues_new,https://oss.open-digger.cn/github/PhilJay/MPAndroidChart/issues_new.json,200,,2285,eeffe40dd703b59036f6d27a011413693590c14682fd715cd04ebe1ef8239b30,1
PhilJay/MPAndroidChart,contributors,https://oss.open-digger.cn/github/PhilJay/MPAndroidChart/contributors.json,200,,628,25a899df847df9cf4cb1c11e4db2597551f4e39f05a3ecaa353c7181f808fa28,1
PhilJay/MPAndroidChart,code_change_lines_sum,https://oss.open-digger.cn/github/PhilJay/MPAndroidChart/code_change_lines_sum.json,200,,2108,ea941a247c3170484650fe9430f88e9410a9320b8c88a49f6954bbb8ba7017d9,1
phodal/auto-dev,issue_resolution_duration,https://oss.open-digger.cn/github/phodal/auto-dev/issue_resolution_duration.json,200,,4676,4c6d2b6e42cffe3c905471a4e9b4b721e7a04e2d15638f0ebb44458e9b319735,1
phodal/auto-dev,issue_age,https://oss.open-digger.cn/github/phodal/auto-dev/issue_age.json,200,,5174,ba83b4516b93254b3d2e80fe25a0cacf2b362b0eb0ccc187a6bc7ef5b8bd9be5,1
phodal/auto-dev,issues_new,https://oss.open-digger.cn/github/phodal/auto-dev/issues_new.json,200,,605,f3e0853a90b0b5738a5c21a886904d7000258b5d4571e4f1f4ffca726fe86a8d,1
phodal/auto-dev,contributors,https://oss.open-digger.cn/github/phodal/auto-dev/contributors.json,200,,470,55a6669cf1d4ad98ef2efb73152096975ee480991583a1d9f35f25a2714d18d6,1
phodal/auto-dev,code_change_lines_sum,https://oss.open-digger.cn/github/phodal/auto-dev/code_change_lines_sum.json,200,,571,258520ea3c23e38c162b0d57a1c3c1fd78bf281c524fe2fbcb593f097d5dc394,1
phoenixframework/phoenix,issue_resolution_duration,https://oss.open-digger.cn/github/phoenixframework/phoenix/issue_resolution_duration.json,200,,18504,31c470bba4a88fe3578c124ac4c6bc09ba7e8403572a445702bd1941cb81fbb2,1
phoenixframework/phoenix,issue_age,https://oss.open-digger.cn/github/phoenixframework/phoenix/issue_age.json,200,,20492,1f09933bc90e87cf71f67a5db7839bb6c0abb33ebb944e74174b72781998604d,1
phoenixframework/phoenix,issues_new,https://oss.open-digger.cn/github/phoenixframework/phoenix/issues_new.json,200,,2409,024aee8418fce48acc081a9650afed6f6648cca1beb3fd153f4531d6c4648da7,1
phoenixframework/phoenix,contributors,https://oss.open-digger.cn/github/phoenixframework/phoenix/contributors.json,200,,2478,b1ba619da7a06ad789d6d7c71dfbf3967fee2828fe4bdb997a49e74b539fa95f,1
phoenixframework/phoenix,code_change_lines_sum,https://oss.open-digger.cn/github/phoenixframework/phoenix/code_change_lines_sum.json,200,,2817,a9bf061cbab582f89ab46a04797c79fea725fe35f1ce3a4f479a6972b75ce55a,1
photoprism/photoprism,issue_resolution_duration,https://oss.open-digger.cn/github/photoprism/photoprism/issue_resolution_duration.json,200,,12614,ec27ccb48f9d80fc5e7a8991c9a4bf10f6a4ac55bda91230cd4afc5d4957d440,1
photoprism/photoprism,issue_age,https://oss.open-digger.cn/github/photoprism/photoprism/issue_age.json,200,,13773,206a9cd253075171d4a39c103419ec898b78c717f546452d6e0853f4d613222e,1
photoprism/photoprism,issues_new,https://oss.open-digger.cn/github/photoprism/photoprism/issues_new.json,200,,1670,de53adaace754f074ecb2c84a75865cc12c0773041ec767cd278a3786020fb18,1
photoprism/photoprism,contributors,https://oss.open-digger.cn/github/photoprism/photoprism/contributors.json,200,,1497,dfb1ccc7b6409e83c7dd0408cef558ab17e71655dd3f6a75b4b9b39dc8b3516d,1
photoprism/photoprism,code_change_lines_sum,https://oss.open-digger.cn/github/photoprism/photoprism/code_change_lines_sum.json,200,,1863,204c552b2cc1225cbee11e364f54399a7402b64293021d2fb8460d0549f3d652,1
PHPMailer/PHPMailer,issue_resolution_duration,https://oss.open-digger.cn/github/PHPMailer/PHPMailer/issue_resolution_duration.json,200,,18428,eb344bf9f976d0b946b84da9ab1c7f9e323666ab753b901ec281f1d5155d1973,1
PHPMailer/PHPMailer,issue_age,https://oss.open-digger.cn/github/PHPMailer/PHPMailer/issue_age.json,200,,20367,6213c208ae2385ac4bd81971c4549a5b255c43de4046ace63ea622cbcde199e0,1
PHPMailer/PHPMailer,issues_new,https://oss.open-digger.cn/github/PHPMailer/PHPMailer/issues_new.json,200,,2376,0ea4ffbc88c786ede85c6bac1ebd154d638794f94bff2cb5171b8ead2be69c4b,1
PHPMailer/PHPMailer,contributors,https://oss.open-digger.cn/github/PHPMailer/PHPMailer/contributors.json,200,,1960,78a48fb7208284a7b62b1458407ca0604a6c2e0b1d09e6113faebc8b5f64ca4f,1
PHPMailer/PHPMailer,code_change_lines_sum,https://oss.open-digger.cn/github/PHPMailer/PHPMailer/code_change_lines_sum.json,200,,2455,7034658c435989b6d4e176f599399cb2627ae304239e062be42acbfeed93d01a,1
pig-mesh/pig,issue_resolution_duration,https://oss.open-digger.cn/github/pig-mesh/pig/issue_resolution_duration.json,200,,5052,4465dc36e8683f763c8ec0dc3efa0206f00cd96b4311b049998a94ffc55e95b0,1
pig-mesh/pig,issue_age,https://oss.open-digger.cn/github/pig-mesh/pig/issue_age.json,200,,9275,881dcbb5cbcae1d5d1f9f189774054bb1f9061d57c041b68fe509883a6495a2b,1
pig-mesh/pig,issues_new,https://oss.open-digger.cn/github/pig-mesh/pig/issues_new.json,200,,947,e20bf280c92fd86ad376b0a271bc3cb724a383520767c152f6ed5b6984f66247,1
pig-mesh/pig,contributors,https://oss.open-digger.cn/github/pig-mesh/pig/contributors.json,200,,568,9abe017468eb340c9dbf5a5db93064fb3e1b9a18e39e1b96042a4871ca1a0c54,1
pig-mesh/pig,code_change_lines_sum,https://oss.open-digger.cn/github/pig-mesh/pig/code_change_lines_sum.json,200,,584,6c70e35fc0dcd78709d88611988e8b44d9ee42fdaba614541b8103833de9e421,1
pingcap/tidb,issue_resolution_duration,https://oss.open-digger.cn/github/pingcap/tidb/issue_resolution_duration.json,200,,18878,46b0dff5055f7fd14686521b77ce562028b9545acc3f63a1bcb41c3291e06e1a,1
pingcap/tidb,issue_age,https://oss.open-digger.cn/github/pingcap/tidb/issue_age.json,200,,19811,2ccff1bda21a44589f073d4f5f277ae49686f2f9d3cb2b3b81d256b74a7744a3,1
pingcap/tidb,issues_new,https://oss.open-digger.cn/github/pingcap/tidb/issues_new.json,200,,2497,dc9fe839782e4576ca1912b013179dd38e837a757097520f8a14287548726f62,1
pingcap/tidb,contributors,https://oss.open-digger.cn/github/pingcap/tidb/contributors.json,200,,2396,942cabe36eb51c4575d9ebddcd0b18128a36e19c4c09f2fbcfd7b59534323f8d,1
pingcap/tidb,code_change_lines_sum,https://oss.open-digger.cn/github/pingcap/tidb/code_change_lines_sum.json,200,,3060,295a0efa56602eae031e0f5bd76c2afc69cb64d748bb2d02fa1f47e3a6096a15,1
piskvorky/gensim,issue_resolution_duration,https://oss.open-digger.cn/github/piskvorky/gensim/issue_resolution_duration.json,200,,17076,612f5eb1419ab2139ea22221202894d5b89400d8bb6bd83c3c137566e9eceb07,1
piskvorky/gensim,issue_age,https://oss.open-digger.cn/github/piskvorky/gensim/issue_age.json,200,,20790,ff5f76b7ce7d58d9bd0537939153aef7073128b3f2c4bad72e9f2769b2db7954,1
piskvorky/gensim,issues_new,https://oss.open-digger.cn/github/piskvorky/gensim/issues_new.json,200,,2320,e9baf562ac3f71c3e3695843b573e6820cb4d0874817a28e2ae813795554e5de,1
piskvorky/gensim,contributors,https://oss.open-digger.cn/github/piskvorky/gensim/contributors.json,200,,1881,a5c3c8848b4aca5f3fbd83b8e0174fe5b83e1c36b6777c74ffaee4f750d9f74e,1
piskvorky/gensim,code_change_lines_sum,https://oss.open-digger.cn/github/piskvorky/gensim/code_change_lines_sum.json,200,,2565,6235832382093b44e09f539400bda4f13961fc646edaa72a8034f820a6cc480e,1
planety/prologue,issue_resolution_duration,https://oss.open-digger.cn/github/planety/prologue/issue_resolution_duration.json,200,,5245,4c2cab0138dcdcbefd01e9dce3bf67fc5bf55262cf626c5328ca4c53f4ab1e96,1
planety/prologue,issue_age,https://oss.open-digger.cn/github/planety/prologue/issue_age.json,200,,10783,24f833ce60415b8b72ce8bb79e6cabfde67453b2053417e10e90d449bb8ee820,1
planety/prologue,issues_new,https://oss.open-digger.cn/github/planety/prologue/issues_new.json,200,,815,cd254aeeada0e41163da919c0d1a8c930189e09f5e444dcdcd570113b2865276,1
planety/prologue,contributors,https://oss.open-digger.cn/github/planety/prologue/contributors.json,200,,735,2ed960c64a41baf7b6513fd781294a08dcd4fc367f3cc323ce022a6d523b6c87,1
planety/prologue,code_change_lines_sum,https://oss.open-digger.cn/github/planety/prologue/code_change_lines_sum.json,200,,698,cd64a5c59828bab58cd7dc4322cc143b2349ab8fee0c94635d0d30e39f951545,1
player-ui/player,issue_resolution_duration,https://oss.open-digger.cn/github/player-ui/player/issue_resolution_duration.json,200,,3752,2d5cde063ad6a391aa014e98a658411d2083c7ef461a030bde157197f24732aa,1
player-ui/player,issue_age,https://oss.open-digger.cn/github/player-ui/player/issue_age.json,200,,6605,7926f36a8b84f10641feb3b6a073238a06469328e043e5b590ad96e8829fc212,1
player-ui/player,issues_new,https://oss.open-digger.cn/github/player-ui/player/issues_new.json,200,,608,65f4c24730f04c494e954a4bbc73b5dc371855402fd1fc517d0e8e6fb40542cc,1
player-ui/player,contributors,https://oss.open-digger.cn/github/player-ui/player/contributors.json,200,,600,7bd61e4e2fe6deb36402749cdae294a372d3e7abc25f1ca1ce9eeb9a09f1ca41,1
player-ui/player,code_change_lines_sum,https://oss.open-digger.cn/github/player-ui/player/code_change_lines_sum.json,200,,823,434d10a4cd1390a5ea73bac697c8b357cd0f8e6643de5603e6999cc61b3af033,1
playframework/playframework,issue_resolution_duration,https://oss.open-digger.cn/github/playframework/playframework/issue_resolution_duration.json,200,,17828,1d8039b054c205b8a8e119122b63042c160014368da54a42a6bec1c464a4d226,1
playframework/playframework,issue_age,https://oss.open-digger.cn/github/playframework/playframework/issue_age.json,200,,21036,ed9f01fc668f7a5a48acacc02278317fb9382531c5af9a25526b91caeff219f6,1
playframework/playframework,issues_new,https://oss.open-digger.cn/github/playframework/playframework/issues_new.json,200,,2362,8a38c690894dcb3908d5cdc4cb3561d71e1ee728411769023bfa5a7a1a5a50ff,1
playframework/playframework,contributors,https://oss.open-digger.cn/github/playframework/playframework/contributors.json,200,,2366,1de0bd4973c327b64856d58c55beb57420c446dd6b1c2e749478110a7d37200b,1
playframework/playframework,code_change_lines_sum,https://oss.open-digger.cn/github/playframework/playframework/code_change_lines_sum.json,200,,2828,f00cb853172c026ddcb62f2bce57433cb62dedda02554709ec38efe88b998fbc,1
plotly/plotly.js,issue_resolution_duration,https://oss.open-digger.cn/github/plotly/plotly.js/issue_resolution_duration.json,200,,18185,545a038631ec0fe9e572fb00658addfb15aa08bf9116c19103f82999f49f0df1,1
plotly/plotly.js,issue_age,https://oss.open-digger.cn/github/plotly/plotly.js/issue_age.json,200,,19593,faae15dc35fe6e9f4da221bb4756aae5d4bb2161e31827db57fa4196f4d06717,1
plotly/plotly.js,issues_new,https://oss.open-digger.cn/github/plotly/plotly.js/issues_new.json,200,,2310,c8ac8be5d8fad00055834413b80e7958e36ec8aee2f7323c784cb0dbab18be8b,1
plotly/plotly.js,contributors,https://oss.open-digger.cn/github/plotly/plotly.js/contributors.json,200,,2190,4c77957bb037938944d1237a70d4e3a7ced34d8c94e3b56cad99bbc86ef3da09,1
plotly/plotly.js,code_change_lines_sum,https://oss.open-digger.cn/github/plotly/plotly.js/code_change_lines_sum.json,200,,2769,289eec11dd96bfcb167fde5a55679bfa00edfb1879ac2536e9ad8ae29fa61dd2,1
Polymer/polymer,issue_resolution_duration,https://oss.open-digger.cn/github/Polymer/polymer/issue_resolution_duration.json,200,,10592,2ede97abd0a71684be6954eb0f6ed21af564e73cdfc2ac0e7e8dbb49db6ba1e6,1
Polymer/polymer,issue_age,https://oss.open-digger.cn/github/Polymer/polymer/issue_age.json,200,,20761,f457b28c4c845a4ba4b2d153ad1d92be80ccd4ce409dc22ef57ea09ed629e120,1
Polymer/polymer,issues_new,https://oss.open-digger.cn/github/Polymer/polymer/issues_new.json,200,,1597,4d36b3772cb8564eab5aa145101b29fdee4f135c01a3638f536c21b70c98c98a,1
Polymer/polymer,contributors,https://oss.open-digger.cn/github/Polymer/polymer/contributors.json,200,,1380,48f101264fffc1f10f84de2eca9fd46b00cffa28aeeb4258b61eedc58ee7c3cb,1
Polymer/polymer,code_change_lines_sum,https://oss.open-digger.cn/github/Polymer/polymer/code_change_lines_sum.json,200,,1961,2af6c9c7128fecfef94f779e5d5f36a55cc147c841423785c80cf2cdf1ad22f6,1
postcss/postcss,issue_resolution_duration,https://oss.open-digger.cn/github/postcss/postcss/issue_resolution_duration.json,200,,16778,f64d2a63418a1a2c4699b713651111a2fd3c8814c277ff6de593f6f750738add,1
postcss/postcss,issue_age,https://oss.open-digger.cn/github/postcss/postcss/issue_age.json,200,,20467,77d57edef2b80efdddc3023a3948d82671fd76eefb3d07900fb4b3723ae2815f,1
postcss/postcss,issues_new,https://oss.open-digger.cn/github/postcss/postcss/issues_new.json,200,,2214,a8265506b426374496cda276474e9cc96569ffa7940eac9b88c2cbc983685817,1
postcss/postcss,contributors,https://oss.open-digger.cn/github/postcss/postcss/contributors.json,200,,2090,4ce4b256d4a05a76ca8d5f9ade850cab79d286785b65cff86cfcf693db4eacfa,1
postcss/postcss,code_change_lines_sum,https://oss.open-digger.cn/github/postcss/postcss/code_change_lines_sum.json,200,,2416,6c290b3b7af099e4e74ede2a60efe8918af8f929093aaad7e3f1340858a1f3ac,1
PowerJob/PowerJob,issue_resolution_duration,https://oss.open-digger.cn/github/PowerJob/PowerJob/issue_resolution_duration.json,200,,9451,b48619e842d4b9e579de77c62ec9e1665ac6f1f09f0095a133cd0b2f953526dc,1
PowerJob/PowerJob,issue_age,https://oss.open-digger.cn/github/PowerJob/PowerJob/issue_age.json,200,,10568,e9b7221dce30e79daee7085ea3ce1b9842d2ae7a2fa0ca3f262225a6fdb7f8cc,1
PowerJob/PowerJob,issues_new,https://oss.open-digger.cn/github/PowerJob/PowerJob/issues_new.json,200,,1279,929a8194ccfc461dee4ebca27988efe4f5d316375fb33cfc1a3a3f091b316fd0,1
PowerJob/PowerJob,contributors,https://oss.open-digger.cn/github/PowerJob/PowerJob/contributors.json,200,,461,80b55dcd17e9a992f92e1d1a020a7b7086f93ce274c7c4b3e39c0b7710957cde,1
PowerJob/PowerJob,code_change_lines_sum,https://oss.open-digger.cn/github/PowerJob/PowerJob/code_change_lines_sum.json,200,,991,4f06420dffcfa083c2a4bc3ea97df20c6bd519439fb5faea0c1de4a5c6d39abc,1
powerline/powerline,issue_resolution_duration,https://oss.open-digger.cn/github/powerline/powerline/issue_resolution_duration.json,200,,13952,9ddd058cab5919ea7e54622b0fd6fabfba00de3df52c6aa92e097f1458c4b4fa,1
powerline/powerline,issue_age,https://oss.open-digger.cn/github/powerline/powerline/issue_age.json,200,,20782,8f937a108d2856b77793f00cb8ced135a3a0fda27ba69b124e23ddb56fa0ff0d,1
powerline/powerline,issues_new,https://oss.open-digger.cn/github/powerline/powerline/issues_new.json,200,,1994,dd770f2a63d4192e92ebdf603f820e381b2d8f574b3b6ddf011f92badbde6961,1
powerline/powerline,contributors,https://oss.open-digger.cn/github/powerline/powerline/contributors.json,200,,1135,05b075179b48aa32d8830c16e3e9483d0ee14e52fbb0f469448928256b70530e,1
powerline/powerline,code_change_lines_sum,https://oss.open-digger.cn/github/powerline/powerline/code_change_lines_sum.json,200,,1693,5af53ffe2dfb3dc36b8bde4ef8826c025c66ef8558f3a48e10bfe9a6d1e9ac1e,1
prawnpdf/prawn,issue_resolution_duration,https://oss.open-digger.cn/github/prawnpdf/prawn/issue_resolution_duration.json,200,,14730,feb6b18a241d7d7f271cadae56304f3234d95f690bec8154234affa57bcc8024,1
prawnpdf/prawn,issue_age,https://oss.open-digger.cn/github/prawnpdf/prawn/issue_age.json,200,,20731,6fe8345930bd071d4755ecf2830d7e627353380ec66f310505bbf965c9a73893,1
prawnpdf/prawn,issues_new,https://oss.open-digger.cn/github/prawnpdf/prawn/issues_new.json,200,,1957,02ae8c67aed676e986a6d146225232506c82ba10db2808b352aa2ce3ebb9ab0e,1
prawnpdf/prawn,contributors,https://oss.open-digger.cn/github/prawnpdf/prawn/contributors.json,200,,927,ddf4befe7587e9aa3234f21150d744e70e6b8d9dc26406769a1a76bdb2314a10,1
prawnpdf/prawn,code_change_lines_sum,https://oss.open-digger.cn/github/prawnpdf/prawn/code_change_lines_sum.json,200,,1684,579b3aa22bf964d14e6d52385cc7d0041927010e66f031059c3a1432fbe17dfc,1
presidentbeef/brakeman,issue_resolution_duration,https://oss.open-digger.cn/github/presidentbeef/brakeman/issue_resolution_duration.json,200,,17127,a75bda63d194beb543f5c381ab5004fb045bf41489851545ea1a9790a17d9500,1
presidentbeef/brakeman,issue_age,https://oss.open-digger.cn/github/presidentbeef/brakeman/issue_age.json,200,,20584,eef54e8da6ad4c102a5ea244d28d89096c93eb8d9cc678b2dccedaed9a9906eb,1
presidentbeef/brakeman,issues_new,https://oss.open-digger.cn/github/presidentbeef/brakeman/issues_new.json,200,,2204,a9ceb9cd24e549dc62da0557a16197fde60098bf0c266b23aa918932f72b7c34,1
presidentbeef/brakeman,contributors,https://oss.open-digger.cn/github/presidentbeef/brakeman/contributors.json,200,,2053,07d7f0174489a637568def288d4f37df663946330a09f8f3413460ce611527b5,1
presidentbeef/brakeman,code_change_lines_sum,https://oss.open-digger.cn/github/presidentbeef/brakeman/code_change_lines_sum.json,200,,2552,33567cf1fb70c938c15e9ee73ffbde82ccff65950cc62c7cf6c207647aea44f3,1
prestodb/presto,issue_resolution_duration,https://oss.open-digger.cn/github/prestodb/presto/issue_resolution_duration.json,200,,19714,61404e8d83f2e5e01db2fcc92a0d6113a74589e69af4719c93cc989cfb7a5f13,1
prestodb/presto,issue_age,https://oss.open-digger.cn/github/prestodb/presto/issue_age.json,200,,21204,7328efb9bc2a0ea9cdd7aa11711aefaf0066196acd775a71f685606c6557cec3,1
prestodb/presto,issues_new,https://oss.open-digger.cn/github/prestodb/presto/issues_new.json,200,,2526,760ab02efc9fd40749d44b6473d035647469bc89c56f4c39fa97df814b26c0df,1
prestodb/presto,contributors,https://oss.open-digger.cn/github/prestodb/presto/contributors.json,200,,2494,79ba4aa74470cbc6e820406f9df81d66d5e36c4f149cb8c9b1c8058d63cf6d58,1
prestodb/presto,code_change_lines_sum,https://oss.open-digger.cn/github/prestodb/presto/code_change_lines_sum.json,200,,3150,0b59d0546d4fb07a9c5dec5cac39889894bf147aad2e90d90c8c5a6d15e3301e,1
prettier/prettier,issue_resolution_duration,https://oss.open-digger.cn/github/prettier/prettier/issue_resolution_duration.json,200,,15991,d415af1c224873cd39d87095aa97b1628f87cd5bf0ed4907215354f160540457,1
prettier/prettier,issue_age,https://oss.open-digger.cn/github/prettier/prettier/issue_age.json,200,,17537,0b4e3dd09609d903d7b5b0bf358a76d8c9365b34275e65930564864c21a81e3d,1
prettier/prettier,issues_new,https://oss.open-digger.cn/github/prettier/prettier/issues_new.json,200,,2165,63b67579ef166817c88fe7388b9c2f21cec908eb9cbb9ff82a2f0cacf9531fdc,1
prettier/prettier,contributors,https://oss.open-digger.cn/github/prettier/prettier/contributors.json,200,,2046,1ba85099048290948e3c9e0f6533d494b3c516a4c30ebf932df49fceca11f671,1
prettier/prettier,code_change_lines_sum,https://oss.open-digger.cn/github/prettier/prettier/code_change_lines_sum.json,200,,2509,058d83e823d5af30328db6b822dc872a12930ae13e3ff2da8314e05f6a7d2f33,1
PrismJS/prism,issue_resolution_duration,https://oss.open-digger.cn/github/PrismJS/prism/issue_resolution_duration.json,200,,16319,58c8d422d5c38e23a04c4691ab6eef2f73d80c0e32c8379574ee2ff50dd209bf,1
PrismJS/prism,issue_age,https://oss.open-digger.cn/github/PrismJS/prism/issue_age.json,200,,20592,42e100452e21e666af9450e6686ff2a24f725b10af5909da02e5b3424087a024,1
PrismJS/prism,issues_new,https://oss.open-digger.cn/github/PrismJS/prism/issues_new.json,200,,2390,f7dd405517e1f3997edacc01385a59c8863fc9abcee92ad182241947a6319cd6,1
PrismJS/prism,contributors,https://oss.open-digger.cn/github/PrismJS/prism/contributors.json,200,,1799,beef22073bb93529bcdb853d5236d1df6374e62d2ab3c889ba6ed4a77c55e015,1
PrismJS/prism,code_change_lines_sum,https://oss.open-digger.cn/github/PrismJS/prism/code_change_lines_sum.json,200,,2737,0c7faa25afb6b2dcbc7a41a5a6259f256350b023a3536cdf5fdff78c59fe3d0e,1
processing/p5.js,issue_resolution_duration,https://oss.open-digger.cn/github/processing/p5.js/issue_resolution_duration.json,200,,19276,0ecd134db7f55f7745a027553e89b837b2379b32b5051211602d057b2a4461de,1
processing/p5.js,issue_age,https://oss.open-digger.cn/github/processing/p5.js/issue_age.json,200,,20628,74d7634b25f76577d7be0149c3857796397fec50e297c0ba1c8767ed5b1b942a,1
processing/p5.js,issues_new,https://oss.open-digger.cn/github/processing/p5.js/issues_new.json,200,,2495,d340f26d068c88fdd12fa816a77b503f14767b761f60228e76ce6da0616fa850,1
processing/p5.js,contributors,https://oss.open-digger.cn/github/processing/p5.js/contributors.json,200,,2446,eccce533f96baffd8e8471140509cc6d74415363835564ab32b2b80ebf75cd11,1
processing/p5.js,code_change_lines_sum,https://oss.open-digger.cn/github/processing/p5.js/code_change_lines_sum.json,200,,2965,168f844253022461b336adbe0b0ec6de1a73df8621bc36003c3ca92b433ca616,1
processing/processing,issue_resolution_duration,https://oss.open-digger.cn/github/processing/processing/issue_resolution_duration.json,200,,14061,63bd06464d8ef4cda034b489686294ba12426c3557912c11a5b9de34d88ef337,1
processing/processing,issue_age,https://oss.open-digger.cn/github/processing/processing/issue_age.json,200,,21050,d04f9256162255810be242ad96d283645a401fd622fe7f7427b368db44aa9254,1
processing/processing,issues_new,https://oss.open-digger.cn/github/processing/processing/issues_new.json,200,,1937,78e34a3be01d8b192f6558c2dfbee934461b9761d7ad0e55df6880dd092096f9,1
processing/processing,contributors,https://oss.open-digger.cn/github/processing/processing/contributors.json,200,,930,28ac88818dd10f8821480ce76c04d4bad54dad8d0a4e84f6c0954721fbf23002,1
processing/processing,code_change_lines_sum,https://oss.open-digger.cn/github/processing/processing/code_change_lines_sum.json,200,,1693,6e92f9fa1180db38c1e84a27c89daa342759967df833a97806437b5562f5efcc,1
processone/ejabberd,issue_resolution_duration,https://oss.open-digger.cn/github/processone/ejabberd/issue_resolution_duration.json,200,,19012,4a4cc7f677eada2cf5f1112c7048c8564e139800013961671a8ce6f328742e36,1
processone/ejabberd,issue_age,https://oss.open-digger.cn/github/processone/ejabberd/issue_age.json,200,,20592,7c48f2bc9c465c265c72029d46f5f94b80f941b48bab7681569087324ac56bd2,1
processone/ejabberd,issues_new,https://oss.open-digger.cn/github/processone/ejabberd/issues_new.json,200,,2464,67aa36d5ca91f6e313d4ac0a19b95fbb299c558506441f5f3ed2c9d4e293a020,1
processone/ejabberd,contributors,https://oss.open-digger.cn/github/processone/ejabberd/contributors.json,200,,1870,92c2eb081cbc2ad336f18bb310e93f93ce5345c5688420405453536658e65ed8,1
processone/ejabberd,code_change_lines_sum,https://oss.open-digger.cn/github/processone/ejabberd/code_change_lines_sum.json,200,,2397,9112664d6f5aa43ed5e505bf2774d84c7a3e5e64dba467fe8364a3949895c4a6,1
project-copacetic/copacetic,issue_resolution_duration,https://oss.open-digger.cn/github/project-copacetic/copacetic/issue_resolution_duration.json,200,,5488,4192a5b9f5b9b3b51ea73672d3ffe8a2c96999690579c6d59d80b515a7ecece6,1
project-copacetic/copacetic,issue_age,https://oss.open-digger.cn/github/project-copacetic/copacetic/issue_age.json,200,,5688,ee5b0f1315e84f1e1efed35e7309d3a9e6c249af101abb48b0f537ca0564fa0f,1
project-copacetic/copacetic,issues_new,https://oss.open-digger.cn/github/project-copacetic/copacetic/issues_new.json,200,,670,9a541ab611d4a7eb9c9082d04202d539fb4fbeb90bcceb3758ad1cf141ce8ada,1
project-copacetic/copacetic,contributors,https://oss.open-digger.cn/github/project-copacetic/copacetic/contributors.json,200,,572,33512bb89a78150c2b7ed646ce88003785a76bfb19feca54294c743775390931,1
project-copacetic/copacetic,code_change_lines_sum,https://oss.open-digger.cn/github/project-copacetic/copacetic/code_change_lines_sum.json,200,,719,4e73616b95f36a956fd144663751fa53991f0a569f44016d662ab34e012a9367,1
prometheus/prometheus,issue_resolution_duration,https://oss.open-digger.cn/github/prometheus/prometheus/issue_resolution_duration.json,200,,19612,30df886f68684a65911f688969418c0a9a60e98b67d57d5a6861d46086422216,1
prometheus/prometheus,issue_age,https://oss.open-digger.cn/github/prometheus/prometheus/issue_age.json,200,,20753,3db07f768a0878b50738bf606d155f55d65feb9c59eeb41406522a1f38567e7a,1
prometheus/prometheus,issues_new,https://oss.open-digger.cn/github/prometheus/prometheus/issues_new.json,200,,2515,fdef46f0df8324bfa81c22bd3c8bd776db3c6269bb33515a033b8071188e91bf,1
prometheus/prometheus,contributors,https://oss.open-digger.cn/github/prometheus/prometheus/contributors.json,200,,2481,5c19045e2d49afe965fb52301cd524607d2b7e9e006bf0ac58d8fadce56217e2,1
prometheus/prometheus,code_change_lines_sum,https://oss.open-digger.cn/github/prometheus/prometheus/code_change_lines_sum.json,200,,3113,941a84073276fb84f15de9c5aba895279c8071f011327056040ae28ea2f2dc40,1
pry/pry,issue_resolution_duration,https://oss.open-digger.cn/github/pry/pry/issue_resolution_duration.json,200,,14506,d4f019a22f9d53afabbb22a281a7b7ea8a77c15b769408cc3e76c292193a7e8f,1
pry/pry,issue_age,https://oss.open-digger.cn/github/pry/pry/issue_age.json,200,,20800,4a452dfc3c2af63ac698c4febec6b039971afb5b1968869c12dcfd6dbd012298,1
pry/pry,issues_new,https://oss.open-digger.cn/github/pry/pry/issues_new.json,200,,1884,85f9e0d2dee62f22cd68554b00bf8b619ce01e204ebfaf5cd7745148bc72e0bf,1
pry/pry,contributors,https://oss.open-digger.cn/github/pry/pry/contributors.json,200,,1554,40e80e2e50d68adcef3c5946aee8024466900981dd44422a4fe1f34e8c5c1ba8,1
pry/pry,code_change_lines_sum,https://oss.open-digger.cn/github/pry/pry/code_change_lines_sum.json,200,,1921,d7e8f1405f379c99c1526909c4044882c5f1eafc477b49ab0d47842ecded7854,1
puma/puma,issue_resolution_duration,https://oss.open-digger.cn/github/puma/puma/issue_resolution_duration.json,200,,18761,0e0074ecd9814b052e13ac990780b7b4dc67b74cc824dfe522bb6e3674f7bf57,1
puma/puma,issue_age,https://oss.open-digger.cn/github/puma/puma/issue_age.json,200,,20255,7f0731100556e61ef76de2dd8dd6ea6e4606079553e885abb218db50d5f20bae,1
puma/puma,issues_new,https://oss.open-digger.cn/github/puma/puma/issues_new.json,200,,2373,21398adb5137f079bae610f0dd2d1ddf4430c91909ef7d3c372b7bb019246614,1
puma/puma,contributors,https://oss.open-digger.cn/github/puma/puma/contributors.json,200,,2210,fc8c88974c7a89b1e89843cc8016620e922e1eb7dc061e5d4e523102bb4fdd3d,1
puma/puma,code_change_lines_sum,https://oss.open-digger.cn/github/puma/puma/code_change_lines_sum.json,200,,2682,8bce7cc0a3c569a79992347e8c5e4f03e4882f6456538196ff2c82f596762fa0,1
purescript/purescript,issue_resolution_duration,https://oss.open-digger.cn/github/purescript/purescript/issue_resolution_duration.json,200,,16630,64cf78409a5ba6a01c226c01774c08f4491cc8f6cea56f58d7cb73b7fd586bd0,1
purescript/purescript,issue_age,https://oss.open-digger.cn/github/purescript/purescript/issue_age.json,200,,21011,f2bf0d93cc3e116e76178c307dc66331e527895aeff0c7da37c26e15fc8cdd2a,1
purescript/purescript,issues_new,https://oss.open-digger.cn/github/purescript/purescript/issues_new.json,200,,2208,eb2b0f27d5beb09d234b4126dc9ea5bf21b2dbca4773f49abd7c6c5967fd7523,1
purescript/purescript,contributors,https://oss.open-digger.cn/github/purescript/purescript/contributors.json,200,,1890,de6b7a62d569e1c9ea30de159e36fe4a3bef8a19e75c690e703bed0d2967a8d8,1
purescript/purescript,code_change_lines_sum,https://oss.open-digger.cn/github/purescript/purescript/code_change_lines_sum.json,200,,2512,75589ae965d5e0b5474dea02ded2fee28884c938d4bd9906e52eeb1e0b0ab91e,1
PX4/PX4-Autopilot,issue_resolution_duration,https://oss.open-digger.cn/github/PX4/PX4-Autopilot/issue_resolution_duration.json,200,,19798,2f62d663445024610a459b7a5d323b83252b2cb647ed9a26df11cfd6e1b46bb7,1
PX4/PX4-Autopilot,issue_age,https://oss.open-digger.cn/github/PX4/PX4-Autopilot/issue_age.json,200,,20952,4feeb9802f807b45920cfde9bed88d7bac09d08529335299c3975b41120cd504,1
PX4/PX4-Autopilot,issues_new,https://oss.open-digger.cn/github/PX4/PX4-Autopilot/issues_new.json,200,,2538,273b22654d5b80ce748ba8e0ecbdd222224d4f8a65e65494f59131e290f7adef,1
PX4/PX4-Autopilot,contributors,https://oss.open-digger.cn/github/PX4/PX4-Autopilot/contributors.json,200,,2510,9402ee3496db2441b4f3853ace96e11c433887ee82793a0f443a4ad35e296f02,1
PX4/PX4-Autopilot,code_change_lines_sum,https://oss.open-digger.cn/github/PX4/PX4-Autopilot/code_change_lines_sum.json,200,,3153,ed90d649eb727f968501cc26bd77d1d160e1724603c86cae699edf7cee2589a8,1
pypa/pip,issue_resolution_duration,https://oss.open-digger.cn/github/pypa/pip/issue_resolution_duration.json,200,,19522,c57db106cf8026631c3e1dd81b473326b79c4eedb2e13d143e88f9017a1aafe5,1
pypa/pip,issue_age,https://oss.open-digger.cn/github/pypa/pip/issue_age.json,200,,21074,6c736258eab81c177e85399fea590ef6fb358b22394fac67084dda48184c6965,1
pypa/pip,issues_new,https://oss.open-digger.cn/github/pypa/pip/issues_new.json,200,,2518,3ff4af211939fb09ae621184c37265a2c62b15248c200f0207294b7d4f44ecc7,1
pypa/pip,contributors,https://oss.open-digger.cn/github/pypa/pip/contributors.json,200,,2440,c1f97a9e1e97bb278c8590e3041a03c651d20b764a76dbee7fa1d7324249b73e,1
pypa/pip,code_change_lines_sum,https://oss.open-digger.cn/github/pypa/pip/code_change_lines_sum.json,200,,2950,1b6865130ae7a2e676224ebb9f3d113bc761d326817acdecd1a7feebeaf0f6ab,1
PyTables/PyTables,issue_resolution_duration,https://oss.open-digger.cn/github/PyTables/PyTables/issue_resolution_duration.json,200,,16983,0539fec64fbc5bef304ccb83b428d48593dbf5f3a7892d8c9b6640305ad143dd,1
PyTables/PyTables,issue_age,https://oss.open-digger.cn/github/PyTables/PyTables/issue_age.json,200,,20720,a170d031fa4b0167b7be899a59032975f9559bf5d26a2d46726964983f2817cf,1
PyTables/PyTables,issues_new,https://oss.open-digger.cn/github/PyTables/PyTables/issues_new.json,200,,2068,322e8a0f2456ea024f062e01c948880ea121a87247d911e6f5585f10102416cf,1
PyTables/PyTables,contributors,https://oss.open-digger.cn/github/PyTables/PyTables/contributors.json,200,,1687,ce6d8812bbec411387abadf101f97986607e1d21b34a3422300aef3c4b68ee06,1
PyTables/PyTables,code_change_lines_sum,https://oss.open-digger.cn/github/PyTables/PyTables/code_change_lines_sum.json,200,,2025,2bc411180ac632825608eaab60ccf2398337b9938bf67dd5021e60ee40993c8c,1
python-pillow/Pillow,issue_resolution_duration,https://oss.open-digger.cn/github/python-pillow/Pillow/issue_resolution_duration.json,200,,19299,a3909aa83fe670d9184aacb5a83de02d3128590f234c9028df72157c14cfcb3d,1
python-pillow/Pillow,issue_age,https://oss.open-digger.cn/github/python-pillow/Pillow/issue_age.json,200,,20620,db6f9143918adfcb5378dd811f5189d064f73cacbf87a7ff686071f87778eb0a,1
python-pillow/Pillow,issues_new,https://oss.open-digger.cn/github/python-pillow/Pillow/issues_new.json,200,,2471,869991ccf3b9b0d87e900e8091c5b390776f62674c9fb9e3a2d8cf777752a41c,1
python-pillow/Pillow,contributors,https://oss.open-digger.cn/github/python-pillow/Pillow/contributors.json,200,,2382,56de45630120a3955fcbf8936c506d2c86154abc2e9d421566f6e43031fdce22,1
python-pillow/Pillow,code_change_lines_sum,https://oss.open-digger.cn/github/python-pillow/Pillow/code_change_lines_sum.json,200,,2829,6be828791609c449eb3013506cdcfdeb69bedbd4439b8fe44d2291c514b7114d,1
pytorch/pytorch,issue_resolution_duration,https://oss.open-digger.cn/github/pytorch/pytorch/issue_resolution_duration.json,200,,17489,9219fbb5ac0b701f03a25cad1484fdc3509ca104a0cae6155201cac5677efc29,1
pytorch/pytorch,issue_age,https://oss.open-digger.cn/github/pytorch/pytorch/issue_age.json,200,,17597,63162cd0594815784babe5ff24bb749931b951098aa96c0ab4500cce6ca78fd0,1
pytorch/pytorch,issues_new,https://oss.open-digger.cn/github/pytorch/pytorch/issues_new.json,200,,2376,cdd48156c2a7b02df43104c19b6bae640837c0f695ac5590060cf9c96b1a4e1f,1
pytorch/pytorch,contributors,https://oss.open-digger.cn/github/pytorch/pytorch/contributors.json,200,,1968,b6ba31a3df531f7b2f57002c0ac213fe236f17bdf30efcbba757904be5da1239,1
pytorch/pytorch,code_change_lines_sum,https://oss.open-digger.cn/github/pytorch/pytorch/code_change_lines_sum.json,200,,2687,d48e1a62636d71f5f92ba12f5420fddd2f4ed1fc40fba98bef1dc4d7b18adba8,1
qax-os/excelize,issue_resolution_duration,https://oss.open-digger.cn/github/qax-os/excelize/issue_resolution_duration.json,200,,15757,c940e822211c22c7979813aaf56d9ced89372f73ff338eabb5fde03ad28ee8e0,1
qax-os/excelize,issue_age,https://oss.open-digger.cn/github/qax-os/excelize/issue_age.json,200,,17169,3004148b9c9560b5b857391857a127fbb4d1f20462c75e2350650c0ce9b12302,1
qax-os/excelize,issues_new,https://oss.open-digger.cn/github/qax-os/excelize/issues_new.json,200,,2012,bac79bb7ece86519fc3a9e57a1c9137acabc320dc78a3fb15ab04382ed479e89,1
qax-os/excelize,contributors,https://oss.open-digger.cn/github/qax-os/excelize/contributors.json,200,,1721,1d2dde2ed3317f0c123372274043f00c37eb91cc6698bc15e753685dabb44531,1
qax-os/excelize,code_change_lines_sum,https://oss.open-digger.cn/github/qax-os/excelize/code_change_lines_sum.json,200,,2091,a14cb4e14c2b4543fa63f2ca551be6f486500a9ff0ad53485d9fcec8e4cb009e,1
QL-Win/QuickLook,issue_resolution_duration,https://oss.open-digger.cn/github/QL-Win/QuickLook/issue_resolution_duration.json,200,,15574,202df1802ad7480041c0fe165af012e421ea04009a11ef2a522396fbefb657c9,1
QL-Win/QuickLook,issue_age,https://oss.open-digger.cn/github/QL-Win/QuickLook/issue_age.json,200,,16438,aa7e035767de977c06829755a2f30ce85821f0d937af7f0c51e409c957e6f1b5,1
QL-Win/QuickLook,issues_new,https://oss.open-digger.cn/github/QL-Win/QuickLook/issues_new.json,200,,1963,2138f6e993b43212f2c2d7d4b1c24854b67c6e0493f1a20c34a325125156e9d7,1
QL-Win/QuickLook,contributors,https://oss.open-digger.cn/github/QL-Win/QuickLook/contributors.json,200,,1050,06b84886d25b0d55f7b0129c4a68b9206f7385ed04c013100b3e152789ccd3fc,1
QL-Win/QuickLook,code_change_lines_sum,https://oss.open-digger.cn/github/QL-Win/QuickLook/code_change_lines_sum.json,200,,1398,cccdef52c0395b96907ae53adfd5f58a323371da0e583c1a2768cb1d1bf5479c,1
QuantEcon/QuantEcon.py,issue_resolution_duration,https://oss.open-digger.cn/github/QuantEcon/QuantEcon.py/issue_resolution_duration.json,200,,12462,73903d591018ed18fef0549418a3004fa7a1eeb537b4c6fc3a827275203b883f,1
QuantEcon/QuantEcon.py,issue_age,https://oss.open-digger.cn/github/QuantEcon/QuantEcon.py/issue_age.json,200,,20999,b8e34a888e7d623eb26133a93731fcbd8d54db9d8fa6bea6668b387347bb9a3d,1
QuantEcon/QuantEcon.py,issues_new,https://oss.open-digger.cn/github/QuantEcon/QuantEcon.py/issues_new.json,200,,1554,da268d1f69845335d75284da87ca1f1b958cc53481efe036dda0e16e4ce0da32,1
QuantEcon/QuantEcon.py,contributors,https://oss.open-digger.cn/github/QuantEcon/QuantEcon.py/contributors.json,200,,1657,ed61af071c640f5634d4d774a33ac6abb82231c20e11741ad3d23fd1750798fd,1
QuantEcon/QuantEcon.py,code_change_lines_sum,https://oss.open-digger.cn/github/QuantEcon/QuantEcon.py/code_change_lines_sum.json,200,,2125,d0f8f4144d6bfdc19a444030d7f2ec246744c6fc551a9c85506c95d1a4142b71,1
quantopian/zipline,issue_resolution_duration,https://oss.open-digger.cn/github/quantopian/zipline/issue_resolution_duration.json,200,,11158,d9a040a54fee256714d832b8d0fbff1fc49e8d01d09d9c3adf1d3de12e5d53b9,1
quantopian/zipline,issue_age,https://oss.open-digger.cn/github/quantopian/zipline/issue_age.json,200,,20870,f60c0e93a0e89e6452a973e5ee96e2a34f2b00f9120b1d808fcfbe300e9202fd,1
quantopian/zipline,issues_new,https://oss.open-digger.cn/github/quantopian/zipline/issues_new.json,200,,1826,9081959d17eb70b705126f5f309bc80397328990752e43701d198485f4ac82ec,1
quantopian/zipline,contributors,https://oss.open-digger.cn/github/quantopian/zipline/contributors.json,200,,1191,ae6fb8499c3ca1ff5b3c2e68c91c05631b4706d5dd8e44f9af44320ba429f997,1
quantopian/zipline,code_change_lines_sum,https://oss.open-digger.cn/github/quantopian/zipline/code_change_lines_sum.json,200,,1842,b3b8599c0ddccb65444c43fd0d0bda06adee77cad77dd944f9c704a78f5e1ac8,1
QwenLM/Qwen,issue_resolution_duration,https://oss.open-digger.cn/github/QwenLM/Qwen/issue_resolution_duration.json,200,,4464,6077cc56bc4f67452083d831f3f54f328cbafeabf58b462bc438f3dda7995eaa,1
QwenLM/Qwen,issue_age,https://oss.open-digger.cn/github/QwenLM/Qwen/issue_age.json,200,,4788,d238bd6e0f75e662c49a059427732f19c2797cf5222f03bf24f0f5667f110cab,1
QwenLM/Qwen,issues_new,https://oss.open-digger.cn/github/QwenLM/Qwen/issues_new.json,200,,612,369c54228d0426d5f0c571c3513deaa5b1df8970331c0ca89340128018b4425e,1
QwenLM/Qwen,contributors,https://oss.open-digger.cn/github/QwenLM/Qwen/contributors.json,200,,220,2b66c493d908345aeada77cb515f36d2180f68407578ca39cd26185e0e00f38d,1
QwenLM/Qwen,code_change_lines_sum,https://oss.open-digger.cn/github/QwenLM/Qwen/code_change_lines_sum.json,200,,274,397d49a46db7a8ad2145d513b880d61527097b22f7dbaef7bbd69131b84b612d,1
rabbitmq/rabbitmq-server,issue_resolution_duration,https://oss.open-digger.cn/github/rabbitmq/rabbitmq-server/issue_resolution_duration.json,200,,18757,b475b7d881a8b4bf6c8a44c0739ac4d23e70fc7e94f25720b51269fe04ebadba,1
rabbitmq/rabbitmq-server,issue_age,https://oss.open-digger.cn/github/rabbitmq/rabbitmq-server/issue_age.json,200,,20353,485a1de2e6103fc05dfa344c5f05d70f96224e7f4d9d6e18f896cebf4ade5753,1
rabbitmq/rabbitmq-server,issues_new,https://oss.open-digger.cn/github/rabbitmq/rabbitmq-server/issues_new.json,200,,2469,5ee0bd0dcf7d3a83d31ac5ee4b8487ce13507d2cc5652e5ee10db5c4a2ed68f8,1
rabbitmq/rabbitmq-server,contributors,https://oss.open-digger.cn/github/rabbitmq/rabbitmq-server/contributors.json,200,,2415,ca03728d6b5e9fa160e4932dd9570fcddfbfa6950b1aad84891b8a1c69bf8813,1
rabbitmq/rabbitmq-server,code_change_lines_sum,https://oss.open-digger.cn/github/rabbitmq/rabbitmq-server/code_change_lines_sum.json,200,,2960,5309f630f83977e71fad40126f34edac36599ce2955e6f7b73d8950962abb282,1
rack/rack,issue_resolution_duration,https://oss.open-digger.cn/github/rack/rack/issue_resolution_duration.json,200,,17338,3409b90dfbcae938f66634ed668ec0ca5b752cd235df6b359137d0b1a3ae1d86,1
rack/rack,issue_age,https://oss.open-digger.cn/github/rack/rack/issue_age.json,200,,20412,e403a3e672db4a7e401b6c1c89dd2c1c2152e0da1e65ee2b99e6be117bd6bab2,1
rack/rack,issues_new,https://oss.open-digger.cn/github/rack/rack/issues_new.json,200,,2159,43a2638226b4948cd4d45668e476c196c196acb88b8ae6e6a1dc412661cdb841,1
rack/rack,contributors,https://oss.open-digger.cn/github/rack/rack/contributors.json,200,,2131,8183a4fe6ac1988c8a59a2ec14a03cc47ddd4739ede00540d3df7af5e817f290,1
rack/rack,code_change_lines_sum,https://oss.open-digger.cn/github/rack/rack/code_change_lines_sum.json,200,,2576,7dc653fda42a37f4105e1d44577263b8bd7a616c56c96f9f2bb6cb920051067b,1
ractivejs/ractive,issue_resolution_duration,https://oss.open-digger.cn/github/ractivejs/ractive/issue_resolution_duration.json,200,,12984,cb2e9d0ca92748cd697b6b448fef1f49cbcefcde6c15d936a3374d582b015d36,1
ractivejs/ractive,issue_age,https://oss.open-digger.cn/github/ractivejs/ractive/issue_age.json,200,,20684,f0e4f34f58d55fe72d56bb529a3ae393cd4f3bb2efa8115d4a4f44a841e99e2b,1
ractivejs/ractive,issues_new,https://oss.open-digger.cn/github/ractivejs/ractive/issues_new.json,200,,1718,3372880b650c847b1b63a3df2f117de7da72cc24dadd8521185bdd2038846c31,1
ractivejs/ractive,contributors,https://oss.open-digger.cn/github/ractivejs/ractive/contributors.json,200,,918,b0ffaefa66ef9cebc89af8eaaa078472db07781cef5b8f554b3c515da0d365b7,1
ractivejs/ractive,code_change_lines_sum,https://oss.open-digger.cn/github/ractivejs/ractive/code_change_lines_sum.json,200,,1477,1626c01a805a7574e3fb631c9f040dec7fb903da2d7b8daad99198ce6ea601ad,1
rails-api/active_model_serializers,issue_resolution_duration,https://oss.open-digger.cn/github/rails-api/active_model_serializers/issue_resolution_duration.json,200,,11886,4d2dc08c880de0d411e8a3c73468d42918555b62a88177c76d2297dd35f81d0c,1
rails-api/active_model_serializers,issue_age,https://oss.open-digger.cn/github/rails-api/active_model_serializers/issue_age.json,200,,21101,da01bc53b106e5884cc5c1d0b794fd92d3f1851ad611e4a673a43fc3bd9713de,1
rails-api/active_model_serializers,issues_new,https://oss.open-digger.cn/github/rails-api/active_model_serializers/issues_new.json,200,,1777,3f4f9382650c48f27f30a953aff1a10b0ecb17281c513d5da797c484d614e195,1
rails-api/active_model_serializers,contributors,https://oss.open-digger.cn/github/rails-api/active_model_serializers/contributors.json,200,,1333,b706e7b261f4bbe611dc928b50547086738b67773052164d3ace57f265fea51b,1
rails-api/active_model_serializers,code_change_lines_sum,https://oss.open-digger.cn/github/rails-api/active_model_serializers/code_change_lines_sum.json,200,,1932,9121c488787281a0e8f4cd680611aa8d79ddde9f3a803214e4db3f9958ce1e61,1
rails/rails,issue_resolution_duration,https://oss.open-digger.cn/github/rails/rails/issue_resolution_duration.json,200,,19374,35fd3172f212cf9550f17bf0119aa87f5b3c923e468c2bd647a7e59bd5db7cae,1
rails/rails,issue_age,https://oss.open-digger.cn/github/rails/rails/issue_age.json,200,,21050,fb9208273cd58ee3b5c1b12c91a06ba668f48ce9074f6f3f14f47671614ed111,1
rails/rails,issues_new,https://oss.open-digger.cn/github/rails/rails/issues_new.json,200,,2582,1eb7a310e3b5ed53c7c6214eb6cd49ac3341341c06fa4557ac259884537cad94,1
rails/rails,contributors,https://oss.open-digger.cn/github/rails/rails/contributors.json,200,,2562,f590622f1e59bbefc5c75cbed22b9298b132fd63b44d4723e173c6d776c8311e,1
rails/rails,code_change_lines_sum,https://oss.open-digger.cn/github/rails/rails/code_change_lines_sum.json,200,,3052,49e0b2d4f0743e0ec27d67fcca2e3ec0f487a025d7d89809176ef821d986c118,1
ramda/ramda,issue_resolution_duration,https://oss.open-digger.cn/github/ramda/ramda/issue_resolution_duration.json,200,,16704,4d6cb0c4d03d351558c634d8057516b856dd07540ef2e50ee3d4b27a2557bcfa,1
ramda/ramda,issue_age,https://oss.open-digger.cn/github/ramda/ramda/issue_age.json,200,,20866,0ed27574e23513bfa6de8e72ceb9da14b9a62895937a2387c85d419953781456,1
ramda/ramda,issues_new,https://oss.open-digger.cn/github/ramda/ramda/issues_new.json,200,,2109,5800de16e422a5b812985e1ad57b6fb01cd2310b25123502152c0b8b5f9c5ae3,1
ramda/ramda,contributors,https://oss.open-digger.cn/github/ramda/ramda/contributors.json,200,,1973,a494cd8ec8888fec177483658e0e89f2fd755adbdbbc352a22d86f4435691c08,1
ramda/ramda,code_change_lines_sum,https://oss.open-digger.cn/github/ramda/ramda/code_change_lines_sum.json,200,,2459,f9ce5eff39e27108c9ac5cf308b21ad24ffbdfbb8c55a849c383934923cbc88a,1
rancher/rancher,issue_resolution_duration,https://oss.open-digger.cn/github/rancher/rancher/issue_resolution_duration.json,200,,20185,060f586e4ff8b5334458689a114393a3f412f8c90353b3e9f161c7c4bc1c3e7d,1
rancher/rancher,issue_age,https://oss.open-digger.cn/github/rancher/rancher/issue_age.json,200,,21240,6709080de027497ff69f0863b1e069ac019577e124be3ecc037d45b0478e798b,1
rancher/rancher,issues_new,https://oss.open-digger.cn/github/rancher/rancher/issues_new.json,200,,2694,e436e7bafdd35f02968c3554011406240e7680416d8197df7ac78945aaea067b,1
rancher/rancher,contributors,https://oss.open-digger.cn/github/rancher/rancher/contributors.json,200,,2446,4f82c8af4d7ffa8abac78e4fb55b2388472d661cc8a5b1c001713e77b5188bef,1
rancher/rancher,code_change_lines_sum,https://oss.open-digger.cn/github/rancher/rancher/code_change_lines_sum.json,200,,3003,8654c056f54c9025655afba0a9fa953811a74716f75f44a7322856690ac1a00f,1
rapid7/metasploit-framework,issue_resolution_duration,https://oss.open-digger.cn/github/rapid7/metasploit-framework/issue_resolution_duration.json,200,,19511,96ff3a2be6496404b6fa403c3cffaf1e166610b90ca6b58fa8a0ad181451c3d4,1
rapid7/metasploit-framework,issue_age,https://oss.open-digger.cn/github/rapid7/metasploit-framework/issue_age.json,200,,21035,b4cd21945fa3a4808b6b09384b794ac64e1bfb5301f613ee4254f8a3d44a4667,1
rapid7/metasploit-framework,issues_new,https://oss.open-digger.cn/github/rapid7/metasploit-framework/issues_new.json,200,,2521,56848e288aa669b2c266fe2c892e8ff0c23ec220beb0b712d7006f1f38e4baaf,1
rapid7/metasploit-framework,contributors,https://oss.open-digger.cn/github/rapid7/metasploit-framework/contributors.json,200,,2508,6487baa17353bd4f63f93121c717d1887c8f12dc588c1e3bee1489f78388076b,1
rapid7/metasploit-framework,code_change_lines_sum,https://oss.open-digger.cn/github/rapid7/metasploit-framework/code_change_lines_sum.json,200,,3106,a162a260086f08489f0a06e0e60a1406da1b4a0b3281eb472a4ea96f42c58a64,1
raspberrypi/linux,issue_resolution_duration,https://oss.open-digger.cn/github/raspberrypi/linux/issue_resolution_duration.json,200,,19213,299453d9151a5a6a590db1c0fb15ebaea6f1e713a1dd18117a52ba7d8db07e55,1
raspberrypi/linux,issue_age,https://oss.open-digger.cn/github/raspberrypi/linux/issue_age.json,200,,20750,ec093c40ddffc879fd05dbfef7a04835dea48786cc71fc3583c5ef228f25d3f2,1
raspberrypi/linux,issues_new,https://oss.open-digger.cn/github/raspberrypi/linux/issues_new.json,200,,2473,10fac1ccc20d50c6c27c213bbe06541f1850bbfe2928046064ce6c24bd003742,1
raspberrypi/linux,contributors,https://oss.open-digger.cn/github/raspberrypi/linux/contributors.json,200,,2367,374ecd19c4a3bea0cbb22bd28478fb7003559d93ab889a5451e4b4f8688dac0f,1
raspberrypi/linux,code_change_lines_sum,https://oss.open-digger.cn/github/raspberrypi/linux/code_change_lines_sum.json,200,,3040,e8291d8ae5ee358337866dfd6fe41727857e44efde9caa794b7790ce16fee9a1,1
rbenv/ruby-build,issue_resolution_duration,https://oss.open-digger.cn/github/rbenv/ruby-build/issue_resolution_duration.json,200,,17986,05231b00f7f2f174f24361d3126368b4c763693a46839f2bfa1814dd929ae408,1
rbenv/ruby-build,issue_age,https://oss.open-digger.cn/github/rbenv/ruby-build/issue_age.json,200,,20452,b3da6d28ff09c152ecfd8e166ae68ed40553a5e10f11586ea981de4d2fb3211b,1
rbenv/ruby-build,issues_new,https://oss.open-digger.cn/github/rbenv/ruby-build/issues_new.json,200,,2250,87cde3732fb4c54aaeb267fe5ea0db93e76d36e1082a6bb9310e3895304bc32c,1
rbenv/ruby-build,contributors,https://oss.open-digger.cn/github/rbenv/ruby-build/contributors.json,200,,2197,f7c4861b4bcc8931383a535ded7a14fee29c213d13e256241a9b6f34f6c4ad4e,1
rbenv/ruby-build,code_change_lines_sum,https://oss.open-digger.cn/github/rbenv/ruby-build/code_change_lines_sum.json,200,,2411,8c154d72ecbe652e1cd641752ca995a14536002a2df7cb10ad8a1523dc509544,1
react-bootstrap/react-bootstrap,issue_resolution_duration,https://oss.open-digger.cn/github/react-bootstrap/react-bootstrap/issue_resolution_duration.json,200,,18305,492a801748a2436f28462ab9e00d5573ecd4c7d49a33a20b4c90b5a0e9d81a75,1
react-bootstrap/react-bootstrap,issue_age,https://oss.open-digger.cn/github/react-bootstrap/react-bootstrap/issue_age.json,200,,20509,29e3bfcd9db47771fa2d90c94ba53cc9498581c7fb06c7072e7729824c7200ce,1
react-bootstrap/react-bootstrap,issues_new,https://oss.open-digger.cn/github/react-bootstrap/react-bootstrap/issues_new.json,200,,2366,362a39c9b41fec3eba51cea737f229159affd2e901e473d52a6464b31bb36119,1
react-bootstrap/react-bootstrap,contributors,https://oss.open-digger.cn/github/react-bootstrap/react-bootstrap/contributors.json,200,,2199,559c1264e7092715d27ab0e963e931b9a931ace5fa64db628aa7d58ecf177b3d,1
react-bootstrap/react-bootstrap,code_change_lines_sum,https://oss.open-digger.cn/github/react-bootstrap/react-bootstrap/code_change_lines_sum.json,200,,2785,513a1350216da7f9554f3a61418b84721ff9ceae928e66befb2cc70dddafb09c,1
react-toolbox/react-toolbox,issue_resolution_duration,https://oss.open-digger.cn/github/react-toolbox/react-toolbox/issue_resolution_duration.json,200,,6699,83086e620acc43069c3e95411d1e29ec4c11a6aff5ad83a2d896242023478128,1
react-toolbox/react-toolbox,issue_age,https://oss.open-digger.cn/github/react-toolbox/react-toolbox/issue_age.json,200,,19614,9e7c4336ceedce085ef9e6141aa4b7f1041fedf44a7aa19cc92c158e5a6972bf,1
react-toolbox/react-toolbox,issues_new,https://oss.open-digger.cn/github/react-toolbox/react-toolbox/issues_new.json,200,,1196,4b6f8d73556904944567aad51f41322c34d365e64b21cddc80970f3435f49a87,1
react-toolbox/react-toolbox,contributors,https://oss.open-digger.cn/github/react-toolbox/react-toolbox/contributors.json,200,,686,7da5de5d1933b7ebaaabc9af44c7a071a31c06e992703081b95e1457b8fd74a9,1
react-toolbox/react-toolbox,code_change_lines_sum,https://oss.open-digger.cn/github/react-toolbox/react-toolbox/code_change_lines_sum.json,200,,1526,8b1fe0c0032fb72939bf387a0e9ab884dcd55819debc8ce4b644268a0c995b7b,1
reactive/data-client,issue_resolution_duration,https://oss.open-digger.cn/github/reactive/data-client/issue_resolution_duration.json,200,,8326,e677155db6191a98334abb68a948e5350780225264b0d0221a62c19641143b92,1
reactive/data-client,issue_age,https://oss.open-digger.cn/github/reactive/data-client/issue_age.json,200,,12746,062a1a1982540c75b6aba0fe7c4c49932047b89d39aea6f20e6836d3274f1fe8,1
reactive/data-client,issues_new,https://oss.open-digger.cn/github/reactive/data-client/issues_new.json,200,,987,c76876c6e9849054ae877eb7e7ff01358ce5dc5b3c98c2e4ffbe5524f887fac6,1
reactive/data-client,contributors,https://oss.open-digger.cn/github/reactive/data-client/contributors.json,200,,1351,c6c0288314c27b02c618cda3f3e6c4d9be3f66d1edbdb24e2d646ec3eaa252f3,1
reactive/data-client,code_change_lines_sum,https://oss.open-digger.cn/github/reactive/data-client/code_change_lines_sum.json,200,,1701,7d2cd6937094c1d27f9b677662ae7ab45363d8d01a4a0e627ee0a7ae7db38151,1
reactiveui/ReactiveUI,issue_resolution_duration,https://oss.open-digger.cn/github/reactiveui/ReactiveUI/issue_resolution_duration.json,200,,18467,1220097b4074a0eab2a43ff7d09080fdf5ac93f4f375686c66cf54adc5958aca,1
reactiveui/ReactiveUI,issue_age,https://oss.open-digger.cn/github/reactiveui/ReactiveUI/issue_age.json,200,,20496,0ad28dc3e6fece7ed5945c7a222d2cde044dab63abef2b984e5350a54a7dd07e,1
reactiveui/ReactiveUI,issues_new,https://oss.open-digger.cn/github/reactiveui/ReactiveUI/issues_new.json,200,,2329,2371ce8922764f85784d5c64add0dd49ce803bf48b4f22dd4b3af9e95ad0cd63,1
reactiveui/ReactiveUI,contributors,https://oss.open-digger.cn/github/reactiveui/ReactiveUI/contributors.json,200,,2220,20954c683a3736479e530a3dc41f5e519306c5182d7c68f57bfaf278619623be,1
reactiveui/ReactiveUI,code_change_lines_sum,https://oss.open-digger.cn/github/reactiveui/ReactiveUI/code_change_lines_sum.json,200,,2737,fd4c4ddc8f3a7fb8dcfbe315ff7f868779bde6b40edea4992dd2b38018d38338,1
ReactiveX/RxJava,issue_resolution_duration,https://oss.open-digger.cn/github/ReactiveX/RxJava/issue_resolution_duration.json,200,,17624,1a03eb12843fd3c45334dcfa2d3df5ce386089c56dc87245339d391b6f187070,1
ReactiveX/RxJava,issue_age,https://oss.open-digger.cn/github/ReactiveX/RxJava/issue_age.json,200,,20585,09a32be704898f7d84de33067d5773f8459a70ccab3c1187ae963dba56f7811f,1
ReactiveX/RxJava,issues_new,https://oss.open-digger.cn/github/ReactiveX/RxJava/issues_new.json,200,,2322,1ab382cbac310f08370d7364930f6d136579c72f2fcd9e4981a139031755681e,1
ReactiveX/RxJava,contributors,https://oss.open-digger.cn/github/ReactiveX/RxJava/contributors.json,200,,2309,fab706c2b843d74f320bd7ce7c2499442d8c1975f3a548858d04a144ed67289a,1
ReactiveX/RxJava,code_change_lines_sum,https://oss.open-digger.cn/github/ReactiveX/RxJava/code_change_lines_sum.json,200,,2473,c9484d8c93713fc083d72bcb5a88ce1c1f949d819c2cc29c24aff6c2b59594d0,1
ReactiveX/RxSwift,issue_resolution_duration,https://oss.open-digger.cn/github/ReactiveX/RxSwift/issue_resolution_duration.json,200,,16715,3b739b9809c515a194c7a6b37780e68427384307a24281c6e121fb540c4fbba8,1
ReactiveX/RxSwift,issue_age,https://oss.open-digger.cn/github/ReactiveX/RxSwift/issue_age.json,200,,20089,f11230bc77382209da82d559eb700a312bc8b7882ddafd19e12323029ef8d75a,1
ReactiveX/RxSwift,issues_new,https://oss.open-digger.cn/github/ReactiveX/RxSwift/issues_new.json,200,,2171,fe66cd0316c57b11739775d49d829089f747194f1467f9ffd524dfed40718140,1
ReactiveX/RxSwift,contributors,https://oss.open-digger.cn/github/ReactiveX/RxSwift/contributors.json,200,,1823,67a98d722e02b1701672fdb9f44c347a81f6856c8f9e0f5689df30733ed81ffd,1
ReactiveX/RxSwift,code_change_lines_sum,https://oss.open-digger.cn/github/ReactiveX/RxSwift/code_change_lines_sum.json,200,,2477,b431a8fef8b00456ac897e25981e2b58974bd360b768912f09da81aa9a88ea92,1
reactjs/react-rails,issue_resolution_duration,https://oss.open-digger.cn/github/reactjs/react-rails/issue_resolution_duration.json,200,,15100,6c37a7cdc62f3ab5b0ad75a0113b8cf7b052106e913ef9ae2c1bad68377222d5,1
reactjs/react-rails,issue_age,https://oss.open-digger.cn/github/reactjs/react-rails/issue_age.json,200,,20529,2e45962dd4e096ebd4a7a5ae40b3b759212ef409e10f7ab0bf924c0fcea6c677,1
reactjs/react-rails,issues_new,https://oss.open-digger.cn/github/reactjs/react-rails/issues_new.json,200,,2046,c1c941d150f9030b344916c44b55ccc37e78675a9ebdab4479bb14a550d28d72,1
reactjs/react-rails,contributors,https://oss.open-digger.cn/github/reactjs/react-rails/contributors.json,200,,1595,5a116127d3a984b08fbc7332e86d42a49b839d1a155465dce13220b8b699e609,1
reactjs/react-rails,code_change_lines_sum,https://oss.open-digger.cn/github/reactjs/react-rails/code_change_lines_sum.json,200,,2278,7e2d71f9b39250ffa7590e4de3a2bf3b8bc5ac29dd06a814d2e8a7876a861dff,1
realm/jazzy,issue_resolution_duration,https://oss.open-digger.cn/github/realm/jazzy/issue_resolution_duration.json,200,,16698,e785ec656786d32fdb6a513c4babcb4715d882523983c99ce83ab820edc877b4,1
realm/jazzy,issue_age,https://oss.open-digger.cn/github/realm/jazzy/issue_age.json,200,,20940,0baac3f8c1f52a5d868ad1299c9ec8f61ab4e4ae4d1426ad55dff166b6bbf347,1
realm/jazzy,issues_new,https://oss.open-digger.cn/github/realm/jazzy/issues_new.json,200,,2088,0a5f6e90467c140cf40a7ded209cde0c83823f434f8a539afe2db7ac2d6f01cb,1
realm/jazzy,contributors,https://oss.open-digger.cn/github/realm/jazzy/contributors.json,200,,1754,c855b5c82bb35cb4027dc10df8b71130339b3833ba354e0f7a2f11a70db79b7c,1
realm/jazzy,code_change_lines_sum,https://oss.open-digger.cn/github/realm/jazzy/code_change_lines_sum.json,200,,1989,a4ae2aef9b821d78cf6920720a5f3975a34b23ca16cdf72e4285803bf231260b,1
realm/SwiftLint,issue_resolution_duration,https://oss.open-digger.cn/github/realm/SwiftLint/issue_resolution_duration.json,200,,18912,f01734571aff51a2ae79bd6242a10823b6caea1e40edcd1e9c7ab725a0d46ab5,1
realm/SwiftLint,issue_age,https://oss.open-digger.cn/github/realm/SwiftLint/issue_age.json,200,,20153,fcd63144b81a203c357dcc881460424c6e9d66dd25e0f12155332acfc7ab8e86,1
realm/SwiftLint,issues_new,https://oss.open-digger.cn/github/realm/SwiftLint/issues_new.json,200,,2399,3bd75a6bd22a47124ec8bcce394651be01811ee19c7e02a2e280031de8ca4028,1
realm/SwiftLint,contributors,https://oss.open-digger.cn/github/realm/SwiftLint/contributors.json,200,,2289,785b23531147f6c83ca86a28cac6b650f5fc569f04df7ca3ea15bddf30dae74c,1
realm/SwiftLint,code_change_lines_sum,https://oss.open-digger.cn/github/realm/SwiftLint/code_change_lines_sum.json,200,,2764,0fc802608cf3a92e235aecd56019e885f69e904cdc53785a8b775456139cba29,1
redis/redis-rb,issue_resolution_duration,https://oss.open-digger.cn/github/redis/redis-rb/issue_resolution_duration.json,200,,16282,7bdcb2dc72416d8fbc0614bfd02f51b1dec27dcd2927c9fe133ed4d4adfe7abe,1
redis/redis-rb,issue_age,https://oss.open-digger.cn/github/redis/redis-rb/issue_age.json,200,,20663,c091c522f6e208a6526e6b0ede804ea84896894558b97c4dce98b9e1e38f6a6f,1
redis/redis-rb,issues_new,https://oss.open-digger.cn/github/redis/redis-rb/issues_new.json,200,,2025,d5359915b180496d680eb335c55555b4de6cf0ebdc0b9a43a2bdb10242230d9d,1
redis/redis-rb,contributors,https://oss.open-digger.cn/github/redis/redis-rb/contributors.json,200,,1623,bc196458238996562020ccb00f81f52947896209b2e294fbd4d122594e301f58,1
redis/redis-rb,code_change_lines_sum,https://oss.open-digger.cn/github/redis/redis-rb/code_change_lines_sum.json,200,,2189,2baa57245fe93b04a443371e6df58a670a5d4328ebed21590d7f09a28ce459e5,1
refinery/refinerycms,issue_resolution_duration,https://oss.open-digger.cn/github/refinery/refinerycms/issue_resolution_duration.json,200,,10620,208ef35c26cd06badb1283b4b52d17c5043a0b23264d976672e368743689cebe,1
refinery/refinerycms,issue_age,https://oss.open-digger.cn/github/refinery/refinerycms/issue_age.json,200,,19854,96e860335df4a885f429ce5beb44809538d0de18d64c78eb5edf2db068a8d5e5,1
refinery/refinerycms,issues_new,https://oss.open-digger.cn/github/refinery/refinerycms/issues_new.json,200,,1578,233163f82b8cede18cba95953b69c81c990b9ebb9e7224ef92fbb3023da74926,1
refinery/refinerycms,contributors,https://oss.open-digger.cn/github/refinery/refinerycms/contributors.json,200,,989,22d7794ed87be86ae45cd80b055f23c562f73edf5383a2090875c5996d49f6e0,1
refinery/refinerycms,code_change_lines_sum,https://oss.open-digger.cn/github/refinery/refinerycms/code_change_lines_sum.json,200,,1439,c7d998c4d9864262e7ef047d96bf5b6b261b9962f4ece3037101169c8e9bd4d7,1
remy/nodemon,issue_resolution_duration,https://oss.open-digger.cn/github/remy/nodemon/issue_resolution_duration.json,200,,18068,61dbd8dc54ce1f726bb95aadb4bf3848faa918a801b6a22e3d560de96976bb01,1
remy/nodemon,issue_age,https://oss.open-digger.cn/github/remy/nodemon/issue_age.json,200,,20603,c1985cba239e260c7ce1f5809dec259a4d0ca5d46bd43443b978e46cf8faf17e,1
remy/nodemon,issues_new,https://oss.open-digger.cn/github/remy/nodemon/issues_new.json,200,,2282,c0a008963d1dd67d6dbe115b48054492ccda058e3c18f22faa84c4bb96ff934b,1
remy/nodemon,contributors,https://oss.open-digger.cn/github/remy/nodemon/contributors.json,200,,1178,788c4fe9288b3013319d0caacb591bd466042b651ee2e2c00265fd3fbb99dd83,1
remy/nodemon,code_change_lines_sum,https://oss.open-digger.cn/github/remy/nodemon/code_change_lines_sum.json,200,,2007,6fd73eec9ed304ad5aefb4c71b995e6bcc45789812679e8d8424ca22c408b111,1
request/request,issue_resolution_duration,https://oss.open-digger.cn/github/request/request/issue_resolution_duration.json,200,,14040,0c9c0359d90ad2a0ed2f564eb33952e5d950e2934f0a59c1ac65ac002a991b0f,1
request/request,issue_age,https://oss.open-digger.cn/github/request/request/issue_age.json,200,,20889,aeea4abe7e2b9af7b4bda57052119032912971657c6ebca5b430f38f31a17417,1
request/request,issues_new,https://oss.open-digger.cn/github/request/request/issues_new.json,200,,2070,71a5b59eb28eefab2d1a54528b4714409dc029eb1464d340b31051fac405dec5,1
request/request,contributors,https://oss.open-digger.cn/github/request/request/contributors.json,200,,734,2d2fa8fefadedc462eeaebcb8bf4ad7c51dc5aa98601ff7964971cd72692e1ba,1
request/request,code_change_lines_sum,https://oss.open-digger.cn/github/request/request/code_change_lines_sum.json,200,,2045,55e218b87f5bcab34ad3ec7d260fe8d12f7137cb20957788d6dc889e930cab8c,1
research-software-directory/RSD-as-a-service,issue_resolution_duration,https://oss.open-digger.cn/github/research-software-directory/RSD-as-a-service/issue_resolution_duration.json,200,,7382,de11ec3409f3a3fc6324a0698df4620b4abfbeb3f57da12510f8fa48ff1af2b1,1
research-software-directory/RSD-as-a-service,issue_age,https://oss.open-digger.cn/github/research-software-directory/RSD-as-a-service/issue_age.json,200,,8083,35679ddb2ef3e0d381cb4742f7580fc1046c62cc4e249c1f8f47915af19c9d8d,1
research-software-directory/RSD-as-a-service,issues_new,https://oss.open-digger.cn/github/research-software-directory/RSD-as-a-service/issues_new.json,200,,1003,3223b975e50fc4922db6321788fec99d226cd010ea2bd2fae8e7e5f0d2f92cf4,1
research-software-directory/RSD-as-a-service,contributors,https://oss.open-digger.cn/github/research-software-directory/RSD-as-a-service/contributors.json,200,,798,6b4b3877320699f9d269197e4288df2cd0854dfb8f60a423c7cefa3bdc357821,1
research-software-directory/RSD-as-a-service,code_change_lines_sum,https://oss.open-digger.cn/github/research-software-directory/RSD-as-a-service/code_change_lines_sum.json,200,,1040,06cdca0e09f4be04f3c7deb515f1d77b85118231f2a99602d66ee3ca71c3f444,1
ResearchKit/ResearchKit,issue_resolution_duration,https://oss.open-digger.cn/github/ResearchKit/ResearchKit/issue_resolution_duration.json,200,,15308,60ced67adb55c7a755856da8891ac8b3ec52d3f7c96af6768b148ff8b85c08ea,1
ResearchKit/ResearchKit,issue_age,https://oss.open-digger.cn/github/ResearchKit/ResearchKit/issue_age.json,200,,20387,85819b8cc749a63cfab68733be9433990ea2627b59c91c9a1350bc77ce62f526,1
ResearchKit/ResearchKit,issues_new,https://oss.open-digger.cn/github/ResearchKit/ResearchKit/issues_new.json,200,,2007,166567f9c96591639071c397de158c19fa0f61bf9b248f6893ead8212d6d661a,1
ResearchKit/ResearchKit,contributors,https://oss.open-digger.cn/github/ResearchKit/ResearchKit/contributors.json,200,,1584,d8481f3c9f68188f954e32e7519e8768850f1f8a05632cb1471e494a348d3995,1
ResearchKit/ResearchKit,code_change_lines_sum,https://oss.open-digger.cn/github/ResearchKit/ResearchKit/code_change_lines_sum.json,200,,2225,9a9fa40d7439d80608c6fba0e3c2be8c4314e0f72df6407b310555223427668d,1
resque/resque,issue_resolution_duration,https://oss.open-digger.cn/github/resque/resque/issue_resolution_duration.json,200,,13503,96e6ebcbacfbeed34ea43352cedf3fcc9c8fd31aebcf14fe5fdc5195f8409f7c,1
resque/resque,issue_age,https://oss.open-digger.cn/github/resque/resque/issue_age.json,200,,20488,2117d6c4594046d6e4ac210e0aa13579e1b0747183473a403ca0ecc4e8d0c784,1
resque/resque,issues_new,https://oss.open-digger.cn/github/resque/resque/issues_new.json,200,,1857,eab27175b078422e92c2c2ba3f37b431768647c78106be20005beced65ff4575,1
resque/resque,contributors,https://oss.open-digger.cn/github/resque/resque/contributors.json,200,,1185,6eb237391f4c5ec84e218353dea77ca21d4245ba45f1705f96814e7db7910564,1
resque/resque,code_change_lines_sum,https://oss.open-digger.cn/github/resque/resque/code_change_lines_sum.json,200,,1843,35a7ee10b22cc309ebc22535f84144b708a6e1b7fc70d4fef1c1ff89374e7ed7,1
RestKit/RestKit,issue_resolution_duration,https://oss.open-digger.cn/github/RestKit/RestKit/issue_resolution_duration.json,200,,4686,ffafa5618499114c801dc39d9ff23cc7e181cd89d5f2d4f94fe7dc1cbb4af915,1
RestKit/RestKit,issue_age,https://oss.open-digger.cn/github/RestKit/RestKit/issue_age.json,200,,21228,dac70575c92774e620a3f832a805d44e1e70305e18cb8e1a471b3c4fb31e150c,1
RestKit/RestKit,issues_new,https://oss.open-digger.cn/github/RestKit/RestKit/issues_new.json,200,,1013,ef7e27db9ad8f907b0c5cc776f0ae9f6b97510970bad689a33aaca744d68dd26,1
RestKit/RestKit,contributors,https://oss.open-digger.cn/github/RestKit/RestKit/contributors.json,200,,418,61aa001e495fedef919a2da01feda601d7718ccf47f416c43e8237a25ce8062f,1
RestKit/RestKit,code_change_lines_sum,https://oss.open-digger.cn/github/RestKit/RestKit/code_change_lines_sum.json,200,,857,08260e32d59eabb1df7b01b266f6131fc616ae63fd4bd7498985212391d8f92b,1
restsharp/RestSharp,issue_resolution_duration,https://oss.open-digger.cn/github/restsharp/RestSharp/issue_resolution_duration.json,200,,18322,d38bb4cd7a385d374c8a1d898f9dee5af09f2461b05c13a7222fcbacdb407fd2,1
restsharp/RestSharp,issue_age,https://oss.open-digger.cn/github/restsharp/RestSharp/issue_age.json,200,,20574,f615155d7751ac89dc206d848c7b8ad9eaa8ffef34c372b05b79793cdad5b493,1
restsharp/RestSharp,issues_new,https://oss.open-digger.cn/github/restsharp/RestSharp/issues_new.json,200,,2319,1f67555d55288683058797c435dc882cd166bc493ffbfc4467b0a4df95b94561,1
restsharp/RestSharp,contributors,https://oss.open-digger.cn/github/restsharp/RestSharp/contributors.json,200,,1299,c9ae7d4c4177be4445e5c09633cebc86ebe28de06b3f38d5ed6b37cf1623fc38,1
restsharp/RestSharp,code_change_lines_sum,https://oss.open-digger.cn/github/restsharp/RestSharp/code_change_lines_sum.json,200,,2226,4f4b6d841e73576c3d2f524d6bbd583f9e83cb18a61f4a5237e1bc7d78cc7617,1
RetroPie/RetroPie-Setup,issue_resolution_duration,https://oss.open-digger.cn/github/RetroPie/RetroPie-Setup/issue_resolution_duration.json,200,,17107,7ed3de2322e696ec846296b832428b92f4fd4b8053c29a2e236d548041708db6,1
RetroPie/RetroPie-Setup,issue_age,https://oss.open-digger.cn/github/RetroPie/RetroPie-Setup/issue_age.json,200,,21069,7a82a0260c9519e9c2a88ac10231f96a3e9b833266baace5fa619460496461f9,1
RetroPie/RetroPie-Setup,issues_new,https://oss.open-digger.cn/github/RetroPie/RetroPie-Setup/issues_new.json,200,,2236,4955012e87cb87c62865296ce30f43057e4ea43fb936a70965633d86de0b68c6,1
RetroPie/RetroPie-Setup,contributors,https://oss.open-digger.cn/github/RetroPie/RetroPie-Setup/contributors.json,200,,2305,6f61def31ddddc54a2ed382f3f183ad3287e9b55adb6250bbd49834b1e57909e,1
RetroPie/RetroPie-Setup,code_change_lines_sum,https://oss.open-digger.cn/github/RetroPie/RetroPie-Setup/code_change_lines_sum.json,200,,2708,a4b2ce98d38c3483564f4b449146ca60bf39d2c5345edb6f49590a794d848f99,1
riscv/riscv-isa-manual,issue_resolution_duration,https://oss.open-digger.cn/github/riscv/riscv-isa-manual/issue_resolution_duration.json,200,,15449,b991bde045621a96b96cc064825698530de16c141159445014c5380a0e154a6b,1
riscv/riscv-isa-manual,issue_age,https://oss.open-digger.cn/github/riscv/riscv-isa-manual/issue_age.json,200,,16683,b4e4c34099c87948b62022c9c9dd5467c4ccd3392ab81bd6dfef5a2e6d03048b,1
riscv/riscv-isa-manual,issues_new,https://oss.open-digger.cn/github/riscv/riscv-isa-manual/issues_new.json,200,,1959,67ceaa8d082702e4361954036d8fb2bfbf14eafc0a26857b2f11e4ac2c92dc35,1
riscv/riscv-isa-manual,contributors,https://oss.open-digger.cn/github/riscv/riscv-isa-manual/contributors.json,200,,1838,e85df5d20852b949ff7ff58297385ba8a585de5737dae47e2195e0f0d5abc759,1
riscv/riscv-isa-manual,code_change_lines_sum,https://oss.open-digger.cn/github/riscv/riscv-isa-manual/code_change_lines_sum.json,200,,2106,bad1e4ac09e82822490cd7e879b504bc5092710fd70b97f3bdb4a5576922b141,1
RobertCraigie/pyright-python,issue_resolution_duration,https://oss.open-digger.cn/github/RobertCraigie/pyright-python/issue_resolution_duration.json,200,,6115,4eb0d085562d3f8490e093efbe33b479c46123d7a8c1901cedece187c5cf441b,1
RobertCraigie/pyright-python,issue_age,https://oss.open-digger.cn/github/RobertCraigie/pyright-python/issue_age.json,200,,8462,b2011d37db73a92e1f71a257e66ca1d77709b852b9017cd15fc73d6eadc2d995,1
RobertCraigie/pyright-python,issues_new,https://oss.open-digger.cn/github/RobertCraigie/pyright-python/issues_new.json,200,,778,d45732c9fadae39f1f4ee686aa90b9b634b3c5e5b6befcb92cba1356e69ee07c,1
RobertCraigie/pyright-python,contributors,https://oss.open-digger.cn/github/RobertCraigie/pyright-python/contributors.json,200,,762,e6ce67e1d0c550136ffeb9a027469ea88abf79e90f2e16f46d91801352a3719d,1
RobertCraigie/pyright-python,code_change_lines_sum,https://oss.open-digger.cn/github/RobertCraigie/pyright-python/code_change_lines_sum.json,200,,491,1cba52ea142c11d249a389ad26096cc28c3186075b5681767ec97cf493cce3ed,1
rocboss/paopao-ce,issue_resolution_duration,https://oss.open-digger.cn/github/rocboss/paopao-ce/issue_resolution_duration.json,200,,451,27e677e420920348603c1c4784e3fe075aa8fcbbd8c48f73a787a6b44f767029,1
rocboss/paopao-ce,issue_age,https://oss.open-digger.cn/github/rocboss/paopao-ce/issue_age.json,200,,7014,e19a4247a27037abb68527461487522b3c86cb935f9f526b9bcc1487c454acb5,1
rocboss/paopao-ce,issues_new,https://oss.open-digger.cn/github/rocboss/paopao-ce/issues_new.json,200,,49,215cda18d1c94a943e533c2b34a48afbc1fe904e310efaaf4ff1574b5de0629c,1
rocboss/paopao-ce,contributors,https://oss.open-digger.cn/github/rocboss/paopao-ce/contributors.json,200,,600,6cf93b5c02f89807426c25f80520ab941a58afc47f15255950c1899bc33edef0,1
rocboss/paopao-ce,code_change_lines_sum,https://oss.open-digger.cn/github/rocboss/paopao-ce/code_change_lines_sum.json,200,,798,44b98600410da114dc379b361778bcff9f25c62a6c4f928c2497d55359a2cee6,1
RocketChat/Rocket.Chat,issue_resolution_duration,https://oss.open-digger.cn/github/RocketChat/Rocket.Chat/issue_resolution_duration.json,200,,19300,25789cfda61278c2aa2c1c7a41d34b38d419c1998669230f0b6b65c067beb3fb,1
RocketChat/Rocket.Chat,issue_age,https://oss.open-digger.cn/github/RocketChat/Rocket.Chat/issue_age.json,200,,20616,98f6accf2c082d4602a209db964557891aa1ac5ab7bc749f1b8b5de74beaa7d8,1
RocketChat/Rocket.Chat,issues_new,https://oss.open-digger.cn/github/RocketChat/Rocket.Chat/issues_new.json,200,,2544,559ef215bb4c39ad4caa3f7fb6169c3ff5014ef8697f9992b7ce7eea8840deb0,1
RocketChat/Rocket.Chat,contributors,https://oss.open-digger.cn/github/RocketChat/Rocket.Chat/contributors.json,200,,2448,568ce481f9203fa7d39492161701aef2d1b38ad94a127310ee07521d5f7a2313,1
RocketChat/Rocket.Chat,code_change_lines_sum,https://oss.open-digger.cn/github/RocketChat/Rocket.Chat/code_change_lines_sum.json,200,,3058,48c235259ce40a197cb77062b67efb31bd4272503d6ca9f691574de57f3d078f,1
rollup/rollup,issue_resolution_duration,https://oss.open-digger.cn/github/rollup/rollup/issue_resolution_duration.json,200,,18352,c70d2feadae6a58350fbe2e591d110d83caed1a8de722ca015d3d4366449bfb3,1
rollup/rollup,issue_age,https://oss.open-digger.cn/github/rollup/rollup/issue_age.json,200,,20156,bccb792075edb1f9e16929384c942511ab721af3b3368c23488084b53e709f5a,1
rollup/rollup,issues_new,https://oss.open-digger.cn/github/rollup/rollup/issues_new.json,200,,2406,f17ead669aafd2d98902f663f1200d3ad426c0b842057907f8a3d5e468678737,1
rollup/rollup,contributors,https://oss.open-digger.cn/github/rollup/rollup/contributors.json,200,,2295,e40785353f69c25281c99b7c0d91febbaed36ed97a06eee6bdb6bcccc6c861f8,1
rollup/rollup,code_change_lines_sum,https://oss.open-digger.cn/github/rollup/rollup/code_change_lines_sum.json,200,,2845,e243be7b8fc5c4d7465d1b0ffe54350b47a30ae2ab31289a8297ffd8be6e7772,1
roots/sage,issue_resolution_duration,https://oss.open-digger.cn/github/roots/sage/issue_resolution_duration.json,200,,16365,81102a58e38e57c180c0aa4d14e4bce92dbe229dda8ab1822eaf00a04db967b6,1
roots/sage,issue_age,https://oss.open-digger.cn/github/roots/sage/issue_age.json,200,,19955,8bb6fad6ec8f274e01128fe72fa84a16d7c60be8992390cb4682df79c941e9dc,1
roots/sage,issues_new,https://oss.open-digger.cn/github/roots/sage/issues_new.json,200,,2061,2c8f79ea4ad18fde6f465c91ebe09ac05bcd48cb36368c23d30951ccbc11c4e9,1
roots/sage,contributors,https://oss.open-digger.cn/github/roots/sage/contributors.json,200,,1814,9e541d01de425812d45577d54ea5cd97da9df44ed6b76d6466fc4320590b608e,1
roots/sage,code_change_lines_sum,https://oss.open-digger.cn/github/roots/sage/code_change_lines_sum.json,200,,2523,d6c276cbb0d949aecfbc79d889c3238036b2274653049faf4374bfb7a062e248,1
rqlite/rqlite,issue_resolution_duration,https://oss.open-digger.cn/github/rqlite/rqlite/issue_resolution_duration.json,200,,16914,79dc80a355fef3f50886286f6f6954f706dc2decacf0985acd5a4495c82712b3,1
rqlite/rqlite,issue_age,https://oss.open-digger.cn/github/rqlite/rqlite/issue_age.json,200,,20381,b07c513098d84c18e4fb14c1831012384f1a2eb40c84cb197dc76e2be467e0c1,1
rqlite/rqlite,issues_new,https://oss.open-digger.cn/github/rqlite/rqlite/issues_new.json,200,,2164,6cc69ec975c05e49d7aec9f8bade5b99ec7b55a60ca64c3d928b283fb85ab60f,1
rqlite/rqlite,contributors,https://oss.open-digger.cn/github/rqlite/rqlite/contributors.json,200,,2037,e1909e46940789d728efcbcfd522bf275493cebf288df7733a02e5374764aa27,1
rqlite/rqlite,code_change_lines_sum,https://oss.open-digger.cn/github/rqlite/rqlite/code_change_lines_sum.json,200,,2497,67392ff93370b42ce5761beac1195ab8fba663a93ef1332541e1b0a47ee4f070,1
rspec/rspec-rails,issue_resolution_duration,https://oss.open-digger.cn/github/rspec/rspec-rails/issue_resolution_duration.json,200,,16704,2f4df36fd7b50e05d90e21a562fe752206641105d5eec4d5a1526709db615946,1
rspec/rspec-rails,issue_age,https://oss.open-digger.cn/github/rspec/rspec-rails/issue_age.json,200,,20652,f1cbeab080f5a899f9facf25e1b444be3e7b51c3595f15c7767a6c4c09739222,1
rspec/rspec-rails,issues_new,https://oss.open-digger.cn/github/rspec/rspec-rails/issues_new.json,200,,2184,fd6f68c8539e47a1873e36203a6e8fdce2b851b7a95a316df97eee350b8f0929,1
rspec/rspec-rails,contributors,https://oss.open-digger.cn/github/rspec/rspec-rails/contributors.json,200,,2038,111947b7496376918c863bdafdbe106290550b5f5ac538832df98cfca8071811,1
rspec/rspec-rails,code_change_lines_sum,https://oss.open-digger.cn/github/rspec/rspec-rails/code_change_lines_sum.json,200,,2441,6280968f3cb9cd54bc827feccea4d1300717adb8c76c9237980ae2218e9cbd45,1
RubixML/ML,issue_resolution_duration,https://oss.open-digger.cn/github/RubixML/ML/issue_resolution_duration.json,200,,7663,77008d93d88945a3a912ce94fc90cfa9a747125608afafbc44cf6ccd30f2b345,1
RubixML/ML,issue_age,https://oss.open-digger.cn/github/RubixML/ML/issue_age.json,200,,13529,1089a71220e7115ea395e74883733a490c041d29cb42098f3540d32cc3f69872,1
RubixML/ML,issues_new,https://oss.open-digger.cn/github/RubixML/ML/issues_new.json,200,,1223,15a00c8a878a0d533dfd45af24ca18d0e060352c824c5590a2d2833fa0df2669,1
RubixML/ML,contributors,https://oss.open-digger.cn/github/RubixML/ML/contributors.json,200,,1030,634facc28ea4eb85aefe7575a36011d5b1c2641dc6e8c3211a2d12634786ae58,1
RubixML/ML,code_change_lines_sum,https://oss.open-digger.cn/github/RubixML/ML/code_change_lines_sum.json,200,,1189,1e56b7625e20da4aa31e6082f0493fc0f07498933040ab4b66393a4ef0725485,1
ruby-grape/grape,issue_resolution_duration,https://oss.open-digger.cn/github/ruby-grape/grape/issue_resolution_duration.json,200,,16833,dbd3ff33a9318deaab5cdd59f5d5c0338a0b4878e17899a6e65cf91c0a4d856d,1
ruby-grape/grape,issue_age,https://oss.open-digger.cn/github/ruby-grape/grape/issue_age.json,200,,20895,ad71126077a377015cceeacb78089fd58dee39d4d3b9ba0a445cc317124de15f,1
ruby-grape/grape,issues_new,https://oss.open-digger.cn/github/ruby-grape/grape/issues_new.json,200,,2227,518f938be3e8e577fabc6249b1abe4789dd8652a70bff760849a908869799018,1
ruby-grape/grape,contributors,https://oss.open-digger.cn/github/ruby-grape/grape/contributors.json,200,,2246,a4002eee69329bd64aec0a99b1fbbf005977851a2a65a5777731cf6910e86584,1
ruby-grape/grape,code_change_lines_sum,https://oss.open-digger.cn/github/ruby-grape/grape/code_change_lines_sum.json,200,,2629,f035cd03de0fb11c1e449ae2f94c614e6743d6bb1d83289a3b7d98e46f7dfefc,1
rust-lang/rust,issue_resolution_duration,https://oss.open-digger.cn/github/rust-lang/rust/issue_resolution_duration.json,200,,20334,d6f42c5172bbd0bc35a90c2ccf1c8e604fef74cd0c524942bc44b4189ff47e14,1
rust-lang/rust,issue_age,https://oss.open-digger.cn/github/rust-lang/rust/issue_age.json,200,,21551,83ebed44f06bd2fccbcd3ca4fe48da650b8d8d166d6f28cd85c45f5a2aaa388d,1
rust-lang/rust,issues_new,https://oss.open-digger.cn/github/rust-lang/rust/issues_new.json,200,,2743,0f53aad3cd72a4689eff0f5b501e6fbff314f1dc2a62bb67319a1dda4f1bb436,1
rust-lang/rust,contributors,https://oss.open-digger.cn/github/rust-lang/rust/contributors.json,200,,2692,c3a486fe706351207869225ae27b9966f6d23f04fdea7d8bbcde7d2df999655f,1
rust-lang/rust,code_change_lines_sum,https://oss.open-digger.cn/github/rust-lang/rust/code_change_lines_sum.json,200,,3216,3395fed472aa3dc79ae9ba4bf7f1882b264cb7d7d9bf6e01b1ffb26bd8027f13,1
rustdesk/rustdesk,issue_resolution_duration,https://oss.open-digger.cn/github/rustdesk/rustdesk/issue_resolution_duration.json,200,,9069,5e75172139b561bc8540b05ec844674bae7164c678f38718fe7b727dd38457ea,1
rustdesk/rustdesk,issue_age,https://oss.open-digger.cn/github/rustdesk/rustdesk/issue_age.json,200,,9962,710996bec0f60bf4342605f83ea0e0c7edf9dabd3054136b420bf214d2b6fc3b,1
rustdesk/rustdesk,issues_new,https://oss.open-digger.cn/github/rustdesk/rustdesk/issues_new.json,200,,1279,090a3faadf7d3a560c557c4a9a729cf80d2fd2cd8fb66803b254f6e1f96b0a8c,1
rustdesk/rustdesk,contributors,https://oss.open-digger.cn/github/rustdesk/rustdesk/contributors.json,200,,1151,f3fde716483a00ac6d28b57b415fda9fe2e85557fe8b87b6d1adc7fb7ea37418,1
rustdesk/rustdesk,code_change_lines_sum,https://oss.open-digger.cn/github/rustdesk/rustdesk/code_change_lines_sum.json,200,,1369,c0b708af4780b265b0fe4c5711a2edef75ae7f2b75c3bb740968e1307ab26aa8,1
rustfs/rustfs,issue_resolution_duration,https://oss.open-digger.cn/github/rustfs/rustfs/issue_resolution_duration.json,200,,2068,b9c01a09463fb76b567d9fb3b3d9a41a594d6eb027e111e8009651dbc8083fc1,1
rustfs/rustfs,issue_age,https://oss.open-digger.cn/github/rustfs/rustfs/issue_age.json,200,,3000,97f8c9f4c1e2c3a405389a46102f6682b654f96c204d1888f588f335eb652fc2,1
rustfs/rustfs,issues_new,https://oss.open-digger.cn/github/rustfs/rustfs/issues_new.json,200,,375,f1fa5ff0c91d55764cbd39dc472855fdb9f3e3062516b196448c022e97dd07dc,1
rustfs/rustfs,contributors,https://oss.open-digger.cn/github/rustfs/rustfs/contributors.json,200,,84,404a97793b029d049ab2e584471154624208ee544a6a3f841904e4fb8cb9d1c2,1
rustfs/rustfs,code_change_lines_sum,https://oss.open-digger.cn/github/rustfs/rustfs/code_change_lines_sum.json,200,,144,41a5fb366a195b40863b41b36eb9d9338189b5e7b493224cac7121cac0df0439,1
RVC-Project/Retrieval-based-Voice-Conversion-WebUI,issue_resolution_duration,https://oss.open-digger.cn/github/RVC-Project/Retrieval-based-Voice-Conversion-WebUI/issue_resolution_duration.json,200,,4868,3d73c427358a87fe0c90116dfff4c23e470ae886f9a4d160e5524e46e55b322a,1
RVC-Project/Retrieval-based-Voice-Conversion-WebUI,issue_age,https://oss.open-digger.cn/github/RVC-Project/Retrieval-based-Voice-Conversion-WebUI/issue_age.json,200,,5387,70d9aac7f5932c201e5ffca0cba3c9d51a85d2dfc9509a564c15e0088a43fb34,1
RVC-Project/Retrieval-based-Voice-Conversion-WebUI,issues_new,https://oss.open-digger.cn/github/RVC-Project/Retrieval-based-Voice-Conversion-WebUI/issues_new.json,200,,671,c97f5c0d61fa22dddc6a14d12202951f3e7044e807e1409479a05015524e55c2,1
RVC-Project/Retrieval-based-Voice-Conversion-WebUI,contributors,https://oss.open-digger.cn/github/RVC-Project/Retrieval-based-Voice-Conversion-WebUI/contributors.json,200,,315,af8530002d321c529eb87711060dadaa09966f91cd3aa1eb770b8e64f09749af,1
RVC-Project/Retrieval-based-Voice-Conversion-WebUI,code_change_lines_sum,https://oss.open-digger.cn/github/RVC-Project/Retrieval-based-Voice-Conversion-WebUI/code_change_lines_sum.json,200,,591,5280ef779c69ccd5d6a2c0096d1d40c106f2959f1bdfba1fa389267037458f22,1
rvm/rvm,issue_resolution_duration,https://oss.open-digger.cn/github/rvm/rvm/issue_resolution_duration.json,200,,17566,79ee99a21c0ac1c2f26904a30cee639fc1781522fcff96026e6c97e82a059044,1
rvm/rvm,issue_age,https://oss.open-digger.cn/github/rvm/rvm/issue_age.json,200,,20844,776443af9559b89a99c4d3341da0247a3077ed599bc15a98fbb83fd008102894,1
rvm/rvm,issues_new,https://oss.open-digger.cn/github/rvm/rvm/issues_new.json,200,,2338,6bd29674cbc18d02cd57b1669c08a9210ae1d2467cc8db087ada771959891577,1
rvm/rvm,contributors,https://oss.open-digger.cn/github/rvm/rvm/contributors.json,200,,2194,48753335afaf3ae1d03fe45109864e7180f1d79ecdc483023e84032ed642c43f,1
rvm/rvm,code_change_lines_sum,https://oss.open-digger.cn/github/rvm/rvm/code_change_lines_sum.json,200,,2472,fe8ccf3c588ffb86ff07996542a38f90bc64f36195afe6412e837304d208301d,1
rwaldron/johnny-five,issue_resolution_duration,https://oss.open-digger.cn/github/rwaldron/johnny-five/issue_resolution_duration.json,200,,13029,21987aa795099eed800668cf900d602fa6828de9b78a06183d6cd7a19b852da5,1
rwaldron/johnny-five,issue_age,https://oss.open-digger.cn/github/rwaldron/johnny-five/issue_age.json,200,,20648,08c69e80cf7a3e777cc31fcb4dc124a7f946b7128e152993be3db9b9f94cf51c,1
rwaldron/johnny-five,issues_new,https://oss.open-digger.cn/github/rwaldron/johnny-five/issues_new.json,200,,1952,97aeb5fafd9e70d56d384b30aaca455c70c33a4e73161d52fba9af8f99363b9a,1
rwaldron/johnny-five,contributors,https://oss.open-digger.cn/github/rwaldron/johnny-five/contributors.json,200,,1015,0f966d67e79e5415e31d7e7e6e222fae604ba09f4ce96ef09f8ee07354c9114a,1
rwaldron/johnny-five,code_change_lines_sum,https://oss.open-digger.cn/github/rwaldron/johnny-five/code_change_lines_sum.json,200,,1568,d08242b2bb1e617711585cd969dd9a68edb1cae8c43b698f6659217e2fe6d105,1
sahat/hackathon-starter,issue_resolution_duration,https://oss.open-digger.cn/github/sahat/hackathon-starter/issue_resolution_duration.json,200,,14683,bd0116b4a642f4922c571c583173039e8b12717c504dce57510963075bedd994,1
sahat/hackathon-starter,issue_age,https://oss.open-digger.cn/github/sahat/hackathon-starter/issue_age.json,200,,19906,e6da481915a3a27babbe32bf6953f776013940b986e153dec6051a025c1fb171,1
sahat/hackathon-starter,issues_new,https://oss.open-digger.cn/github/sahat/hackathon-starter/issues_new.json,200,,1927,9cc95732962fad6fcf238b427b01ce5d3fc9330fbda9f1140dbe3c0f392c2e10,1
sahat/hackathon-starter,contributors,https://oss.open-digger.cn/github/sahat/hackathon-starter/contributors.json,200,,1275,63f2e158fc159e0254a9bf21ca12efc912a97e54db2820b2da7035fbadff19ce,1
sahat/hackathon-starter,code_change_lines_sum,https://oss.open-digger.cn/github/sahat/hackathon-starter/code_change_lines_sum.json,200,,2444,3570d5a959a5f1fb042a6ad885d2c7cab0367b7480e982426656238880ddcf7a,1
saltstack/salt,issue_resolution_duration,https://oss.open-digger.cn/github/saltstack/salt/issue_resolution_duration.json,200,,20073,10ea520e95e3be683168e3d872a3eb2e78623a839585ed68b417eb9d6444d2c1,1
saltstack/salt,issue_age,https://oss.open-digger.cn/github/saltstack/salt/issue_age.json,200,,21252,c20cdb6ee071b727d55cb4685c2059ca2834108d099dc5881a6eb8cd8f850c4e,1
saltstack/salt,issues_new,https://oss.open-digger.cn/github/saltstack/salt/issues_new.json,200,,2627,6b1a4201c20682f344bbf18a040927173901840b453ccf4b0573f44e5ca8a047,1
saltstack/salt,contributors,https://oss.open-digger.cn/github/saltstack/salt/contributors.json,200,,2534,ae31323f7040820adfe1249c29de78100f943aca9dd3a453aa6a9551df76c187,1
saltstack/salt,code_change_lines_sum,https://oss.open-digger.cn/github/saltstack/salt/code_change_lines_sum.json,200,,3154,e852ff003225ea16b2fb081beb76fdc5cc64187a4a46a322c6bf717759b31b89,1
sameersbn/docker-gitlab,issue_resolution_duration,https://oss.open-digger.cn/github/sameersbn/docker-gitlab/issue_resolution_duration.json,200,,18068,6fdc1e4f4eddb5c7788ce6ad6e3ac682fe87c715180a7d925ee3d52045b1c640,1
sameersbn/docker-gitlab,issue_age,https://oss.open-digger.cn/github/sameersbn/docker-gitlab/issue_age.json,200,,20890,c32f4a4a0461a79c882596bb2d9c0aaf329596bed062868dfa97cf4ad6138218,1
sameersbn/docker-gitlab,issues_new,https://oss.open-digger.cn/github/sameersbn/docker-gitlab/issues_new.json,200,,2340,ec8090a24bd064a387700e73ae38fe823f1a1a6bb704ce26f675cd855438523c,1
sameersbn/docker-gitlab,contributors,https://oss.open-digger.cn/github/sameersbn/docker-gitlab/contributors.json,200,,2259,15409f07b90e556d0719a5946b0fc12528879649f71c9b0fa80bcc0a189389f9,1
sameersbn/docker-gitlab,code_change_lines_sum,https://oss.open-digger.cn/github/sameersbn/docker-gitlab/code_change_lines_sum.json,200,,2639,35c3ab21570cdf85ea0cb196b747b2915deb4f1266a8fb871d0fa9d1a7ec4713,1
sammycage/lunasvg,issue_resolution_duration,https://oss.open-digger.cn/github/sammycage/lunasvg/issue_resolution_duration.json,200,,8227,0e7d5a25735addf2c7742837f0a84e951be71b3df49b98172a63b6e7b97159cb,1
sammycage/lunasvg,issue_age,https://oss.open-digger.cn/github/sammycage/lunasvg/issue_age.json,200,,10524,8f0ce22261872518407c3649b9ec183e09d376187dbf1b74e3d6c15edcd400d0,1
sammycage/lunasvg,issues_new,https://oss.open-digger.cn/github/sammycage/lunasvg/issues_new.json,200,,1044,bd029ff4067308ad8104998af75df907bc796999f4bb9467862cef2c00eaa451,1
sammycage/lunasvg,contributors,https://oss.open-digger.cn/github/sammycage/lunasvg/contributors.json,200,,332,cdc0b4e68e1d31a8a286687be116dd47b84d9d6328f748e116700c6e6d979295,1
sammycage/lunasvg,code_change_lines_sum,https://oss.open-digger.cn/github/sammycage/lunasvg/code_change_lines_sum.json,200,,752,f15a5b135afeb3fb7f48ed376973b9daa8ede35f54c618d80eef6f9f0c8bf3bb,1
samuelclay/NewsBlur,issue_resolution_duration,https://oss.open-digger.cn/github/samuelclay/NewsBlur/issue_resolution_duration.json,200,,19007,a6ce61b58c9dff8cec340a6a1aced4cdc5d0ed2400539743656877d4c847f29d,1
samuelclay/NewsBlur,issue_age,https://oss.open-digger.cn/github/samuelclay/NewsBlur/issue_age.json,200,,20512,bb2e84ffa7eaaa853ad71bd32c371e51efb160ddd62a317005a67fc6bbde5767,1
samuelclay/NewsBlur,issues_new,https://oss.open-digger.cn/github/samuelclay/NewsBlur/issues_new.json,200,,2373,3cc67a405e2b9bbf920955b2ce91288a54da27fb3217b1b627465b799e2f4dc8,1
samuelclay/NewsBlur,contributors,https://oss.open-digger.cn/github/samuelclay/NewsBlur/contributors.json,200,,1455,4794f972ccbcc7fbb03fb49dc2cc5427113288cd2a726ec180eabde9fb0d103c,1
samuelclay/NewsBlur,code_change_lines_sum,https://oss.open-digger.cn/github/samuelclay/NewsBlur/code_change_lines_sum.json,200,,1909,0e8557c20891e181c768d6465050de81cc973f71377e889751491c547a57579e,1
sandstorm-io/sandstorm,issue_resolution_duration,https://oss.open-digger.cn/github/sandstorm-io/sandstorm/issue_resolution_duration.json,200,,14109,87f54f1b3f016c84e2db32c98c3113d719639870a7e3a8cc40503a82af17fcd5,1
sandstorm-io/sandstorm,issue_age,https://oss.open-digger.cn/github/sandstorm-io/sandstorm/issue_age.json,200,,21065,a0ee8bf8e55bcf22c0dca75324299fe78c065537cd73990b8789ab84c9f2fc0d,1
sandstorm-io/sandstorm,issues_new,https://oss.open-digger.cn/github/sandstorm-io/sandstorm/issues_new.json,200,,1957,07c1e92902d6d8d88e39d2c3ca5f91eb3bed3466b56be000156b1d0bccbb4487,1
sandstorm-io/sandstorm,contributors,https://oss.open-digger.cn/github/sandstorm-io/sandstorm/contributors.json,200,,1668,79f9cdba3593ceb83fc05f4fbee164c3a46231dd40921d1a706929158e1ff7ae,1
sandstorm-io/sandstorm,code_change_lines_sum,https://oss.open-digger.cn/github/sandstorm-io/sandstorm/code_change_lines_sum.json,200,,2070,9294905d8e92c4ed1f5e576adaa512faf34c29b3ee1374dcc2862f457b2ec155,1
sbt/sbt,issue_resolution_duration,https://oss.open-digger.cn/github/sbt/sbt/issue_resolution_duration.json,200,,19659,b4a62af4311725527abe391f738881f3f083a8764b001191fb90e6f0ebee332a,1
sbt/sbt,issue_age,https://oss.open-digger.cn/github/sbt/sbt/issue_age.json,200,,21002,7ba14e0f5713b475caf74cd2df1b4ddb3b49195965f7b6d059c019fc3fe282bd,1
sbt/sbt,issues_new,https://oss.open-digger.cn/github/sbt/sbt/issues_new.json,200,,2485,8616cd927e81d64a4bc86d857bfd9bdad95617be852584d4cc54b40845b854f3,1
sbt/sbt,contributors,https://oss.open-digger.cn/github/sbt/sbt/contributors.json,200,,2335,2f4c479b9dca75a65d7085701da6e9fddf31732f7196aa6bec6034af237e6f05,1
sbt/sbt,code_change_lines_sum,https://oss.open-digger.cn/github/sbt/sbt/code_change_lines_sum.json,200,,2824,fc22768ecd7729871592ec16738568ee7369ad3445b1195c574b96f1a6e493f8,1
scala-js/scala-js,issue_resolution_duration,https://oss.open-digger.cn/github/scala-js/scala-js/issue_resolution_duration.json,200,,18006,d13b1c66500464c91e09391ba183b5e4b360bb17bcdba56f4d725424ebd3528d,1
scala-js/scala-js,issue_age,https://oss.open-digger.cn/github/scala-js/scala-js/issue_age.json,200,,20393,3f952a56924952c1423e48215780a7f2f580eb0cbb41424063f3d68b4061a158,1
scala-js/scala-js,issues_new,https://oss.open-digger.cn/github/scala-js/scala-js/issues_new.json,200,,2328,c2eacc744b6cacea728df44b5dcf1f84576c13e458e527e4f7207f564557fcb6,1
scala-js/scala-js,contributors,https://oss.open-digger.cn/github/scala-js/scala-js/contributors.json,200,,2219,3dd552a3630ace45da93a014868c498f69e2f3c3dba6183843e6cd306e302465,1
scala-js/scala-js,code_change_lines_sum,https://oss.open-digger.cn/github/scala-js/scala-js/code_change_lines_sum.json,200,,2876,03983958b58d0ae2cdec80a85939c86edbbd5ff40ae0fc9b47f889c771406d29,1
scalaz/scalaz,issue_resolution_duration,https://oss.open-digger.cn/github/scalaz/scalaz/issue_resolution_duration.json,200,,8759,54e02963abc90729a4b0256fa500ff13cf1d8a87655325d83b86827fe4e0c231,1
scalaz/scalaz,issue_age,https://oss.open-digger.cn/github/scalaz/scalaz/issue_age.json,200,,20778,8f6a0aaabb5fe27cceb94d48e4c2dd3c595a8500b93da205ba788a885da44f18,1
scalaz/scalaz,issues_new,https://oss.open-digger.cn/github/scalaz/scalaz/issues_new.json,200,,1160,b9b2ba01ab2031f50a91a5980787d1d84c50eb7f3dc44f7922d15a7c984b2c98,1
scalaz/scalaz,contributors,https://oss.open-digger.cn/github/scalaz/scalaz/contributors.json,200,,2110,a829683bf9e1f38afa8ce97c9044c5757d1c4ec9a8a48f38b7d7b2929b739154,1
scalaz/scalaz,code_change_lines_sum,https://oss.open-digger.cn/github/scalaz/scalaz/code_change_lines_sum.json,200,,2039,cc875ed0fefe8dd1398d9cd586ea16c99ffb8d1ac07905bd1c17443681a194dc,1
scikit-learn/scikit-learn,issue_resolution_duration,https://oss.open-digger.cn/github/scikit-learn/scikit-learn/issue_resolution_duration.json,200,,19579,c6e0a8f494ac29cfec4ece247b639f23d9553412e4351d56634c31fb46ff0045,1
scikit-learn/scikit-learn,issue_age,https://oss.open-digger.cn/github/scikit-learn/scikit-learn/issue_age.json,200,,21290,c7f9ca35e26c37017c01ac90dbf6ea56ce6b30f7d4b43baafd202c00baee6f50,1
scikit-learn/scikit-learn,issues_new,https://oss.open-digger.cn/github/scikit-learn/scikit-learn/issues_new.json,200,,2561,5c4ee764f8b0341385252b15b53347ae8990dfcbcc90ede535648f8abed384e7,1
scikit-learn/scikit-learn,contributors,https://oss.open-digger.cn/github/scikit-learn/scikit-learn/contributors.json,200,,2536,2b99f22f64e178ab676c12e98225ecbe3d95ccf2d70767631647d54cc8d80f6a,1
scikit-learn/scikit-learn,code_change_lines_sum,https://oss.open-digger.cn/github/scikit-learn/scikit-learn/code_change_lines_sum.json,200,,3074,ebe484547cce49cc59a84c677a379fe002e50e4ccd6dad5863744fda21b27a4b,1
scipy/scipy,issue_resolution_duration,https://oss.open-digger.cn/github/scipy/scipy/issue_resolution_duration.json,200,,19742,22576fd56c09cb2c7de2bafbb7dba45bc06a4ed7d4c0d967739c7a2808eb494b,1
scipy/scipy,issue_age,https://oss.open-digger.cn/github/scipy/scipy/issue_age.json,200,,21271,9c91c8840b728b7a054c968cc5dfdd533647072e1fceb0aad7ce5e882185cdf2,1
scipy/scipy,issues_new,https://oss.open-digger.cn/github/scipy/scipy/issues_new.json,200,,2539,2679edb713baee90e12762e4dee56ecf1d03cf540ef96609aa1f1012fe4f335b,1
scipy/scipy,contributors,https://oss.open-digger.cn/github/scipy/scipy/contributors.json,200,,2516,bda600206271d71389aa17c94a2b5f9da4936fa5899ee800bd079427f198554c,1
scipy/scipy,code_change_lines_sum,https://oss.open-digger.cn/github/scipy/scipy/code_change_lines_sum.json,200,,3048,613f69f2b3397a569e700cd5e1980facb2b92f45024c47f395294b61103f3da6,1
scrapy/scrapy,issue_resolution_duration,https://oss.open-digger.cn/github/scrapy/scrapy/issue_resolution_duration.json,200,,18920,f157f33f59c55e691a357a6cf1e8f892ecf4c9739b7c6b9349a2345666c73523,1
scrapy/scrapy,issue_age,https://oss.open-digger.cn/github/scrapy/scrapy/issue_age.json,200,,20874,c84086713166179365e4abe2c2335243f0ff3e86713891de03d8c51832c1b752,1
scrapy/scrapy,issues_new,https://oss.open-digger.cn/github/scrapy/scrapy/issues_new.json,200,,2462,7098324e351063f7ef931ac873030608841eb8fc4d79983e0c852b9b19a02af6,1
scrapy/scrapy,contributors,https://oss.open-digger.cn/github/scrapy/scrapy/contributors.json,200,,2377,a42aae5b3b6d4b378ceac254c467f496ec37c1dbde32a8ff43686c737957c2c0,1
scrapy/scrapy,code_change_lines_sum,https://oss.open-digger.cn/github/scrapy/scrapy/code_change_lines_sum.json,200,,2873,93ac6b5fe6a3f2539e521e47d0a179345e163f7f211df8adb2a442e96e52170c,1
scribejava/scribejava,issue_resolution_duration,https://oss.open-digger.cn/github/scribejava/scribejava/issue_resolution_duration.json,200,,11926,26178adaef9d82ed0c15e7f122307994bb423021dcc31de1dd563772bd7c8f4b,1
scribejava/scribejava,issue_age,https://oss.open-digger.cn/github/scribejava/scribejava/issue_age.json,200,,20468,8170b097aff9a55ac00f22023502ae85cfed541ed4dadab742c750c4909fecac,1
scribejava/scribejava,issues_new,https://oss.open-digger.cn/github/scribejava/scribejava/issues_new.json,200,,1760,accf5593d43f1d53ae725100d1f920c1aa507cece10e70335208d8b785201ec8,1
scribejava/scribejava,contributors,https://oss.open-digger.cn/github/scribejava/scribejava/contributors.json,200,,799,0f406896230f6504bff2c7569e152dc75f88414bbe811402eaa4be3758c13ef4,1
scribejava/scribejava,code_change_lines_sum,https://oss.open-digger.cn/github/scribejava/scribejava/code_change_lines_sum.json,200,,1786,c159efca629615271b740f399e09b3a9d0aed026d6a8a41b3d70165905ec0a6a,1
seajs/seajs,issue_resolution_duration,https://oss.open-digger.cn/github/seajs/seajs/issue_resolution_duration.json,200,,5651,895c167b08508f1c260640932ddb20253bc1fb26f6da0551d92c6a0457543e5e,1
seajs/seajs,issue_age,https://oss.open-digger.cn/github/seajs/seajs/issue_age.json,200,,21177,a11b1abcc7104726a14036543394a8e82bfd4f8d4fcde62529d5b02052a99e2c,1
seajs/seajs,issues_new,https://oss.open-digger.cn/github/seajs/seajs/issues_new.json,200,,1107,34c670969712aef9160748e5f4fee5f0e4d99987a5a82ef334a52c31a988acd8,1
seajs/seajs,contributors,https://oss.open-digger.cn/github/seajs/seajs/contributors.json,200,,146,072268b85a2390d16eba837117b49a1dc5c9d0e94997d54cfaa8340723ac9e6e,1
seajs/seajs,code_change_lines_sum,https://oss.open-digger.cn/github/seajs/seajs/code_change_lines_sum.json,200,,161,941f5971bf2dbd108e8294490293a8c317089238dbf7e934945d504e370ae332,1
sebastianbergmann/phpunit,issue_resolution_duration,https://oss.open-digger.cn/github/sebastianbergmann/phpunit/issue_resolution_duration.json,200,,19087,0e8837f08770801f11302615a5bee3ff5f203dce965285204e61873b048c638b,1
sebastianbergmann/phpunit,issue_age,https://oss.open-digger.cn/github/sebastianbergmann/phpunit/issue_age.json,200,,20524,c637e4863641894041bb8c9a860d0a3ae27e006cb5c131a4f4367b182ca6d347,1
sebastianbergmann/phpunit,issues_new,https://oss.open-digger.cn/github/sebastianbergmann/phpunit/issues_new.json,200,,2464,19d17061e9eae6b91534078b20bf06a65b11f164eab011dc54317198e43a644e,1
sebastianbergmann/phpunit,contributors,https://oss.open-digger.cn/github/sebastianbergmann/phpunit/contributors.json,200,,2102,c8ae9f9c933653836b990a87af770cdfa530761ed0b312a9a31bb09081350d20,1
sebastianbergmann/phpunit,code_change_lines_sum,https://oss.open-digger.cn/github/sebastianbergmann/phpunit/code_change_lines_sum.json,200,,2796,e8c479c3a94d73d2b6ab842ef7adc6a992682114eda1558dc8fdeec5c9f980bf,1
Seldaek/monolog,issue_resolution_duration,https://oss.open-digger.cn/github/Seldaek/monolog/issue_resolution_duration.json,200,,17972,6f829238c377c671f9cd8654f2d009e9ed1d370a3edafbeb8907f477a69ec353,1
Seldaek/monolog,issue_age,https://oss.open-digger.cn/github/Seldaek/monolog/issue_age.json,200,,20467,4dcd67cde3b99f81c9d34692c2afccdfa233dafdb5ee8d077e7953c305aed1d1,1
Seldaek/monolog,issues_new,https://oss.open-digger.cn/github/Seldaek/monolog/issues_new.json,200,,2236,ca4eccb71649386cb8e45b7251471a637eaf594220b75a29437ae9abc2c53f83,1
Seldaek/monolog,contributors,https://oss.open-digger.cn/github/Seldaek/monolog/contributors.json,200,,1493,4d2d1a02ce674534fcb7bd3007900ac77453b1ea1b38128825a2fff822a4c6e8,1
Seldaek/monolog,code_change_lines_sum,https://oss.open-digger.cn/github/Seldaek/monolog/code_change_lines_sum.json,200,,2536,63ed799236aabb6712a8f091ada88eaaccb264a5da785d41482fc9ea561adf3b,1
SeldonIO/seldon-core,issue_resolution_duration,https://oss.open-digger.cn/github/SeldonIO/seldon-core/issue_resolution_duration.json,200,,11722,ceeda44facbcca0c0a32414c532c9fb39c707d98f1e79564e4ac12f47bf44fed,1
SeldonIO/seldon-core,issue_age,https://oss.open-digger.cn/github/SeldonIO/seldon-core/issue_age.json,200,,15328,79b430b1183315d0e1e7e6ac543f6f211167d6bd15954f1fbf398317c03c7f8d,1
SeldonIO/seldon-core,issues_new,https://oss.open-digger.cn/github/SeldonIO/seldon-core/issues_new.json,200,,1690,770e6aa2828e04819b8cca3b8ecf5bc607df7784fcd0b7102af00f21b3fecdda,1
SeldonIO/seldon-core,contributors,https://oss.open-digger.cn/github/SeldonIO/seldon-core/contributors.json,200,,1617,bf750bd40edd45f282ff1d724ccee55a2a3766d0865749e93e0695f889d88337,1
SeldonIO/seldon-core,code_change_lines_sum,https://oss.open-digger.cn/github/SeldonIO/seldon-core/code_change_lines_sum.json,200,,2112,11cc6122e8fffc9c2cfabb1f1fefa6089fe62f84ec599103d8da2b93ba45cf2a,1
select2/select2,issue_resolution_duration,https://oss.open-digger.cn/github/select2/select2/issue_resolution_duration.json,200,,17249,7ab1bbac8f3cb2be4cb12a8bfaa85e04a907d8e098693e145360c438d0485723,1
select2/select2,issue_age,https://oss.open-digger.cn/github/select2/select2/issue_age.json,200,,20791,e06de96ef40ae3a55bd4d629664b75d97a252dc1686bb27d79c4a58b0343c9bc,1
select2/select2,issues_new,https://oss.open-digger.cn/github/select2/select2/issues_new.json,200,,2323,4d1c75eb17f68a6f3b184ce88bfa82d04ed2e8e807acd14dff63ad97c0d206f5,1
select2/select2,contributors,https://oss.open-digger.cn/github/select2/select2/contributors.json,200,,1190,ba73a8290448cefe630082cfdf851c19970098d0a632537c4482b8f550e42a57,1
select2/select2,code_change_lines_sum,https://oss.open-digger.cn/github/select2/select2/code_change_lines_sum.json,200,,2440,62eaacb44eac5d78b09c07fd95316959feeccdb9855478798c366d6b4070919a,1
SeleniumHQ/selenium,issue_resolution_duration,https://oss.open-digger.cn/github/SeleniumHQ/selenium/issue_resolution_duration.json,200,,19093,8dcccff242a0b3aa1b3a42dd1684ee891ec43db2e3922a7d09c3ea51edde3d72,1
SeleniumHQ/selenium,issue_age,https://oss.open-digger.cn/github/SeleniumHQ/selenium/issue_age.json,200,,20722,a8386a52941fecee852e5be886f06449113cb633c4d050211a99007a70f4f6f6,1
SeleniumHQ/selenium,issues_new,https://oss.open-digger.cn/github/SeleniumHQ/selenium/issues_new.json,200,,2535,7e22ebced9bfc6d6ad977589e17a940bad6386cff68a3c05ba36902a5ebd352f,1
SeleniumHQ/selenium,contributors,https://oss.open-digger.cn/github/SeleniumHQ/selenium/contributors.json,200,,2281,c61ef73d7d53133546a113f49889b618587e51d538fefa840cb06945a3ae858f,1
SeleniumHQ/selenium,code_change_lines_sum,https://oss.open-digger.cn/github/SeleniumHQ/selenium/code_change_lines_sum.json,200,,2984,20a807eb1dbfd9c7e38e1b7e3e4d127acfa734499040bdc2aa28defba3400205,1
Semantic-Org/Semantic-UI,issue_resolution_duration,https://oss.open-digger.cn/github/Semantic-Org/Semantic-UI/issue_resolution_duration.json,200,,13269,1c01f274c40e155e85c1676b7cf1069f20e8c0ec0bc3ce6f4f7a78770062d58a,1
Semantic-Org/Semantic-UI,issue_age,https://oss.open-digger.cn/github/Semantic-Org/Semantic-UI/issue_age.json,200,,20973,e2a478985c82aa49861da1650a934db32557a0f1e5ed40d73765f4c987998b91,1
Semantic-Org/Semantic-UI,issues_new,https://oss.open-digger.cn/github/Semantic-Org/Semantic-UI/issues_new.json,200,,2147,0b54f34b585afc147250ecac300bf955bb2f876f0ed0c7fce94183a4c0765b0a,1
Semantic-Org/Semantic-UI,contributors,https://oss.open-digger.cn/github/Semantic-Org/Semantic-UI/contributors.json,200,,787,53f22e1bace87597c3191bdb8f139bd20e5ebb6271141d2462e7bcffb571b9d5,1
Semantic-Org/Semantic-UI,code_change_lines_sum,https://oss.open-digger.cn/github/Semantic-Org/Semantic-UI/code_change_lines_sum.json,200,,1524,64e6ffb39504fccccb2efbdea3141d34e76fe0d4eadd2c8c0da44a1c2ef2337d,1
senchalabs/connect,issue_resolution_duration,https://oss.open-digger.cn/github/senchalabs/connect/issue_resolution_duration.json,200,,5957,f1483856867792aa98e7322b088fa5cf559cf1cd4ff2bbf57c27317b8a9d7b64,1
senchalabs/connect,issue_age,https://oss.open-digger.cn/github/senchalabs/connect/issue_age.json,200,,6259,790a5b5a119d85607ac5fd04fc8e2b707f69c0b84f2d5de59c0dedad6f1e1f85,1
senchalabs/connect,issues_new,https://oss.open-digger.cn/github/senchalabs/connect/issues_new.json,200,,852,dcdefe98705583ad833f93a85e03a8fde7422cb25d1a6cb6cde4b89c2c06d51d,1
senchalabs/connect,contributors,https://oss.open-digger.cn/github/senchalabs/connect/contributors.json,200,,97,387cddf883f3d5f3bc9c189b39e39a3e70a79e497b448f9413fcdaadccd76dd7,1
senchalabs/connect,code_change_lines_sum,https://oss.open-digger.cn/github/senchalabs/connect/code_change_lines_sum.json,200,,411,a499e3fa3b6d8d138221b8ac809e0cdbaa172d30ae46efda7c10c3d728849042,1
sequelize/sequelize,issue_resolution_duration,https://oss.open-digger.cn/github/sequelize/sequelize/issue_resolution_duration.json,200,,18336,5e7d9c104b3299ee82313e78d0dbf3614501d32004356874013210d338d29f7d,1
sequelize/sequelize,issue_age,https://oss.open-digger.cn/github/sequelize/sequelize/issue_age.json,200,,21009,74da8ef0bdf2143df44a6cb0e5a9c1a6ccd93f9ad8811c3c557b7904163a3b54,1
sequelize/sequelize,issues_new,https://oss.open-digger.cn/github/sequelize/sequelize/issues_new.json,200,,2521,5869dad5d5da7278385dc1166f97d5ea6974eba45725aa2f8aa2c619afdafc37,1
sequelize/sequelize,contributors,https://oss.open-digger.cn/github/sequelize/sequelize/contributors.json,200,,2343,0c01bcdab20f6809b1365b26470cc312ab35c46986680871bd80233d8ae0a7b5,1
sequelize/sequelize,code_change_lines_sum,https://oss.open-digger.cn/github/sequelize/sequelize/code_change_lines_sum.json,200,,2886,bc2c09c8e17de0926ad6695575b709a1d29c21190409f8e88a67997993ec36e0,1
sermant-io/Sermant,issue_resolution_duration,https://oss.open-digger.cn/github/sermant-io/Sermant/issue_resolution_duration.json,200,,6936,b0455a15f5d5dd7c33eb6b6989615adf6bf0faafa592f904f394992434b0148b,1
sermant-io/Sermant,issue_age,https://oss.open-digger.cn/github/sermant-io/Sermant/issue_age.json,200,,8047,7cf0d0b7500fe915786a8d09d3351cbbd5e86096418f09613e43ec7beeeb0996,1
sermant-io/Sermant,issues_new,https://oss.open-digger.cn/github/sermant-io/Sermant/issues_new.json,200,,916,bdfb0deab4f3d1bae4222e3aa18f264f85955840279c79af8f613bc576d78421,1
sermant-io/Sermant,contributors,https://oss.open-digger.cn/github/sermant-io/Sermant/contributors.json,200,,808,64ddedc99b86b68d004119077864dc3783cda00af1b9664948181bc60b163404,1
sermant-io/Sermant,code_change_lines_sum,https://oss.open-digger.cn/github/sermant-io/Sermant/code_change_lines_sum.json,200,,1099,f592cb0b1a05237e65e51a2ced2af71a6bd93c621bda1cad432b07aadbc69c13,1
serverless/serverless,issue_resolution_duration,https://oss.open-digger.cn/github/serverless/serverless/issue_resolution_duration.json,200,,18390,11cce434cc3e3dc9b6dd81a506bcfd9141e438af494482d13c840e06a0952db9,1
serverless/serverless,issue_age,https://oss.open-digger.cn/github/serverless/serverless/issue_age.json,200,,20056,32e47f0d90e5a84c169a9884241be8c2b549f6789e465ef653c09ce2827e0200,1
serverless/serverless,issues_new,https://oss.open-digger.cn/github/serverless/serverless/issues_new.json,200,,2377,e43826028fb1c235dd3bd39e306b7ccaec0013c86e47a466e1f152ba541624cd,1
serverless/serverless,contributors,https://oss.open-digger.cn/github/serverless/serverless/contributors.json,200,,2181,9feaea9e05bc469aa2c49721cea31f2b19e465a15d0248e1ff31d08bd367e15c,1
serverless/serverless,code_change_lines_sum,https://oss.open-digger.cn/github/serverless/serverless/code_change_lines_sum.json,200,,2742,27828c117b6162014f791b720b6825b08d9123426c82a3e5441cd78a2cbe62aa,1
seyhunak/twitter-bootstrap-rails,issue_resolution_duration,https://oss.open-digger.cn/github/seyhunak/twitter-bootstrap-rails/issue_resolution_duration.json,200,,3592,6b610e50ea7f2e4c44c0cf1ec70344ba02144b73db24823d1f031d094a260f76,1
seyhunak/twitter-bootstrap-rails,issue_age,https://oss.open-digger.cn/github/seyhunak/twitter-bootstrap-rails/issue_age.json,200,,20818,de853eea43c663a4000ce34d51c2cc48d5804a8afb786772d999d351b344c2b0,1
seyhunak/twitter-bootstrap-rails,issues_new,https://oss.open-digger.cn/github/seyhunak/twitter-bootstrap-rails/issues_new.json,200,,702,699d1a5a5a6773bf39b0bc629075d3c9ec96482d1477a91e5529bb435eba74da,1
seyhunak/twitter-bootstrap-rails,contributors,https://oss.open-digger.cn/github/seyhunak/twitter-bootstrap-rails/contributors.json,200,,379,f2141522af04c19793595343b93672b4682ab6aed915f451ff2a2a0041665ddf,1
seyhunak/twitter-bootstrap-rails,code_change_lines_sum,https://oss.open-digger.cn/github/seyhunak/twitter-bootstrap-rails/code_change_lines_sum.json,200,,655,941191183fd8814ba9ff2d17c2e452548b08f84b22917ca1604a91a05b5c2b17,1
SFML/SFML,issue_resolution_duration,https://oss.open-digger.cn/github/SFML/SFML/issue_resolution_duration.json,200,,18299,77a52e8886b6f1ae1b7426300f5c8c33c58f61bf56f40efd9eecefd29b3a126d,1
SFML/SFML,issue_age,https://oss.open-digger.cn/github/SFML/SFML/issue_age.json,200,,20507,d7964cf19c69ea4089f1fced661b95890bb820d1fdb8f308d2717486c551700e,1
SFML/SFML,issues_new,https://oss.open-digger.cn/github/SFML/SFML/issues_new.json,200,,2318,a08a59e68f53b78252df8cc9dc699a3c985d0a8c03452b8bf7cb3ea66ee0c209,1
SFML/SFML,contributors,https://oss.open-digger.cn/github/SFML/SFML/contributors.json,200,,2066,3b5a00d36014ae014acc4a8c958f06c8d1de1ed332940568ea7fbf1e9288f612,1
SFML/SFML,code_change_lines_sum,https://oss.open-digger.cn/github/SFML/SFML/code_change_lines_sum.json,200,,2820,6ee0a04c1c222b0df32151188dc8366c8e2277a899dac9325802541e5ef3f870,1
SFTtech/openage,issue_resolution_duration,https://oss.open-digger.cn/github/SFTtech/openage/issue_resolution_duration.json,200,,15272,22115556b38ee96868a8e166fca81392dd0d2c493da7553d70b4a88ae75bbd8f,1
SFTtech/openage,issue_age,https://oss.open-digger.cn/github/SFTtech/openage/issue_age.json,200,,20831,35ea98c94de075a569e76436ac242132b0e1d4e87e1b66865347395bed277819,1
SFTtech/openage,issues_new,https://oss.open-digger.cn/github/SFTtech/openage/issues_new.json,200,,2000,396237cc704b684eab5eadd671b87f4dc10d78178d61477a758fcfb32562cb7e,1
SFTtech/openage,contributors,https://oss.open-digger.cn/github/SFTtech/openage/contributors.json,200,,2039,e2aeb378d10f83d4866ff25f6e21e132a65443119bcd5e831b0b4dbbf0ab95ae,1
SFTtech/openage,code_change_lines_sum,https://oss.open-digger.cn/github/SFTtech/openage/code_change_lines_sum.json,200,,2597,ca35c1149cf0a4cab9e1b68cafb89d282a6f587519a7890bd194d0dca2e101f2,1
sgl-project/sglang,issue_resolution_duration,https://oss.open-digger.cn/github/sgl-project/sglang/issue_resolution_duration.json,200,,3936,dcbe5f2b802f137ba53ad66c2abd8e3755230f0c376f3a43ea98ed7796a58f9f,1
sgl-project/sglang,issue_age,https://oss.open-digger.cn/github/sgl-project/sglang/issue_age.json,200,,3910,6b7adfd09042d28eba6b1de76597127fce79f587788a66cf9433cb2e0847bc5a,1
sgl-project/sglang,issues_new,https://oss.open-digger.cn/github/sgl-project/sglang/issues_new.json,200,,594,bdcee19bb19c5b8401f47aac6acde0fa01930ea512c5af3d53d4590ae78ec5bf,1
sgl-project/sglang,contributors,https://oss.open-digger.cn/github/sgl-project/sglang/contributors.json,200,,586,39b879fb83bcd32825cce9a7673c3aa41b48ee28063f9b09f944c471cd3c1fcc,1
sgl-project/sglang,code_change_lines_sum,https://oss.open-digger.cn/github/sgl-project/sglang/code_change_lines_sum.json,200,,724,e2f7fc401ed9f0e217c6018faaa8c400463207c0ecba974efb0b587204b11dd5,1
shadowsocks/shadowsocks-android,issue_resolution_duration,https://oss.open-digger.cn/github/shadowsocks/shadowsocks-android/issue_resolution_duration.json,200,,16339,9c192e45cbec2c5d8653e1a860726d36c5cd02c784299abb15c139def15a088b,1
shadowsocks/shadowsocks-android,issue_age,https://oss.open-digger.cn/github/shadowsocks/shadowsocks-android/issue_age.json,200,,20167,2020e1acfce7e82cae05af11b04239d8572e62df26529b89b8c1fbcdd60fd7b5,1
shadowsocks/shadowsocks-android,issues_new,https://oss.open-digger.cn/github/shadowsocks/shadowsocks-android/issues_new.json,200,,2342,deea2a19efdf2201a2dc14c5fafd50e9ebfe6559aeee7b974826752e63c9cd89,1
shadowsocks/shadowsocks-android,contributors,https://oss.open-digger.cn/github/shadowsocks/shadowsocks-android/contributors.json,200,,1327,ddf6b249c59575e46f545e50bb4ded82b38f8b7b4c56cec4bf83d507e8e1b1ca,1
shadowsocks/shadowsocks-android,code_change_lines_sum,https://oss.open-digger.cn/github/shadowsocks/shadowsocks-android/code_change_lines_sum.json,200,,2126,9f3fdf676e28b94aac684347b4e18789c8175e60a59f00d297058c48dad5a1c3,1
shadowsocks/shadowsocks-windows,issue_resolution_duration,https://oss.open-digger.cn/github/shadowsocks/shadowsocks-windows/issue_resolution_duration.json,200,,16569,54e9e5bbfb81ab79c606e664011c62731e41370f9aed2baf57a2b8dd753906e7,1
shadowsocks/shadowsocks-windows,issue_age,https://oss.open-digger.cn/github/shadowsocks/shadowsocks-windows/issue_age.json,200,,20018,e11e3284ed53a34e63fa6a26952774ff3cd0054d98e7c8200fa5ae190224627c,1
shadowsocks/shadowsocks-windows,issues_new,https://oss.open-digger.cn/github/shadowsocks/shadowsocks-windows/issues_new.json,200,,2248,321f310ec0ca3ba056c2f73ae24d064923b8034b089952b9910ddd5de8a529d3,1
shadowsocks/shadowsocks-windows,contributors,https://oss.open-digger.cn/github/shadowsocks/shadowsocks-windows/contributors.json,200,,1197,7e0b3c46e0c57fd0379fa23e3a2923671becc2b6d9b999bc8932d06114188763,1
shadowsocks/shadowsocks-windows,code_change_lines_sum,https://oss.open-digger.cn/github/shadowsocks/shadowsocks-windows/code_change_lines_sum.json,200,,1833,9cdbe09b03a685ebef57bf581ecdfa83815adb7d78ef506b9e16c6260dbdd07e,1
ShareX/ShareX,issue_resolution_duration,https://oss.open-digger.cn/github/ShareX/ShareX/issue_resolution_duration.json,200,,19453,173b553fbfadcce6e333184fe60915dbda0ac9330e0127a09354c99381b9a4aa,1
ShareX/ShareX,issue_age,https://oss.open-digger.cn/github/ShareX/ShareX/issue_age.json,200,,20737,f0b61296603c8475648d6dd370e3bd80e1eff19aac5f3eaa67220e7e97ecb966,1
ShareX/ShareX,issues_new,https://oss.open-digger.cn/github/ShareX/ShareX/issues_new.json,200,,2518,5f7c36d4209f5760acee205f5f25faf3ad1bbf1bfe6c082d024db2e518eee576,1
ShareX/ShareX,contributors,https://oss.open-digger.cn/github/ShareX/ShareX/contributors.json,200,,2086,aa232848764109f7009b1acb03da9cabc57dd98fab75efdda9f261cec4bae9ca,1
ShareX/ShareX,code_change_lines_sum,https://oss.open-digger.cn/github/ShareX/ShareX/code_change_lines_sum.json,200,,2747,112829de4673fdabe8a66a345876f64f5267b86bb8c572e59a909184e14842cc,1
Shopify/liquid,issue_resolution_duration,https://oss.open-digger.cn/github/Shopify/liquid/issue_resolution_duration.json,200,,14843,be4f91ee8a3b629499adaa9b92aff2350cc160eb4e804be9e57019c3d2243133,1
Shopify/liquid,issue_age,https://oss.open-digger.cn/github/Shopify/liquid/issue_age.json,200,,20710,12c3801f7d433ceb054ff4aa0e81c936a04b93fcecb12d3fde3c03f45da4d569,1
Shopify/liquid,issues_new,https://oss.open-digger.cn/github/Shopify/liquid/issues_new.json,200,,2334,f579c05bf096c78c55c80f179e299cd03722086dab923e8c1642873af3ee19bc,1
Shopify/liquid,contributors,https://oss.open-digger.cn/github/Shopify/liquid/contributors.json,200,,1912,d1d4593ffa0786b669087cbfaabd644b24a70ac32f31df4d2b60fde96cb47b61,1
Shopify/liquid,code_change_lines_sum,https://oss.open-digger.cn/github/Shopify/liquid/code_change_lines_sum.json,200,,2526,9f5358949e1f57cce22b74890dd468ca3c2903c9d165c50aeb8c031ca59cad4b,1
sidekiq-cron/sidekiq-cron,issue_resolution_duration,https://oss.open-digger.cn/github/sidekiq-cron/sidekiq-cron/issue_resolution_duration.json,200,,15596,2b233702a008ebe40da1449ef7ecab9af3b20998c92f86e696539c9afa34d03b,1
sidekiq-cron/sidekiq-cron,issue_age,https://oss.open-digger.cn/github/sidekiq-cron/sidekiq-cron/issue_age.json,200,,20329,eca91023c0ab787f27bfb6e28d382b1bc132e24c1121cc2550875e8cce99e886,1
sidekiq-cron/sidekiq-cron,issues_new,https://oss.open-digger.cn/github/sidekiq-cron/sidekiq-cron/issues_new.json,200,,1805,111ce1747fede4d92d1acdcc4e8947f4123a3995100586ef7e37cffb64a15867,1
sidekiq-cron/sidekiq-cron,contributors,https://oss.open-digger.cn/github/sidekiq-cron/sidekiq-cron/contributors.json,200,,1066,c6c7a93f8d4e61cd5177580c570397182bfbe2edfb7d7733353b7986e7b02336,1
sidekiq-cron/sidekiq-cron,code_change_lines_sum,https://oss.open-digger.cn/github/sidekiq-cron/sidekiq-cron/code_change_lines_sum.json,200,,1607,c9ab5d121e7d2cc395d802ab0a12e86c39748053b4922252020ebbb0983de1e2,1
sidekiq-scheduler/sidekiq-scheduler,issue_resolution_duration,https://oss.open-digger.cn/github/sidekiq-scheduler/sidekiq-scheduler/issue_resolution_duration.json,200,,13577,0f647f2cf141bfefd72d0036cd166718971bbbeeff9c8455b91edacadeced70e,1
sidekiq-scheduler/sidekiq-scheduler,issue_age,https://oss.open-digger.cn/github/sidekiq-scheduler/sidekiq-scheduler/issue_age.json,200,,19145,4df19c91c743adaa74e4103a51023a3fe96f44501069e0ec6d3b8ffa3c5ab828,1
sidekiq-scheduler/sidekiq-scheduler,issues_new,https://oss.open-digger.cn/github/sidekiq-scheduler/sidekiq-scheduler/issues_new.json,200,,1737,3da2a3bd6bd945d63b76d99f9c27d270162dc0ebdafe45a658a0eed1c3dc1622,1
sidekiq-scheduler/sidekiq-scheduler,contributors,https://oss.open-digger.cn/github/sidekiq-scheduler/sidekiq-scheduler/contributors.json,200,,1294,697f59f4da08180e433910ecaec0ac030faf019f15fbabac3ece220118c5ce4c,1
sidekiq-scheduler/sidekiq-scheduler,code_change_lines_sum,https://oss.open-digger.cn/github/sidekiq-scheduler/sidekiq-scheduler/code_change_lines_sum.json,200,,1574,b19ed24b43c4e3671666f39a39f88bb110aa9117761fac2673c97b63d257aa34,1
SignalR/SignalR,issue_resolution_duration,https://oss.open-digger.cn/github/SignalR/SignalR/issue_resolution_duration.json,200,,16594,6d9d6934f78f3c1af764526ab0b07689f47d899eeeab04734d21fda52a443e6d,1
SignalR/SignalR,issue_age,https://oss.open-digger.cn/github/SignalR/SignalR/issue_age.json,200,,20508,38d1d313a4c4331efd981d377cfadc3133e9ab504846061619c1130eca9822b1,1
SignalR/SignalR,issues_new,https://oss.open-digger.cn/github/SignalR/SignalR/issues_new.json,200,,2231,06ca139ad6e5e1d6331b4e589593316412d423e9d2de4faa57f077848a25e6a6,1
SignalR/SignalR,contributors,https://oss.open-digger.cn/github/SignalR/SignalR/contributors.json,200,,1001,35744f34f613d07948c5c5b8df4359cf47ba492297011820eb31abadb2a23095,1
SignalR/SignalR,code_change_lines_sum,https://oss.open-digger.cn/github/SignalR/SignalR/code_change_lines_sum.json,200,,1619,bf9c621f8a5d86f9791cdc003109b46c405a75006e29b2ac0b8dc1c068732bc4,1
sigstore/cosign,issue_resolution_duration,https://oss.open-digger.cn/github/sigstore/cosign/issue_resolution_duration.json,200,,8545,166ea4d256fcfe438f114c3c4fe1990b5b925f203098b1c66ba4aa645c746387,1
sigstore/cosign,issue_age,https://oss.open-digger.cn/github/sigstore/cosign/issue_age.json,200,,9355,cfceb112f3773c5e7acd690e75d2e7138ef945b5e3d7a9ac1bb11c1a367e9aa6,1
sigstore/cosign,issues_new,https://oss.open-digger.cn/github/sigstore/cosign/issues_new.json,200,,1172,e4167671118fffa44f46e1b87f9accfca28d9a14569f02eb43a2a8d0a72173b9,1
sigstore/cosign,contributors,https://oss.open-digger.cn/github/sigstore/cosign/contributors.json,200,,1164,b5eb55e7bb6860561e39f9529044537bd70593e205bc3ab980bece009761c303,1
sigstore/cosign,code_change_lines_sum,https://oss.open-digger.cn/github/sigstore/cosign/code_change_lines_sum.json,200,,1403,dd9747af3cee69257f5a34b01fc8c2d4c597e1b2adcb50872775d1ad3857f429,1
simple-robot/simpler-robot,issue_resolution_duration,https://oss.open-digger.cn/github/simple-robot/simpler-robot/issue_resolution_duration.json,200,,7222,d67056a2567fa305beba311bac8527e07b57266541a971615cd7b808534761d4,1
simple-robot/simpler-robot,issue_age,https://oss.open-digger.cn/github/simple-robot/simpler-robot/issue_age.json,200,,9668,5d1ae545b24692ba6562417884f14b3053de877b06fe9ff201e97b1a55a73991,1
simple-robot/simpler-robot,issues_new,https://oss.open-digger.cn/github/simple-robot/simpler-robot/issues_new.json,200,,929,2441f842e9a818ce5f662f657dec186b90e5a61bbf09b9bb577e567af4fbd6d0,1
simple-robot/simpler-robot,contributors,https://oss.open-digger.cn/github/simple-robot/simpler-robot/contributors.json,200,,718,2fbe6b57ffd51c93aa7002869d116b5fc8382b6f5ca16d7645019e5c5ffc6d54,1
simple-robot/simpler-robot,code_change_lines_sum,https://oss.open-digger.cn/github/simple-robot/simpler-robot/code_change_lines_sum.json,200,,890,067a78250c0df15084dbb025264a91309f8b50db1f4540db151bbfd7714ea1a3,1
sinatra/sinatra,issue_resolution_duration,https://oss.open-digger.cn/github/sinatra/sinatra/issue_resolution_duration.json,200,,17854,2dca92a7fdeaf9d869bf230f14d5bbe19768858a2c71de836744b5c5b1f905f4,1
sinatra/sinatra,issue_age,https://oss.open-digger.cn/github/sinatra/sinatra/issue_age.json,200,,20580,abf728d698d67a21571ebe8fedac28b236b00536a9bd49adf816cc8960a68bc3,1
sinatra/sinatra,issues_new,https://oss.open-digger.cn/github/sinatra/sinatra/issues_new.json,200,,2170,31dd9534d5faf34343a0e2d83104aa4572468ef3f920ae35f698ea8e2e5d65d7,1
sinatra/sinatra,contributors,https://oss.open-digger.cn/github/sinatra/sinatra/contributors.json,200,,1895,2ed0310e6db2f0436439b2f73d5ebbe50a018b6136f6315f05e8805f5f0a1f61,1
sinatra/sinatra,code_change_lines_sum,https://oss.open-digger.cn/github/sinatra/sinatra/code_change_lines_sum.json,200,,2380,a7be12c2391fca19ca207cfeba9673c9b5be437f4d980a7dae0e92ae143da494,1
sinonjs/sinon,issue_resolution_duration,https://oss.open-digger.cn/github/sinonjs/sinon/issue_resolution_duration.json,200,,16861,99e888fc77f21b18a4ed61c409ad1732b5d667e03c7311b46e894546eead531b,1
sinonjs/sinon,issue_age,https://oss.open-digger.cn/github/sinonjs/sinon/issue_age.json,200,,20842,778cf32c2543935752d8c133be8f0b37ae57431ebc52e3f790023d9085056d76,1
sinonjs/sinon,issues_new,https://oss.open-digger.cn/github/sinonjs/sinon/issues_new.json,200,,2257,51a71befbda04d242dc9b8da26fc6be133310f6220edd835e8d0f2ba90bcffef,1
sinonjs/sinon,contributors,https://oss.open-digger.cn/github/sinonjs/sinon/contributors.json,200,,1972,da41e9f0a3c534738dff7af5198c2183ae21bd774417eb80c6d7f533ee23b88d,1
sinonjs/sinon,code_change_lines_sum,https://oss.open-digger.cn/github/sinonjs/sinon/code_change_lines_sum.json,200,,2424,a6a1384039faf0ab67cee0a61ea7dd929ccc86c1adae61ca8bc99e951c97687e,1
SirVer/ultisnips,issue_resolution_duration,https://oss.open-digger.cn/github/SirVer/ultisnips/issue_resolution_duration.json,200,,16654,afb1793138d7d9b9019162637f751a62d3310e9cc8a7c262582c9db7a9f39dd0,1
SirVer/ultisnips,issue_age,https://oss.open-digger.cn/github/SirVer/ultisnips/issue_age.json,200,,20535,97a8e5e4a23c3be4d1b7356c8a47f3b2bad9ceb9aa5b0878041799b18257ba88,1
SirVer/ultisnips,issues_new,https://oss.open-digger.cn/github/SirVer/ultisnips/issues_new.json,200,,2138,2194dc1a2b91b37522bd66c5ffbb453e2e34b55cf49d43ef44ebdaa1665f0fe6,1
SirVer/ultisnips,contributors,https://oss.open-digger.cn/github/SirVer/ultisnips/contributors.json,200,,1165,2282bf3a3db3aa172292cf9a4aadb9d31cfb1e4bfb92312f9607f767548be616,1
SirVer/ultisnips,code_change_lines_sum,https://oss.open-digger.cn/github/SirVer/ultisnips/code_change_lines_sum.json,200,,1655,4a19f3b3a3fb7bd594d99b9cc4092f25514b75ddcdfc3460e546360b3d42185f,1
siteserver/cms,issue_resolution_duration,https://oss.open-digger.cn/github/siteserver/cms/issue_resolution_duration.json,200,,12515,4f98aa461b07e7502a79cd80da161e2c9739592f68e3c79c90a504593d8b54c0,1
siteserver/cms,issue_age,https://oss.open-digger.cn/github/siteserver/cms/issue_age.json,200,,16651,2ca1bf6399d7eb50136cd9da5dbd5610596f3fe32294c23e7a009497abe9dbbf,1
siteserver/cms,issues_new,https://oss.open-digger.cn/github/siteserver/cms/issues_new.json,200,,1895,f358abbcec51999d31e995d2ebfb42b6487f747e0b736ebded8fc1521c0a4a2e,1
siteserver/cms,contributors,https://oss.open-digger.cn/github/siteserver/cms/contributors.json,200,,420,acb9098058d65ca72db69f523dfd33bd2a741d76ff98200efe2720727c1816f7,1
siteserver/cms,code_change_lines_sum,https://oss.open-digger.cn/github/siteserver/cms/code_change_lines_sum.json,200,,603,f9259f64eda19bbf19d4209840e4c1e9d409d3a75a8ab7c442eb07a51cd56fa4,1
sktime/sktime,issue_resolution_duration,https://oss.open-digger.cn/github/sktime/sktime/issue_resolution_duration.json,200,,12607,a1c66b3bb2f7cc7a7aa2d18610b86b64c5b61253c75d6701cd28b5f2d1da3e85,1
sktime/sktime,issue_age,https://oss.open-digger.cn/github/sktime/sktime/issue_age.json,200,,12936,9856962e5d385de4ee75bfd18615136d112d928e6555544b62243ed89c0a5f4f,1
sktime/sktime,issues_new,https://oss.open-digger.cn/github/sktime/sktime/issues_new.json,200,,1634,67ea32ef511693c5b15bad745e328917ce803014b8abd7db0f7a17c737e95cbe,1
sktime/sktime,contributors,https://oss.open-digger.cn/github/sktime/sktime/contributors.json,200,,1572,0f64971da2f887232bb6163bf20836ec620851106dea99d91febd847e0256802,1
sktime/sktime,code_change_lines_sum,https://oss.open-digger.cn/github/sktime/sktime/code_change_lines_sum.json,200,,1988,6a5033ae9994015b79e3e50f3b3eadac81976d9f544bf316ba8d1bba601e7ea1,1
slime/slime,issue_resolution_duration,https://oss.open-digger.cn/github/slime/slime/issue_resolution_duration.json,200,,14419,9a266be07acd747c4f5d1a881a408e78b6ff5de644eadced13e6adf06d25b87d,1
slime/slime,issue_age,https://oss.open-digger.cn/github/slime/slime/issue_age.json,200,,20668,a237069e5af4b16e135aea82946a03cb304cb40e320cf7c9812b205fbfb0c831,1
slime/slime,issues_new,https://oss.open-digger.cn/github/slime/slime/issues_new.json,200,,2053,51c2fc8f3605e9b64695d5dc16c173fdf6d6dd9368718468082f86a0343f08a4,1
slime/slime,contributors,https://oss.open-digger.cn/github/slime/slime/contributors.json,200,,1336,209292f5b6265e88242597c5834c7f282707a1c5c9857155fab635392b73136d,1
slime/slime,code_change_lines_sum,https://oss.open-digger.cn/github/slime/slime/code_change_lines_sum.json,200,,2023,c4ac842a38eb3cacd8f45b4e16909dd46917444536362ae29e14efcaf86f2447,1
slimphp/Slim,issue_resolution_duration,https://oss.open-digger.cn/github/slimphp/Slim/issue_resolution_duration.json,200,,17186,b985dd5d5f8660bd668ee2a29d92877cd1b444f6a50c96e0257113a1a5fef129,1
slimphp/Slim,issue_age,https://oss.open-digger.cn/github/slimphp/Slim/issue_age.json,200,,20650,4b44b9833cc4067d84d9c29a3887948a4e59e42503e67be51490eccd5b2056d7,1
slimphp/Slim,issues_new,https://oss.open-digger.cn/github/slimphp/Slim/issues_new.json,200,,2151,1e56a3ce375b3d1fed827845f5880931fb42ec5f5fcfb96aa17fcd2633f86fe6,1
slimphp/Slim,contributors,https://oss.open-digger.cn/github/slimphp/Slim/contributors.json,200,,2001,5089c9551b40128b7d046c5abe4c9ad7d8c99a4f645f89682603f084534e708a,1
slimphp/Slim,code_change_lines_sum,https://oss.open-digger.cn/github/slimphp/Slim/code_change_lines_sum.json,200,,2330,4063df9f0fb692349be7e5016cf4bdfb11a503e0cdb4f735191357e73bd2540e,1
smartcontractkit/chainlink,issue_resolution_duration,https://oss.open-digger.cn/github/smartcontractkit/chainlink/issue_resolution_duration.json,200,,11922,f05921efc4ca1369059228351bd5c5604bb2bdff037e54fd209f27ea3549cdcb,1
smartcontractkit/chainlink,issue_age,https://oss.open-digger.cn/github/smartcontractkit/chainlink/issue_age.json,200,,14616,6f2afacde520e62e554b239414a2f00167a29d326d670c534cce98d3d7220372,1
smartcontractkit/chainlink,issues_new,https://oss.open-digger.cn/github/smartcontractkit/chainlink/issues_new.json,200,,1609,a8da047c148a25a5d44de6b1a1c85c4f280f64f06298f1411421034c489a4595,1
smartcontractkit/chainlink,contributors,https://oss.open-digger.cn/github/smartcontractkit/chainlink/contributors.json,200,,1817,bc4638f52663156f9bf9bdd239f750dca9e1e417661986d2c86d23100c1b92c1,1
smartcontractkit/chainlink,code_change_lines_sum,https://oss.open-digger.cn/github/smartcontractkit/chainlink/code_change_lines_sum.json,200,,2340,d1ad6bb121228d2df25764fa3278bf984a230f9bc8d52e21d0cf8e17a04656ff,1
snowplow/snowplow,issue_resolution_duration,https://oss.open-digger.cn/github/snowplow/snowplow/issue_resolution_duration.json,200,,13556,6f4eaccc95241724455c5c2898edd0665675ddb9845a917afeb86e09f371148c,1
snowplow/snowplow,issue_age,https://oss.open-digger.cn/github/snowplow/snowplow/issue_age.json,200,,20920,bf403b38f048bca72ac9cc067a3201a3e43742bcd43fbb9f03dca58a258b244f,1
snowplow/snowplow,issues_new,https://oss.open-digger.cn/github/snowplow/snowplow/issues_new.json,200,,1730,2b91b06cf45279f238a4676268dfc8dfab7fe40e0121811b546a9d64b576a007,1
snowplow/snowplow,contributors,https://oss.open-digger.cn/github/snowplow/snowplow/contributors.json,200,,1219,e583a04e8438ea80f434e3d44d273ee4676836b7f6f2b35811e8f89af3a7bf36,1
snowplow/snowplow,code_change_lines_sum,https://oss.open-digger.cn/github/snowplow/snowplow/code_change_lines_sum.json,200,,1860,da8c3361da3b98e0dbcd3940075c67c4217a2d0171d2943dd78d0bba4554f8db,1
socketio/socket.io,issue_resolution_duration,https://oss.open-digger.cn/github/socketio/socket.io/issue_resolution_duration.json,200,,18909,8997411a6be987ee1f6c3416084a105fd39904df4ee605484d779820ae0b3f9e,1
socketio/socket.io,issue_age,https://oss.open-digger.cn/github/socketio/socket.io/issue_age.json,200,,20806,8ccfcbfd2a393986dda501c14cd4c1a1d6f06da32b3eb5c68effb8033d6a3006,1
socketio/socket.io,issues_new,https://oss.open-digger.cn/github/socketio/socket.io/issues_new.json,200,,2411,c1b28b1b6843b8f4aa7295286bef1b99b7c8c30a200d63f1a6c26d8b73618e89,1
socketio/socket.io,contributors,https://oss.open-digger.cn/github/socketio/socket.io/contributors.json,200,,1307,edad82e4487524a67a372411cb75603841f2e036f02c96a5b82710fd3f787bc1,1
socketio/socket.io,code_change_lines_sum,https://oss.open-digger.cn/github/socketio/socket.io/code_change_lines_sum.json,200,,2346,b7bf9efc2159b9d0567123f749d6c14309ad06e6b1c3602ea5892fb77e196092,1
SoftEtherVPN/SoftEtherVPN,issue_resolution_duration,https://oss.open-digger.cn/github/SoftEtherVPN/SoftEtherVPN/issue_resolution_duration.json,200,,18355,9816357b76da9c4efca4b1b360999f51d638b5f6ee5c50ad6421b166a4d16229,1
SoftEtherVPN/SoftEtherVPN,issue_age,https://oss.open-digger.cn/github/SoftEtherVPN/SoftEtherVPN/issue_age.json,200,,20735,8b45df99ce83c790fd6b448afdfc973dc4c2bc7457c8574bbae52efa32d41b5a,1
SoftEtherVPN/SoftEtherVPN,issues_new,https://oss.open-digger.cn/github/SoftEtherVPN/SoftEtherVPN/issues_new.json,200,,2315,1671e2d7900b085b1dde588142a501e16959ef54073d3e753f00038691f45845,1
SoftEtherVPN/SoftEtherVPN,contributors,https://oss.open-digger.cn/github/SoftEtherVPN/SoftEtherVPN/contributors.json,200,,1670,1fc09c72fe45502a897338654209aafa18d4e8da3a59a2890cbbe2f831ae7874,1
SoftEtherVPN/SoftEtherVPN,code_change_lines_sum,https://oss.open-digger.cn/github/SoftEtherVPN/SoftEtherVPN/code_change_lines_sum.json,200,,2470,40329ead5c5d8c235823701d66f2a3f7b1897cdf6ad8a651b12f350d24e3d13e,1
softonic/axios-retry,issue_resolution_duration,https://oss.open-digger.cn/github/softonic/axios-retry/issue_resolution_duration.json,200,,11313,437b6c6b3366da7e67a034126e75ef1d74afd5b9683d54980306055041736f15,1
softonic/axios-retry,issue_age,https://oss.open-digger.cn/github/softonic/axios-retry/issue_age.json,200,,16574,c1c80fe0cd84051f79cd0e97e3bff605716f85a0a9402a0b34c4688dea681e04,1
softonic/axios-retry,issues_new,https://oss.open-digger.cn/github/softonic/axios-retry/issues_new.json,200,,1487,93f4389d6f19528297dc9c301e98936137fc3209aab005a15f7f70942ddcfc8a,1
softonic/axios-retry,contributors,https://oss.open-digger.cn/github/softonic/axios-retry/contributors.json,200,,793,112a8f34353ad87c5f9db2a8fe23dbf25cd4a97cdc5eb3d2ba5695360b98380c,1
softonic/axios-retry,code_change_lines_sum,https://oss.open-digger.cn/github/softonic/axios-retry/code_change_lines_sum.json,200,,1368,ea9da469934b2965d51723dbe3561aa238ecf251e6eb372d6e9f9f355911fc41,1
solidjs/solid,issue_resolution_duration,https://oss.open-digger.cn/github/solidjs/solid/issue_resolution_duration.json,200,,12136,636a47524cbeccd7c4fc514c0974aa2ddf06958b42721b3e35b726cc78ff7b7c,1
solidjs/solid,issue_age,https://oss.open-digger.cn/github/solidjs/solid/issue_age.json,200,,13497,94a38a41c596e3e73f05d1f6c763b2739eb8346bcc6f6f9e86bacb9097d423eb,1
solidjs/solid,issues_new,https://oss.open-digger.cn/github/solidjs/solid/issues_new.json,200,,1627,3a0a2028a0ccbbb2ed7e1c1291ed7da6a31effdf8d9893b5ec40b3c8f02cf335,1
solidjs/solid,contributors,https://oss.open-digger.cn/github/solidjs/solid/contributors.json,200,,1359,d2fbcd085b826a7250587a43737f23ec131015af0460fcce011bf83aed35cc09,1
solidjs/solid,code_change_lines_sum,https://oss.open-digger.cn/github/solidjs/solid/code_change_lines_sum.json,200,,1695,3645122706b8886ff70682516e1bbfc3c441e76f00c850081bcad5e9608afe50,1
sorin-ionescu/prezto,issue_resolution_duration,https://oss.open-digger.cn/github/sorin-ionescu/prezto/issue_resolution_duration.json,200,,13603,4a0d06e1a4c748af76a92218e4cc137c5859bd02436884d9b7176c1ed5efc9bf,1
sorin-ionescu/prezto,issue_age,https://oss.open-digger.cn/github/sorin-ionescu/prezto/issue_age.json,200,,20787,5215a3737673db29c7b6c323cdc250167f09e85fc7952b7e2b21f0552118bc05,1
sorin-ionescu/prezto,issues_new,https://oss.open-digger.cn/github/sorin-ionescu/prezto/issues_new.json,200,,1911,ca409627ad08c439d4e3a0bfad243eb9a933dfe6489202ec5ac14b9fc47bff4b,1
sorin-ionescu/prezto,contributors,https://oss.open-digger.cn/github/sorin-ionescu/prezto/contributors.json,200,,1294,84596a66a13078a8356cd2c05f97987426dc28df7f0ebae257d63b2b5f747d4d,1
sorin-ionescu/prezto,code_change_lines_sum,https://oss.open-digger.cn/github/sorin-ionescu/prezto/code_change_lines_sum.json,200,,2225,1a9ff3f9806290a7d82fa5e10b9ff888ef84c8a34e9241b847ac2ddfeab4e14d,1
sparkle-project/Sparkle,issue_resolution_duration,https://oss.open-digger.cn/github/sparkle-project/Sparkle/issue_resolution_duration.json,200,,16509,3bae701b81172e3b0ef38cb6cb60bb014ef53e7329272a3e16817d3860077c5d,1
sparkle-project/Sparkle,issue_age,https://oss.open-digger.cn/github/sparkle-project/Sparkle/issue_age.json,200,,20604,9143df8ee0d0f5d200637717bd86a94910eddff5f4576b36ae1ad0456de458f3,1
sparkle-project/Sparkle,issues_new,https://oss.open-digger.cn/github/sparkle-project/Sparkle/issues_new.json,200,,2279,f94931db47ddc2a52d6b4b1ee9460df09d477523da204dc495a613fe02d8dd0f,1
sparkle-project/Sparkle,contributors,https://oss.open-digger.cn/github/sparkle-project/Sparkle/contributors.json,200,,1794,c0a9eb92d4046ea1b5f788eacea3260587c473ac56f6013dfbb08bd722746970,1
sparkle-project/Sparkle,code_change_lines_sum,https://oss.open-digger.cn/github/sparkle-project/Sparkle/code_change_lines_sum.json,200,,2413,92ab2f1e3b832cc7980b0e559e5bf6ee17dce794e74c859034377ae5af52eb6b,1
sparklemotion/nokogiri,issue_resolution_duration,https://oss.open-digger.cn/github/sparklemotion/nokogiri/issue_resolution_duration.json,200,,18538,bf8bf8f9f3888489710b4501f496aa3391ffa2409c36b4df5aaa8d7dcc297d7a,1
sparklemotion/nokogiri,issue_age,https://oss.open-digger.cn/github/sparklemotion/nokogiri/issue_age.json,200,,20560,fb92e208672833d5356a763f3f5feedae5b96be4c81e3a6ff2e6f7190cfd7b37,1
sparklemotion/nokogiri,issues_new,https://oss.open-digger.cn/github/sparklemotion/nokogiri/issues_new.json,200,,2325,777af7b52742ce41d852da922714156c7b6bee2ccc4e7dd860537d1dcf8829ec,1
sparklemotion/nokogiri,contributors,https://oss.open-digger.cn/github/sparklemotion/nokogiri/contributors.json,200,,1913,ccbb6143eb2aea7a33d26a8cac540217d8a77cdaad56f33f1e951fe8b6468787,1
sparklemotion/nokogiri,code_change_lines_sum,https://oss.open-digger.cn/github/sparklemotion/nokogiri/code_change_lines_sum.json,200,,2570,8c27a2e01b12fc885a3d1d7c51927c22c3e71720a51a991af4780ed6d6db5f73,1
spidernet-io/spiderpool,issue_resolution_duration,https://oss.open-digger.cn/github/spidernet-io/spiderpool/issue_resolution_duration.json,200,,7007,54c3a2513fdd0ec5da80ea46fb1bfc8ade088a058921731372b1d185bc017284,1
spidernet-io/spiderpool,issue_age,https://oss.open-digger.cn/github/spidernet-io/spiderpool/issue_age.json,200,,7247,7520a9bd08f168f1f98c300ebcb012fd200be9aed86bdf627d150ab95b060dc1,1
spidernet-io/spiderpool,issues_new,https://oss.open-digger.cn/github/spidernet-io/spiderpool/issues_new.json,200,,942,112953f3802dcd552ee7b64b56292d72e6999b667275e6037fa13f7f12fd4400,1
spidernet-io/spiderpool,contributors,https://oss.open-digger.cn/github/spidernet-io/spiderpool/contributors.json,200,,870,7156afa2acf4d52de840576c4fbaf09ca65184beecce26c4dac0201fab41b77f,1
spidernet-io/spiderpool,code_change_lines_sum,https://oss.open-digger.cn/github/spidernet-io/spiderpool/code_change_lines_sum.json,200,,1218,142d060aed3fd4f8d7216f47eaecccaef70a0f1ebc65f90959aad6af27343b32,1
spiral-project/ihatemoney,issue_resolution_duration,https://oss.open-digger.cn/github/spiral-project/ihatemoney/issue_resolution_duration.json,200,,15108,f7abb468c69f7343164b4aee19ff54b8c5e32839c00ea9e20bd69692de1fefe8,1
spiral-project/ihatemoney,issue_age,https://oss.open-digger.cn/github/spiral-project/ihatemoney/issue_age.json,200,,19905,7e61f19d669f8aadd55e7a3e534b32abb5d0b9a2084c1394a7563dc96a649db4,1
spiral-project/ihatemoney,issues_new,https://oss.open-digger.cn/github/spiral-project/ihatemoney/issues_new.json,200,,1857,2dc2877d78fe02c26cf1f97d554191b820340105f16908c4052f3cc01d886a8d,1
spiral-project/ihatemoney,contributors,https://oss.open-digger.cn/github/spiral-project/ihatemoney/contributors.json,200,,1684,7f9dc3b7459bdb824aca4d62872b07d7e12418aaceb354501c82059e084d81ad,1
spiral-project/ihatemoney,code_change_lines_sum,https://oss.open-digger.cn/github/spiral-project/ihatemoney/code_change_lines_sum.json,200,,2107,c7636990f64cdef00dad9ecc6286689c085eeb9162d22a50e7174224dcaaddc6,1
spotify/luigi,issue_resolution_duration,https://oss.open-digger.cn/github/spotify/luigi/issue_resolution_duration.json,200,,15988,4bff1d70aa065267deace1c201241803d311259842cdd5bffb444023193508d8,1
spotify/luigi,issue_age,https://oss.open-digger.cn/github/spotify/luigi/issue_age.json,200,,20759,998ae08895f6161386e2ac441112617912c42bf68e848213b9523dcf84737d80,1
spotify/luigi,issues_new,https://oss.open-digger.cn/github/spotify/luigi/issues_new.json,200,,2223,6347db096be69cfbef62fe2a17342d86ce100f298d02d140fe325c72de4b48dc,1
spotify/luigi,contributors,https://oss.open-digger.cn/github/spotify/luigi/contributors.json,200,,2103,aca77948d13e313584ba7412dc081d5bcbfb673a60f2ce70b4931739a45024a3,1
spotify/luigi,code_change_lines_sum,https://oss.open-digger.cn/github/spotify/luigi/code_change_lines_sum.json,200,,2559,221ff61c6128fe476a5e223d1a8ad96a4ab61dd0b466e62e8d2b304d81d93092,1
spree/spree,issue_resolution_duration,https://oss.open-digger.cn/github/spree/spree/issue_resolution_duration.json,200,,19043,275d1df6b4971a447efea5c1218e9206dc3b3d025f4533d6362f2107e4ef14a2,1
spree/spree,issue_age,https://oss.open-digger.cn/github/spree/spree/issue_age.json,200,,20718,599e40de4094ac7f1fcaa972073b493a41154ab4a7b3e52f369b6b3eaee4d638,1
spree/spree,issues_new,https://oss.open-digger.cn/github/spree/spree/issues_new.json,200,,2366,2f5ed72666aaf1ebc3f1fa1916fb60bf02a71e65b2c8349f3c5c3aecdfa3982c,1
spree/spree,contributors,https://oss.open-digger.cn/github/spree/spree/contributors.json,200,,2343,c6b81ca929e2deaca0679ff0bfe26b0108c2770f3436b5a1226927c9bf25fdac,1
spree/spree,code_change_lines_sum,https://oss.open-digger.cn/github/spree/spree/code_change_lines_sum.json,200,,2899,c21d2c28e8e8efa7ae89f588741e51cc7cf406cebd0ca81dbc5faa5f150e222a,1
spring-projects/spring-ai,issue_resolution_duration,https://oss.open-digger.cn/github/spring-projects/spring-ai/issue_resolution_duration.json,200,,4662,23c740a3d89bcec6710673a659e01c0c6a728d97ca6322b25539e5211ade25a5,1
spring-projects/spring-ai,issue_age,https://oss.open-digger.cn/github/spring-projects/spring-ai/issue_age.json,200,,4678,1e30df89822cce206446301e4028f3226d7085ac8f6c39b6dd2ab4959a6fa268,1
spring-projects/spring-ai,issues_new,https://oss.open-digger.cn/github/spring-projects/spring-ai/issues_new.json,200,,651,2782a77b3045a7cedf70e336118f0ab3e81fd6402c12735e49370388284e7aa4,1
spring-projects/spring-ai,contributors,https://oss.open-digger.cn/github/spring-projects/spring-ai/contributors.json,200,,610,0adf4aadefe9fc199ff1fc0b0b0f737b44183d8c310902b67729d90daacbd8aa,1
spring-projects/spring-ai,code_change_lines_sum,https://oss.open-digger.cn/github/spring-projects/spring-ai/code_change_lines_sum.json,200,,823,4bfd689137167f75ec3df809b1e6ec65cfac549092cf6e26757d8f1cea47cf53,1
spring-projects/spring-boot,issue_resolution_duration,https://oss.open-digger.cn/github/spring-projects/spring-boot/issue_resolution_duration.json,200,,19358,d9b4c1a72dbf0636ad37f2e05d6708e5fe07e7079a53cc6033f5685356ce16d9,1
spring-projects/spring-boot,issue_age,https://oss.open-digger.cn/github/spring-projects/spring-boot/issue_age.json,200,,21049,dedd3bbd72525ba78d8c4ed723fdcecd38eb470001fe264f8dfb9a7838126945,1
spring-projects/spring-boot,issues_new,https://oss.open-digger.cn/github/spring-projects/spring-boot/issues_new.json,200,,2724,5b603408bca61a652b0fcdac890e5b1e6b84b0a7ab5327ea7a9f3111600f4911,1
spring-projects/spring-boot,contributors,https://oss.open-digger.cn/github/spring-projects/spring-boot/contributors.json,200,,377,dcf35baef9cd747d5948c4ab39fbbe3df94b543e403e4d7f9bba11b84a45f0cb,1
spring-projects/spring-boot,code_change_lines_sum,https://oss.open-digger.cn/github/spring-projects/spring-boot/code_change_lines_sum.json,200,,3040,4d008e16dca08ac673fe3775fbb298087b10fa9a6af6ccf45b6522df55328cf7,1
spring-projects/spring-framework,issue_resolution_duration,https://oss.open-digger.cn/github/spring-projects/spring-framework/issue_resolution_duration.json,200,,20119,a6ad7f349169c0e14a7a3fdb748bc85cfedada238fa3b5e303555d87da9c24ad,1
spring-projects/spring-framework,issue_age,https://oss.open-digger.cn/github/spring-projects/spring-framework/issue_age.json,200,,13402,54986121579e406511311a83a0b97f2dd03fed247b4105677e81bd89c5d81e46,1
spring-projects/spring-framework,issues_new,https://oss.open-digger.cn/github/spring-projects/spring-framework/issues_new.json,200,,2577,e071432d53cab123a7d5949f395cb87e044cf4a37eef1888314d8d619fbccdf5,1
spring-projects/spring-framework,contributors,https://oss.open-digger.cn/github/spring-projects/spring-framework/contributors.json,200,,2095,5a406695ec1f0c7b9188ce35a39f273be7478f7f3728d9b15f3f758d83e0d263,1
spring-projects/spring-framework,code_change_lines_sum,https://oss.open-digger.cn/github/spring-projects/spring-framework/code_change_lines_sum.json,200,,3010,51762c788329c18377cdc6d764ab7d5768fa3b292d9342348473aacfe1ab94c5,1
sqlitebrowser/sqlitebrowser,issue_resolution_duration,https://oss.open-digger.cn/github/sqlitebrowser/sqlitebrowser/issue_resolution_duration.json,200,,19129,513cd2a082a7ee24a361f40151cbec28472f1b5e9f86a25895d771d72496406f,1
sqlitebrowser/sqlitebrowser,issue_age,https://oss.open-digger.cn/github/sqlitebrowser/sqlitebrowser/issue_age.json,200,,20856,5025a2ce8d98515b4f05c52a9f480128c94c199de6603520aeb33a84668ae1bd,1
sqlitebrowser/sqlitebrowser,issues_new,https://oss.open-digger.cn/github/sqlitebrowser/sqlitebrowser/issues_new.json,200,,2474,6549d4ada81eb158c7d817b70185944cf27a30714b627465432e5f3109d96244,1
sqlitebrowser/sqlitebrowser,contributors,https://oss.open-digger.cn/github/sqlitebrowser/sqlitebrowser/contributors.json,200,,1973,4a6e347ade0796ba6bbeaf3d2ca08ce39e4ff4acf800084800d7b297f8b98366,1
sqlitebrowser/sqlitebrowser,code_change_lines_sum,https://oss.open-digger.cn/github/sqlitebrowser/sqlitebrowser/code_change_lines_sum.json,200,,2515,3106e5ae130d23bed0855243e3d3dcc197a300c327e4419b315272a0f882f537,1
square/leakcanary,issue_resolution_duration,https://oss.open-digger.cn/github/square/leakcanary/issue_resolution_duration.json,200,,16769,9f299b60f68afa4144c3713de3f8d39a14b7a07cf0f2dc94219fc90ebde27a3d,1
square/leakcanary,issue_age,https://oss.open-digger.cn/github/square/leakcanary/issue_age.json,200,,19987,f030374d4d870629df35251a9f8906f2c87e690dc7aeea3cec88a3b0ef0e2892,1
square/leakcanary,issues_new,https://oss.open-digger.cn/github/square/leakcanary/issues_new.json,200,,2303,d52b7373aaadf146472b085edad174e2073169ca0e3b39d063abc74ab839071d,1
square/leakcanary,contributors,https://oss.open-digger.cn/github/square/leakcanary/contributors.json,200,,1555,c090aafd3faca3e3bea761a6378c33e7b8d58be7648255e1b7ee26716ef57c35,1
square/leakcanary,code_change_lines_sum,https://oss.open-digger.cn/github/square/leakcanary/code_change_lines_sum.json,200,,2144,91bff5acbad0c5c5797e6a255b758cc208bb550b3c6da7d88a3056ed3e8b99dc,1
squizlabs/PHP_CodeSniffer,issue_resolution_duration,https://oss.open-digger.cn/github/squizlabs/PHP_CodeSniffer/issue_resolution_duration.json,200,,17142,dbf4d918e16c11b2bc263f816bcbb228fc3585bf076d3a657dedf9bb885641ed,1
squizlabs/PHP_CodeSniffer,issue_age,https://oss.open-digger.cn/github/squizlabs/PHP_CodeSniffer/issue_age.json,200,,20731,ee9042d95b954535f840b2ecdbdbea2bef08a59d7b276f320b5d3b4d05021aa9,1
squizlabs/PHP_CodeSniffer,issues_new,https://oss.open-digger.cn/github/squizlabs/PHP_CodeSniffer/issues_new.json,200,,2209,3057ab6c021ec3de911bca22f4abe8a5117ebeeb1176040c7d6ac608b7a9adf1,1
squizlabs/PHP_CodeSniffer,contributors,https://oss.open-digger.cn/github/squizlabs/PHP_CodeSniffer/contributors.json,200,,1715,85b2f8ff721b5ae574b47dbc8f6fa014be2b9f20db801c1a835265004038c41b,1
squizlabs/PHP_CodeSniffer,code_change_lines_sum,https://oss.open-digger.cn/github/squizlabs/PHP_CodeSniffer/code_change_lines_sum.json,200,,2450,212bf19b760ffc4977bdda6f86f4af40bf5de057d388e186f36d9fa3fd565e2c,1
srikanth-lingala/zip4j,issue_resolution_duration,https://oss.open-digger.cn/github/srikanth-lingala/zip4j/issue_resolution_duration.json,200,,8106,47e1f395b26cf04e310d85f1a6aee2061b30c746ebe84cf8011e7fd67f416a28,1
srikanth-lingala/zip4j,issue_age,https://oss.open-digger.cn/github/srikanth-lingala/zip4j/issue_age.json,200,,12039,b65a6af82aa9d0289eba69730f284b8b2bc87b09fd9781d799c1e8d4ec6fd3e7,1
srikanth-lingala/zip4j,issues_new,https://oss.open-digger.cn/github/srikanth-lingala/zip4j/issues_new.json,200,,1281,a2464c878db695b63474c8856a28b2f26f6068ec1929217d52b01e6824d34acc,1
srikanth-lingala/zip4j,contributors,https://oss.open-digger.cn/github/srikanth-lingala/zip4j/contributors.json,200,,422,06d792e5db4cdedb1e2d9ebeaf7e6b5a312cbcca9ce264aa8cc45ed24007a3f7,1
srikanth-lingala/zip4j,code_change_lines_sum,https://oss.open-digger.cn/github/srikanth-lingala/zip4j/code_change_lines_sum.json,200,,762,f92430f2588455fd2d0f8519854181b94492c5cbed32cd01f3d348245566583a,1
StarRocks/starrocks,issue_resolution_duration,https://oss.open-digger.cn/github/StarRocks/starrocks/issue_resolution_duration.json,200,,8224,292cc14519124bdb7263783289c7079fc30691308c2c0d8804d115b49d73ef44,1
StarRocks/starrocks,issue_age,https://oss.open-digger.cn/github/StarRocks/starrocks/issue_age.json,200,,8532,5591bed16a95e5bc7225ff7e6820cb0d715f289eeb5ae7959632e6e3a819241a,1
StarRocks/starrocks,issues_new,https://oss.open-digger.cn/github/StarRocks/starrocks/issues_new.json,200,,1141,2c4e0f939804c8df537cf389794ebc7b54cf6fb2255a6d98053627996026242e,1
StarRocks/starrocks,contributors,https://oss.open-digger.cn/github/StarRocks/starrocks/contributors.json,200,,1103,9b6873bbae69f59bb8f400de59d6ffb0b6460d105190a02c0bf95d252a8593d9,1
StarRocks/starrocks,code_change_lines_sum,https://oss.open-digger.cn/github/StarRocks/starrocks/code_change_lines_sum.json,200,,1421,f1de8ed9b4ae7393ee87c5f522fb4cd1df7324417380d9d2d790f8fd9e731fe0,1
StevenBlack/hosts,issue_resolution_duration,https://oss.open-digger.cn/github/StevenBlack/hosts/issue_resolution_duration.json,200,,18414,38abd20165a9f80e98888a261ea6c22db366c1f0ef02b583219e299f340c6a8e,1
StevenBlack/hosts,issue_age,https://oss.open-digger.cn/github/StevenBlack/hosts/issue_age.json,200,,19969,8326f3ed92775bc4aa2d671cd98b7176a753d5f4b890a09da5151803120c6836,1
StevenBlack/hosts,issues_new,https://oss.open-digger.cn/github/StevenBlack/hosts/issues_new.json,200,,2444,98a3c0c62203f82b6a810f56dc33e967ddb9709eaf3cd4fda77c54c25643aa8c,1
StevenBlack/hosts,contributors,https://oss.open-digger.cn/github/StevenBlack/hosts/contributors.json,200,,2027,ea344d6e1463bdeb613d4518694ef5fdb36b4740ca81b7976c1362e816ad37f9,1
StevenBlack/hosts,code_change_lines_sum,https://oss.open-digger.cn/github/StevenBlack/hosts/code_change_lines_sum.json,200,,2368,2ff4784b7982d811ca227109c13ec857c99396456914d6fe47dd39122b4f8e6f,1
stoneatom/stonedb,issue_resolution_duration,https://oss.open-digger.cn/github/stoneatom/stonedb/issue_resolution_duration.json,200,,2464,a9c22bbe32da4369f3ff7aa30cc72697d68e41d9ed081d8256eb0b1f5f5c5744,1
stoneatom/stonedb,issue_age,https://oss.open-digger.cn/github/stoneatom/stonedb/issue_age.json,200,,6934,de3c1c01ddc21e8e9f797f7f81d8a692f68b781e1ca863b7bba3126c91841c24,1
stoneatom/stonedb,issues_new,https://oss.open-digger.cn/github/stoneatom/stonedb/issues_new.json,200,,375,dd774710ee36a5729c8b38af516cbe38e77aaf2f471688e4ea10ad97bc599068,1
stoneatom/stonedb,contributors,https://oss.open-digger.cn/github/stoneatom/stonedb/contributors.json,200,,325,b1b01280879a858dc1ae8cc0f0362d873791f7e9bec92848d0fb9f794d58d403,1
stoneatom/stonedb,code_change_lines_sum,https://oss.open-digger.cn/github/stoneatom/stonedb/code_change_lines_sum.json,200,,627,773dcc9390b125ee3e7a49c9dee4df16929b1a74ed62f31701327afc4719338d,1
streamlit/streamlit,issue_resolution_duration,https://oss.open-digger.cn/github/streamlit/streamlit/issue_resolution_duration.json,200,,11818,25841b6912bc6399a8c199fb67b6bdfe40b82e02c4ec6f634b78da1be4b6d0df,1
streamlit/streamlit,issue_age,https://oss.open-digger.cn/github/streamlit/streamlit/issue_age.json,200,,12332,5fbf1a112cc3f1edd4153d986b135744646d7f7328a4ce185b68d07687534e14,1
streamlit/streamlit,issues_new,https://oss.open-digger.cn/github/streamlit/streamlit/issues_new.json,200,,1559,3649cbfcfaea6f2bcf28a5c1057adf1744cce941515510336cae76b3ad4ffd5d,1
streamlit/streamlit,contributors,https://oss.open-digger.cn/github/streamlit/streamlit/contributors.json,200,,1527,78f536e718723aed1d9d1348616a85b9c78df1999cfdd563659328a2273c6299,1
streamlit/streamlit,code_change_lines_sum,https://oss.open-digger.cn/github/streamlit/streamlit/code_change_lines_sum.json,200,,1879,7caa1618a62b8bf6a6972d6de4808a63e64a8bd51d05d714b24f2d3643975bed,1
stylus/stylus,issue_resolution_duration,https://oss.open-digger.cn/github/stylus/stylus/issue_resolution_duration.json,200,,14619,5a64bc994b6e0e818e0079d72b5d7ea656a2ad5104fe17d1411f5fcb1cce2e57,1
stylus/stylus,issue_age,https://oss.open-digger.cn/github/stylus/stylus/issue_age.json,200,,20810,912dde240b9593e879ff1c5e25b43ee3c843fe2ab6337b9d10264bbd69db97fb,1
stylus/stylus,issues_new,https://oss.open-digger.cn/github/stylus/stylus/issues_new.json,200,,2056,c3ccf54fa6b2b724ca9705d43967826552e73e6ff8e3ff2087670f945e722807,1
stylus/stylus,contributors,https://oss.open-digger.cn/github/stylus/stylus/contributors.json,200,,1237,7c7be160f80bb379ef1bb0f8c1fc6586c4324d4ce98bec133b1ece35299feedf,1
stylus/stylus,code_change_lines_sum,https://oss.open-digger.cn/github/stylus/stylus/code_change_lines_sum.json,200,,1776,36a5328116d0831bca03cf5dc9719044aaafcc5681bf185eddb77e2803faa811,1
sublimehq/Packages,issue_resolution_duration,https://oss.open-digger.cn/github/sublimehq/Packages/issue_resolution_duration.json,200,,18223,3e7dedf44af99ffed9d8ee4df200d5dd5c73c874036ec2e9a227fb264d6c3c77,1
sublimehq/Packages,issue_age,https://oss.open-digger.cn/github/sublimehq/Packages/issue_age.json,200,,19950,94d66882930b00230fe634868b1009d8bdccea7479d11b77025158037010e926,1
sublimehq/Packages,issues_new,https://oss.open-digger.cn/github/sublimehq/Packages/issues_new.json,200,,2257,c454be4097989a7e056702437774051281ffb38aad294721a79bdce530aed72e,1
sublimehq/Packages,contributors,https://oss.open-digger.cn/github/sublimehq/Packages/contributors.json,200,,1864,a383725a47d66e2139b0118581739a8f2634d8f628c60f6d354f3ce186eeb198,1
sublimehq/Packages,code_change_lines_sum,https://oss.open-digger.cn/github/sublimehq/Packages/code_change_lines_sum.json,200,,2568,1b7b8b46b11b687f591b5336f42bdc8977868b5bf73d20a12b78f29e469a03b2,1
summernote/summernote,issue_resolution_duration,https://oss.open-digger.cn/github/summernote/summernote/issue_resolution_duration.json,200,,18489,808a0b88d19ec14674f23620d6de18df5e5acbbc728e0735291bb55b61d62d7d,1
summernote/summernote,issue_age,https://oss.open-digger.cn/github/summernote/summernote/issue_age.json,200,,20598,457b3d34c9fbea06e0374a09039c8afc031aa83473bfd50ca6d49cb1df26c466,1
summernote/summernote,issues_new,https://oss.open-digger.cn/github/summernote/summernote/issues_new.json,200,,2367,d0e369705842f3fbdfa6c838d8b39900a0d9b3969f31990ed69651888c51e859,1
summernote/summernote,contributors,https://oss.open-digger.cn/github/summernote/summernote/contributors.json,200,,1767,dbb2a2379dfd69a8f6299fb56709f8aadb0b84dc64c7efbaa4bc98f363421658,1
summernote/summernote,code_change_lines_sum,https://oss.open-digger.cn/github/summernote/summernote/code_change_lines_sum.json,200,,2418,6f790cdb36aba56f1ea8f88aeb26afa38cba724c9b20ded61e4c628e5befc89e,1
sunny0826/kubecm,issue_resolution_duration,https://oss.open-digger.cn/github/sunny0826/kubecm/issue_resolution_duration.json,200,,6673,7ab3af17fbcb74e0c7ef4fc69ebfdd51376af624302339b614d552a36556ae2e,1
sunny0826/kubecm,issue_age,https://oss.open-digger.cn/github/sunny0826/kubecm/issue_age.json,200,,9889,59c09611fc91513decb4a271ee219c4675be69f62cd0704168a91fd06d85d2b9,1
sunny0826/kubecm,issues_new,https://oss.open-digger.cn/github/sunny0826/kubecm/issues_new.json,200,,908,8b3323bd1f00476cbffed6f15be03c0791930f274f705bd2812fcbddd85e41dd,1
sunny0826/kubecm,contributors,https://oss.open-digger.cn/github/sunny0826/kubecm/contributors.json,200,,722,e8ff9268a6216d5d1c87497896535440177051e1a873bc4c0af7bab36235e6ca,1
sunny0826/kubecm,code_change_lines_sum,https://oss.open-digger.cn/github/sunny0826/kubecm/code_change_lines_sum.json,200,,1019,2d559bd55e1d665c51c1e6b884521bbf21ab52229bd11ff28a6bb981b6d9f288,1
sunspot/sunspot,issue_resolution_duration,https://oss.open-digger.cn/github/sunspot/sunspot/issue_resolution_duration.json,200,,10452,3a8836cf1adc2da6aeda69c6ee01fa73636d3cdc29ad7c1c7777f0d098273d41,1
sunspot/sunspot,issue_age,https://oss.open-digger.cn/github/sunspot/sunspot/issue_age.json,200,,20802,fa3082224f5f3760b641bfd720e9b7d6e114016c82f9b5cac42d3bd8c0b8a204,1
sunspot/sunspot,issues_new,https://oss.open-digger.cn/github/sunspot/sunspot/issues_new.json,200,,1455,dbc57f59c5bb08efcca32e152f63023fad161352dfe5ebae60ac967ae13d6f38,1
sunspot/sunspot,contributors,https://oss.open-digger.cn/github/sunspot/sunspot/contributors.json,200,,1006,fd718058ce01727d74e71b7f144c0f07d9deb363ac689d9a38f95402d0cf6d3b,1
sunspot/sunspot,code_change_lines_sum,https://oss.open-digger.cn/github/sunspot/sunspot/code_change_lines_sum.json,200,,1474,0f429847b421bdc5eec287fca11c95ae78490643a142d7feeddfc9de9f241476,1
Supervisor/supervisor,issue_resolution_duration,https://oss.open-digger.cn/github/Supervisor/supervisor/issue_resolution_duration.json,200,,17348,2b65abeba3511054b7764f81e992b903f9777f87ad54de4b9bf2e9659d0541d3,1
Supervisor/supervisor,issue_age,https://oss.open-digger.cn/github/Supervisor/supervisor/issue_age.json,200,,20653,683affff711e5d522920efef6e6aa555d231125952e7284de19fa316118f784b,1
Supervisor/supervisor,issues_new,https://oss.open-digger.cn/github/Supervisor/supervisor/issues_new.json,200,,2255,5b50bd54caccf63a574ac4910a4479b82ca0858f4bd842117eb344518d1d00fd,1
Supervisor/supervisor,contributors,https://oss.open-digger.cn/github/Supervisor/supervisor/contributors.json,200,,1333,0ee5cd26653afbe8e76686180eb156b6c0a9cb48070ee4453784a70303c92a0f,1
Supervisor/supervisor,code_change_lines_sum,https://oss.open-digger.cn/github/Supervisor/supervisor/code_change_lines_sum.json,200,,1938,5b963de94024c06191ac1d1bef0bd1379fe9c99cbb3dee150ec5075e94825425,1
sveltejs/svelte,issue_resolution_duration,https://oss.open-digger.cn/github/sveltejs/svelte/issue_resolution_duration.json,200,,16408,40553565e0d66dd61e25702198cd343005793894260b8d00a3bfecf4784453ad,1
sveltejs/svelte,issue_age,https://oss.open-digger.cn/github/sveltejs/svelte/issue_age.json,200,,17490,841486315de0a14d2cff2dd55966d45bdc69b239fb3d99be575007d294671c41,1
sveltejs/svelte,issues_new,https://oss.open-digger.cn/github/sveltejs/svelte/issues_new.json,200,,2173,068c3faea81020fb9e29670fb94337724221a09e53522fd8600d4ea8c9a5681a,1
sveltejs/svelte,contributors,https://oss.open-digger.cn/github/sveltejs/svelte/contributors.json,200,,2055,c66c5a4d68ef7444e7867bd8489228717fc73b3ccab5a8352eb6911e5f1eac6e,1
sveltejs/svelte,code_change_lines_sum,https://oss.open-digger.cn/github/sveltejs/svelte/code_change_lines_sum.json,200,,2531,19ae28ace0487bf44bd4d626d56d7250c67d0c88c60ca76e667d7e02551a8203,1
svg/svgo,issue_resolution_duration,https://oss.open-digger.cn/github/svg/svgo/issue_resolution_duration.json,200,,18256,477743af6789ebf3603c17b111b96fd2be9ac2960b93e4df9ba641a2148759c3,1
svg/svgo,issue_age,https://oss.open-digger.cn/github/svg/svgo/issue_age.json,200,,20685,a6dc9739bacb9df6f5113fefc7190f7794f5e60e7c738043615eef1ce887167d,1
svg/svgo,issues_new,https://oss.open-digger.cn/github/svg/svgo/issues_new.json,200,,2278,fbd0777c3ef4f92acf6fd536379d9613c3fdb6fbd69a450af834e891fd702425,1
svg/svgo,contributors,https://oss.open-digger.cn/github/svg/svgo/contributors.json,200,,1551,86892c8f9f264d4cf5f5ea4046a050741a8d144ef95984cc4e3c0b71c7e68bf6,1
svg/svgo,code_change_lines_sum,https://oss.open-digger.cn/github/svg/svgo/code_change_lines_sum.json,200,,2452,6e6849efce8ffb94e7ebbb361c17d610185920066810421f416138cea7846eac,1
swagger-api/swagger-core,issue_resolution_duration,https://oss.open-digger.cn/github/swagger-api/swagger-core/issue_resolution_duration.json,200,,18875,6a9bc188c18bbe600650a9781c465072050c5ca0bb1de1f14d0c7d997dff0b73,1
swagger-api/swagger-core,issue_age,https://oss.open-digger.cn/github/swagger-api/swagger-core/issue_age.json,200,,20726,60e3207640e20d8dbdc3058257fbe2998ab5ee5d5f26179f83c332ad312b7c82,1
swagger-api/swagger-core,issues_new,https://oss.open-digger.cn/github/swagger-api/swagger-core/issues_new.json,200,,2461,ad59110e8398463ebff913a3024baadec35f2b7a3cdad9ae3c202294193b366a,1
swagger-api/swagger-core,contributors,https://oss.open-digger.cn/github/swagger-api/swagger-core/contributors.json,200,,2263,92b3e8aa9dae99c050ae8455ddd3bcc40a41d65a5bbb14e7f6509be3d9b574d2,1
swagger-api/swagger-core,code_change_lines_sum,https://oss.open-digger.cn/github/swagger-api/swagger-core/code_change_lines_sum.json,200,,2805,15f8274cb5f33a7778b38515bed6ca1c2e1aa4d8ad7b263feef6b92b521bfc52,1
swc-project/swc,issue_resolution_duration,https://oss.open-digger.cn/github/swc-project/swc/issue_resolution_duration.json,200,,12892,dd7294bb9644f7fac15d030a28f408e18d130e14c72ae13bec57b3f4b58ec0ea,1
swc-project/swc,issue_age,https://oss.open-digger.cn/github/swc-project/swc/issue_age.json,200,,14913,656d871420082b9d077d873749fad301f0ba1f0386f7ed650329d0b88df0769c,1
swc-project/swc,issues_new,https://oss.open-digger.cn/github/swc-project/swc/issues_new.json,200,,1707,c1afb2b15854251b515222c929b56ef5355ba86ac55be68d8bf1e1c2a3e7a16d,1
swc-project/swc,contributors,https://oss.open-digger.cn/github/swc-project/swc/contributors.json,200,,1650,965a2bd41ddd4d1a1729fb774815c189309e01b2a555640f6d73070f0f721b8f,1
swc-project/swc,code_change_lines_sum,https://oss.open-digger.cn/github/swc-project/swc/code_change_lines_sum.json,200,,2231,9f1ce6ac9f06512c0f7e8818e05201c441ae10dc397b14da2df25ca83856fbe1,1
swoole/swoole-src,issue_resolution_duration,https://oss.open-digger.cn/github/swoole/swoole-src/issue_resolution_duration.json,200,,18759,dfa58d6f0b00762386e27fdd6b5196941dcb4a1d620a8d4ddcbf98d57ef64787,1
swoole/swoole-src,issue_age,https://oss.open-digger.cn/github/swoole/swoole-src/issue_age.json,200,,20398,1b7d7c09aa53d19505c15695f77d77269ad9ad316a312eac305c72aa206e2fd4,1
swoole/swoole-src,issues_new,https://oss.open-digger.cn/github/swoole/swoole-src/issues_new.json,200,,2466,399b986333c4f01dd407a452dc864b6101db22e8bbf306e25cb976562e65a43c,1
swoole/swoole-src,contributors,https://oss.open-digger.cn/github/swoole/swoole-src/contributors.json,200,,2208,e3ddc40fa7c7ae98f615b8fb5bd0a7927a2969ae02acc4f387d7e4618ffa4a71,1
swoole/swoole-src,code_change_lines_sum,https://oss.open-digger.cn/github/swoole/swoole-src/code_change_lines_sum.json,200,,2763,fe83a05deda4a25d8ec880dc889889c30b4d533249ebf6c7ba0d94b27044aca1,1
syl20bnr/spacemacs,issue_resolution_duration,https://oss.open-digger.cn/github/syl20bnr/spacemacs/issue_resolution_duration.json,200,,19604,44f499bddd6e17871262f7eedf31e48d16f8d4004b7e37c6683e59eee93b92ec,1
syl20bnr/spacemacs,issue_age,https://oss.open-digger.cn/github/syl20bnr/spacemacs/issue_age.json,200,,20934,0ffd34ae730598888a181920d6cb8ecbafb1141299f4a427466383d30f678574,1
syl20bnr/spacemacs,issues_new,https://oss.open-digger.cn/github/syl20bnr/spacemacs/issues_new.json,200,,2511,e23df0a8c03d56cc7da8da86e10ea19d2b1bee984139c43cc6c72785b42ea78b,1
syl20bnr/spacemacs,contributors,https://oss.open-digger.cn/github/syl20bnr/spacemacs/contributors.json,200,,2200,c548be17ffbe0ea6adae0b9b3eabac88200fc34739ffd3df8d79b4a3b9c68b81,1
syl20bnr/spacemacs,code_change_lines_sum,https://oss.open-digger.cn/github/syl20bnr/spacemacs/code_change_lines_sum.json,200,,2881,6599d620a2095ca2c8fcb7a789fab914e8ed2eb0c9f8b3bbe9fe5c558c4da382,1
Sylius/Sylius,issue_resolution_duration,https://oss.open-digger.cn/github/Sylius/Sylius/issue_resolution_duration.json,200,,19610,c688f9d713fd901e2cc4206d7ab4dc8e78b47f2ed832d25cb15c5d341fbf996f,1
Sylius/Sylius,issue_age,https://oss.open-digger.cn/github/Sylius/Sylius/issue_age.json,200,,20908,1061835882e546cc633e477df2d7edd1921c7f3cd55d768d37d631f81417f316,1
Sylius/Sylius,issues_new,https://oss.open-digger.cn/github/Sylius/Sylius/issues_new.json,200,,2454,8256d096fac0e0a371afb4960e66bc70ba225c9499cb35c2edcff6f67f4de5aa,1
Sylius/Sylius,contributors,https://oss.open-digger.cn/github/Sylius/Sylius/contributors.json,200,,2486,5c1ddd514336689bf19c55edd3ed6d8028edc8e0ad38bb2c4808f5be2b8befec,1
Sylius/Sylius,code_change_lines_sum,https://oss.open-digger.cn/github/Sylius/Sylius/code_change_lines_sum.json,200,,3093,7b2dd2ba896e3589c40c38b19805085bc60f01ff233ee862bbe48f5388650205,1
symfony/symfony,issue_resolution_duration,https://oss.open-digger.cn/github/symfony/symfony/issue_resolution_duration.json,200,,19814,8d9c6a90144eee884fb4f3104e0492508e47a77dede655983cc2d4395c79501a,1
symfony/symfony,issue_age,https://oss.open-digger.cn/github/symfony/symfony/issue_age.json,200,,20939,fc3dac6a5786c01a0ca39b3474de55e4d4f8f4320caf65e613f0eeb5304783c6,1
symfony/symfony,issues_new,https://oss.open-digger.cn/github/symfony/symfony/issues_new.json,200,,2648,1555aa9d6f7b5752bf4bd15314a0383ef01e2aa6bc7d1f421a2a4c09c36fe52e,1
symfony/symfony,contributors,https://oss.open-digger.cn/github/symfony/symfony/contributors.json,200,,2547,99d851851bc33ae8e03d6dc8d0bcde361851f607335a97d37877f0bf87ec8b45,1
symfony/symfony,code_change_lines_sum,https://oss.open-digger.cn/github/symfony/symfony/code_change_lines_sum.json,200,,3147,4142312701602ff54a01fcae7ff6479b0f1bed17b6cb776bd64d64ad36ce19c5,1
sympy/sympy,issue_resolution_duration,https://oss.open-digger.cn/github/sympy/sympy/issue_resolution_duration.json,200,,19599,6cb28f3341a0d26bdccfec2bb22d0fa41392ffabda393bb602d88bbc5abfcc3b,1
sympy/sympy,issue_age,https://oss.open-digger.cn/github/sympy/sympy/issue_age.json,200,,21380,1e8aea6fdb5f1df7c7fad87174092ea10778a7bf749f0ea0890ad191f9e3b76f,1
sympy/sympy,issues_new,https://oss.open-digger.cn/github/sympy/sympy/issues_new.json,200,,2552,dc447892004908cfaffdf0227fdff1450415ca069d3710ae9ef5455d9a6c1c8a,1
sympy/sympy,contributors,https://oss.open-digger.cn/github/sympy/sympy/contributors.json,200,,2473,e264632551bf4dcc354f9148dc2b33e25a1549e67fab358d6032dfc557cf9d83,1
sympy/sympy,code_change_lines_sum,https://oss.open-digger.cn/github/sympy/sympy/code_change_lines_sum.json,200,,3023,2c75782f54c9806000a6b79ec37796747eb59d84e562780f204b33c1cd4016f7,1
syncthing/syncthing,issue_resolution_duration,https://oss.open-digger.cn/github/syncthing/syncthing/issue_resolution_duration.json,200,,18829,b7bb8b73330f07aef2033e63937fadf36dd05463a3cd6d178769dd65ef1b203b,1
syncthing/syncthing,issue_age,https://oss.open-digger.cn/github/syncthing/syncthing/issue_age.json,200,,20824,7859556dc67a9354f197c3d3113bbde3e07fa8d3d2a9c7c81164eb5d4c707ad8,1
syncthing/syncthing,issues_new,https://oss.open-digger.cn/github/syncthing/syncthing/issues_new.json,200,,2512,4a984ab1b122d2acc58c0b0035d8356f3231a3635ab61cd0b0a02771ea5ae107,1
syncthing/syncthing,contributors,https://oss.open-digger.cn/github/syncthing/syncthing/contributors.json,200,,2152,99d511f9e6efb513b0f87f3ba89fc7466063c94d747a88784ddab81216565e69,1
syncthing/syncthing,code_change_lines_sum,https://oss.open-digger.cn/github/syncthing/syncthing/code_change_lines_sum.json,200,,2922,9fd518598937f1c18fef1aa5a097c621e276ac39758aec5e6e6412e70b2da343,1
sysrepo/sysrepo,issue_resolution_duration,https://oss.open-digger.cn/github/sysrepo/sysrepo/issue_resolution_duration.json,200,,16978,5e579d8fbb7cc7c64fa6d9381b96cb6530104d831a6955b16e16ecaa56700446,1
sysrepo/sysrepo,issue_age,https://oss.open-digger.cn/github/sysrepo/sysrepo/issue_age.json,200,,17959,985156a9770ffb8f73bf532a50e26b4c8cd53c55be902410b0f83f7af5deae90,1
sysrepo/sysrepo,issues_new,https://oss.open-digger.cn/github/sysrepo/sysrepo/issues_new.json,200,,2135,85af248f30738719d9decfdd58b889a8bcbaf3cb3b8e25661dab2f3934b6adb9,1
sysrepo/sysrepo,contributors,https://oss.open-digger.cn/github/sysrepo/sysrepo/contributors.json,200,,1851,c72db6d15b1c1e2603bc3fe2eab21767e97448f11086a7c4a8e3f84b886adc5e,1
sysrepo/sysrepo,code_change_lines_sum,https://oss.open-digger.cn/github/sysrepo/sysrepo/code_change_lines_sum.json,200,,2335,26cf70c52243d31368eebea1fcc12300de5a565519478b47af57533e8d93e9fd,1
systemjs/systemjs,issue_resolution_duration,https://oss.open-digger.cn/github/systemjs/systemjs/issue_resolution_duration.json,200,,15033,7ca8c4aedda199bcfa9730a5d7facfff0a1cdcdcd32f8a9afe1998dfaa876e39,1
systemjs/systemjs,issue_age,https://oss.open-digger.cn/github/systemjs/systemjs/issue_age.json,200,,20384,c4ad1ba0cdb33877d5ece17a214a4dee84360d9780b1985a5fc19fdaf4e6c5d4,1
systemjs/systemjs,issues_new,https://oss.open-digger.cn/github/systemjs/systemjs/issues_new.json,200,,2072,5cc50a4541ec0adf398fae8e5022eb6e13f6e3f0ae40e689edfb6e2a7d89bb43,1
systemjs/systemjs,contributors,https://oss.open-digger.cn/github/systemjs/systemjs/contributors.json,200,,1331,cdcf257a241018c29a6a9d41c28c4659b6e5603ff5d2ce27dbc6855e42fea606,1
systemjs/systemjs,code_change_lines_sum,https://oss.open-digger.cn/github/systemjs/systemjs/code_change_lines_sum.json,200,,1842,e355655b635c8338a591251b41c3ea7252d060ad0c20c7f17b8006e5da5f6f05,1
taigaio/taiga-back,issue_resolution_duration,https://oss.open-digger.cn/github/taigaio/taiga-back/issue_resolution_duration.json,200,,3716,e458f2acbeb10dc1254506d2893b1e1731a2e94fa1a81bd54c4730de7a679102,1
taigaio/taiga-back,issue_age,https://oss.open-digger.cn/github/taigaio/taiga-back/issue_age.json,200,,8927,7f383e58a22b0c793f27e8565ceaa29d29ec59a6ddbca65194961a57e5768f2d,1
taigaio/taiga-back,issues_new,https://oss.open-digger.cn/github/taigaio/taiga-back/issues_new.json,200,,804,b2aa99261dad6d51fffa4db7c27cf476646cc1d6f581cdb61b94386f6749af7c,1
taigaio/taiga-back,contributors,https://oss.open-digger.cn/github/taigaio/taiga-back/contributors.json,200,,440,3ca3741af80dfce4008633cd95cf689a60bd263a255b02e8c01fbfea8f745b6e,1
taigaio/taiga-back,code_change_lines_sum,https://oss.open-digger.cn/github/taigaio/taiga-back/code_change_lines_sum.json,200,,722,bde6fed00f429545fc7687cb9997267737b0f7c1d48f861f7007e8b207c51263,1
taosdata/TDengine,issue_resolution_duration,https://oss.open-digger.cn/github/taosdata/TDengine/issue_resolution_duration.json,200,,11483,120caeacf76e1789174c6a530c735b58b92adac8d2b1f2983cebb88f250f219c,1
taosdata/TDengine,issue_age,https://oss.open-digger.cn/github/taosdata/TDengine/issue_age.json,200,,12511,ce6c13aa2fdbbafd32f14f60cea2afc19767a9107e6dca8e11dd5fd0ce94e0da,1
taosdata/TDengine,issues_new,https://oss.open-digger.cn/github/taosdata/TDengine/issues_new.json,200,,1551,526952bd7e09fb839e55e1544c0f07a2e791b31c68639a9f8497c6ce06166412,1
taosdata/TDengine,contributors,https://oss.open-digger.cn/github/taosdata/TDengine/contributors.json,200,,1510,c34c16f42c71fede5033a98f451082a9f1e162b777427c10b07e8145c510798f,1
taosdata/TDengine,code_change_lines_sum,https://oss.open-digger.cn/github/taosdata/TDengine/code_change_lines_sum.json,200,,1944,a6fc36ce8fe4846ce3745c7c5b7d201e1b8a5ac3b1253047c49413cc60706ddc,1
tastejs/todomvc,issue_resolution_duration,https://oss.open-digger.cn/github/tastejs/todomvc/issue_resolution_duration.json,200,,10281,bc8bf1cbb8034e8a88b7298922d3f6acf79cacf75c80e96cd7e6cab47d62bdc5,1
tastejs/todomvc,issue_age,https://oss.open-digger.cn/github/tastejs/todomvc/issue_age.json,200,,20752,2475d88e7d9d969e1594d1295e90e6d6d79983e84e18dfaa1552de5ec91ba500,1
tastejs/todomvc,issues_new,https://oss.open-digger.cn/github/tastejs/todomvc/issues_new.json,200,,1610,cdc76e7b6aa83b67b89dfceb5ebe21833471556cf25e25d3b0e454fd8da73c22,1
tastejs/todomvc,contributors,https://oss.open-digger.cn/github/tastejs/todomvc/contributors.json,200,,1091,2c3074fa36efa9ee955726116814524da7346a258364879e0c93092760c2c0d5,1
tastejs/todomvc,code_change_lines_sum,https://oss.open-digger.cn/github/tastejs/todomvc/code_change_lines_sum.json,200,,2424,e9ea3720737b51a00bc40d922b889067e4409dd6591408f93bf9b16a04cf74d6,1
tc39/ecma262,issue_resolution_duration,https://oss.open-digger.cn/github/tc39/ecma262/issue_resolution_duration.json,200,,18318,b113f42beb1e4d376813769b7f69cb635250ec46d03b2319ad9c72db108ab4cb,1
tc39/ecma262,issue_age,https://oss.open-digger.cn/github/tc39/ecma262/issue_age.json,200,,20513,d83581922f50f3ce1b294965db458656e43d9a5c4529c3bb1800184ad08edd1d,1
tc39/ecma262,issues_new,https://oss.open-digger.cn/github/tc39/ecma262/issues_new.json,200,,2376,0236e81ce36b49e1de3555bc93c9621abb58c1308ef41256a656ba65b68293a6,1
tc39/ecma262,contributors,https://oss.open-digger.cn/github/tc39/ecma262/contributors.json,200,,2284,5e9aed55dcd94c661d21e1c525ed08210977e8755971e6d0e531752e27fd22d6,1
tc39/ecma262,code_change_lines_sum,https://oss.open-digger.cn/github/tc39/ecma262/code_change_lines_sum.json,200,,2695,b8b73da439f66c0708ca45438a67625ea3c748880e33dde98cef521b05698cd4,1
telegramdesktop/tdesktop,issue_resolution_duration,https://oss.open-digger.cn/github/telegramdesktop/tdesktop/issue_resolution_duration.json,200,,19587,ed866733774e9dfc387829581245f4b7f7bd1ce952168a8d66bd99f57d439410,1
telegramdesktop/tdesktop,issue_age,https://oss.open-digger.cn/github/telegramdesktop/tdesktop/issue_age.json,200,,21122,81814d5917785f9fa0173f3746b0ea66410b2106548519973db7eb12197a3ca2,1
telegramdesktop/tdesktop,issues_new,https://oss.open-digger.cn/github/telegramdesktop/tdesktop/issues_new.json,200,,2658,f072bcb7b769cc909222315f5b867430f7fae7b7417c5bf289cfba172f37e89c,1
telegramdesktop/tdesktop,contributors,https://oss.open-digger.cn/github/telegramdesktop/tdesktop/contributors.json,200,,2188,8f40a7872fde8dfaf11d2553e0753264b5c13169fcb67ae8f937c83a3275f337,1
telegramdesktop/tdesktop,code_change_lines_sum,https://oss.open-digger.cn/github/telegramdesktop/tdesktop/code_change_lines_sum.json,200,,2854,b9f08643b25bfc23b4ea5dfece9c22811cc7ea25891f722206a70f6eec42a076,1
Tencent/APIJSON,issue_resolution_duration,https://oss.open-digger.cn/github/Tencent/APIJSON/issue_resolution_duration.json,200,,13301,5924b74ceca90913b43c5ee8e95c0ee2c971b692e900266cbd4d15429f013557,1
Tencent/APIJSON,issue_age,https://oss.open-digger.cn/github/Tencent/APIJSON/issue_age.json,200,,15690,3163951c8fe0d2222ef0406fd861fca1483f24a523c3b442304b0a5651eed875,1
Tencent/APIJSON,issues_new,https://oss.open-digger.cn/github/Tencent/APIJSON/issues_new.json,200,,1813,3eb23da0159b9959461ce1021bf84bb269580781871b8770cc4855e31256a632,1
Tencent/APIJSON,contributors,https://oss.open-digger.cn/github/Tencent/APIJSON/contributors.json,200,,1121,7861d17d3ef266597f4a1f87a84f5fe5fb9c65d1e0b44025f4d112305fc34071,1
Tencent/APIJSON,code_change_lines_sum,https://oss.open-digger.cn/github/Tencent/APIJSON/code_change_lines_sum.json,200,,1258,37c0a46d8da409a3d6e6a367acf753b00e7477a5b3ebd5c16920c808ec655278,1
Tencent/TBase,issue_resolution_duration,https://oss.open-digger.cn/github/Tencent/TBase/issue_resolution_duration.json,200,,6292,5ddf2ecadaa91073c6378060058a8f57b5f05c07365a7bccf04f1f6c5187a73f,1
Tencent/TBase,issue_age,https://oss.open-digger.cn/github/Tencent/TBase/issue_age.json,200,,11783,e7e53af45a3cb7b7f803e6bcb57243ad2ed08292378ac816b4f2f5ee44b52e6c,1
Tencent/TBase,issues_new,https://oss.open-digger.cn/github/Tencent/TBase/issues_new.json,200,,866,54b29a52deff4acdc874994d57d1102fe40869103137179c8d1252e9352661f8,1
Tencent/TBase,contributors,https://oss.open-digger.cn/github/Tencent/TBase/contributors.json,200,,187,4af17bbd76d73ea70156cf0034a76c9a5c6b02bf4c34a391dda109ba5e04be74,1
Tencent/TBase,code_change_lines_sum,https://oss.open-digger.cn/github/Tencent/TBase/code_change_lines_sum.json,200,,450,c5bf1d7077288c43e6271747a8d7eda0952516f27aad97f1ac60bd259360e7da,1
Tencent/vap,issue_resolution_duration,https://oss.open-digger.cn/github/Tencent/vap/issue_resolution_duration.json,200,,6015,8d206dfbdb29d11c08b56244ab9b2cafa390eb7be45065590c864520044e82d9,1
Tencent/vap,issue_age,https://oss.open-digger.cn/github/Tencent/vap/issue_age.json,200,,10017,fe8932f3354fc962837f1622cb4350c0ebc0d68fa985d7474ab40d12260257c2,1
Tencent/vap,issues_new,https://oss.open-digger.cn/github/Tencent/vap/issues_new.json,200,,1082,1ca66182e5747f2db4b0d1b450fc5ffa793a8b0c729eb5bb0f69f700edfe650d,1
Tencent/vap,contributors,https://oss.open-digger.cn/github/Tencent/vap/contributors.json,200,,353,219eccdfe642bc1560c8aafd4655473c91d6e51d79357856b513c336fab9d57d,1
Tencent/vap,code_change_lines_sum,https://oss.open-digger.cn/github/Tencent/vap/code_change_lines_sum.json,200,,617,5bf17faeb5a4659eb199007a1250d8d2350d1a31b38db912f756ff3d137ea534,1
Tencent/wcdb,issue_resolution_duration,https://oss.open-digger.cn/github/Tencent/wcdb/issue_resolution_duration.json,200,,15181,ce3313933b64abe30be99220a700d6f252285026278a08936a849d3b378ce61e,1
Tencent/wcdb,issue_age,https://oss.open-digger.cn/github/Tencent/wcdb/issue_age.json,200,,16279,b7969faa3f0cdaf4cc36a67b159005359ebd999abe7bc2c9fef0ccfdc6ad372b,1
Tencent/wcdb,issues_new,https://oss.open-digger.cn/github/Tencent/wcdb/issues_new.json,200,,1898,b5cd98c1fa60a6a67d89d44e5ef20de2c26850e1e8012e2cd869aa123edb16ad,1
Tencent/wcdb,contributors,https://oss.open-digger.cn/github/Tencent/wcdb/contributors.json,200,,481,eadb2c1b43a408e0672bc392714e7b74616536ffaf41c22053c67912e28e3eb1,1
Tencent/wcdb,code_change_lines_sum,https://oss.open-digger.cn/github/Tencent/wcdb/code_change_lines_sum.json,200,,863,ed0a6043d6a3d632822166df7399e5ae473d9cbcca225dcc0a304358029d6cc1,1
tendermint/tendermint,issue_resolution_duration,https://oss.open-digger.cn/github/tendermint/tendermint/issue_resolution_duration.json,200,,16871,3ba9f35def8732583aef157d9896ca7425ee1c8d71d8a55934e6a53aa7f57746,1
tendermint/tendermint,issue_age,https://oss.open-digger.cn/github/tendermint/tendermint/issue_age.json,200,,20783,d09676dc94b75571f99cad6f14bd7fd35d828154da17b7f21612b0210066d78e,1
tendermint/tendermint,issues_new,https://oss.open-digger.cn/github/tendermint/tendermint/issues_new.json,200,,2095,ca91f56f28b269848638b5751120331077e8a95211dc378d1e93780c2d410339,1
tendermint/tendermint,contributors,https://oss.open-digger.cn/github/tendermint/tendermint/contributors.json,200,,1676,190b163f4002cd0696457f0e62010358834446356732e049019e266b49a88982,1
tendermint/tendermint,code_change_lines_sum,https://oss.open-digger.cn/github/tendermint/tendermint/code_change_lines_sum.json,200,,2849,0a748682a84aa92d1d997ba33bcba9541f802bb30bb9ba48591b4fda0bfae11f,1
tensorflow/tensorflow,issue_resolution_duration,https://oss.open-digger.cn/github/tensorflow/tensorflow/issue_resolution_duration.json,200,,18831,9c908f8ad449c1286811e1167b137c103674bb269648dde6f2f83ec4cabcb93f,1
tensorflow/tensorflow,issue_age,https://oss.open-digger.cn/github/tensorflow/tensorflow/issue_age.json,200,,19746,cdf2026faf432a948518226a5126155ed5d3e707b3eeda01eb4131b1810eee0b,1
tensorflow/tensorflow,issues_new,https://oss.open-digger.cn/github/tensorflow/tensorflow/issues_new.json,200,,2512,915eb51143164efb891b29455bc26b1b984a09b154647566cfb4296b24605586,1
tensorflow/tensorflow,contributors,https://oss.open-digger.cn/github/tensorflow/tensorflow/contributors.json,200,,2369,5c7348bf7cb2d8a0eb7ea7eb2c5272db689526770f7c51885bfa3ef7b26498c1,1
tensorflow/tensorflow,code_change_lines_sum,https://oss.open-digger.cn/github/tensorflow/tensorflow/code_change_lines_sum.json,200,,3003,36e5e0d3c1b700009ba9c18cc1d803f55106cc1bb7969c42619ba176dd3a3570,1
tesseract-ocr/tesseract,issue_resolution_duration,https://oss.open-digger.cn/github/tesseract-ocr/tesseract/issue_resolution_duration.json,200,,18290,9bb7a9692b64debaac47758546cb1bde99fb6b266df627918a01bcdde2b20c1f,1
tesseract-ocr/tesseract,issue_age,https://oss.open-digger.cn/github/tesseract-ocr/tesseract/issue_age.json,200,,20071,090dd76095e5386276db709b81e19a3876510a402863d8972e4bc930791800bb,1
tesseract-ocr/tesseract,issues_new,https://oss.open-digger.cn/github/tesseract-ocr/tesseract/issues_new.json,200,,2391,21ff2fc93661f91d5101defd7f8bf61ed9f52bbc92743ae4bd402f9f7ae8ceac,1
tesseract-ocr/tesseract,contributors,https://oss.open-digger.cn/github/tesseract-ocr/tesseract/contributors.json,200,,2121,7fec2101f9a0e1f48d235a3804baa7cbb685282c10bec1545df6aa4e9896390c,1
tesseract-ocr/tesseract,code_change_lines_sum,https://oss.open-digger.cn/github/tesseract-ocr/tesseract/code_change_lines_sum.json,200,,2556,d6ae00e6c749d98c8145db0413873de2cabc30f7fc8a0eb429c02443a2a33cce,1
testem/testem,issue_resolution_duration,https://oss.open-digger.cn/github/testem/testem/issue_resolution_duration.json,200,,11597,3785f6a6856a64ae224b67e0f4658e573ede24d6bec1c94891a2d978127bf55d,1
testem/testem,issue_age,https://oss.open-digger.cn/github/testem/testem/issue_age.json,200,,20939,836986e604a534def918d4dd9c387d6cf983e3104665288e7914873a2cb0ed30,1
testem/testem,issues_new,https://oss.open-digger.cn/github/testem/testem/issues_new.json,200,,1667,6969ef76f207eff23938846c02e6cf344e81dfafa230f76838b05b499161a51f,1
testem/testem,contributors,https://oss.open-digger.cn/github/testem/testem/contributors.json,200,,1768,a2ec786250b7fc5e0270ca30f97423c65e8b495ed12affa2c8e66ee4c262110e,1
testem/testem,code_change_lines_sum,https://oss.open-digger.cn/github/testem/testem/code_change_lines_sum.json,200,,2296,8adb886fb2083cef049b2b5347610cbb5c19715baa782e27a2aaeaae01c089fd,1
TheAlgorithms/Java,issue_resolution_duration,https://oss.open-digger.cn/github/TheAlgorithms/Java/issue_resolution_duration.json,200,,15179,4ded926fe15cc929988d04c7b176274faa80d02b53d3af4a4fccc3970a72426f,1
TheAlgorithms/Java,issue_age,https://oss.open-digger.cn/github/TheAlgorithms/Java/issue_age.json,200,,16509,a3bb89c7ed035b0d00a76ba8d324b1578e011a697ee2891b81f9d1f28b8085f2,1
TheAlgorithms/Java,issues_new,https://oss.open-digger.cn/github/TheAlgorithms/Java/issues_new.json,200,,1883,e38b904a309eabb2ca890642939714c765762a26205235617252d1a7b748db5b,1
TheAlgorithms/Java,contributors,https://oss.open-digger.cn/github/TheAlgorithms/Java/contributors.json,200,,1979,4efc6ee4fd65190cc6372ffc7265690321a7c36dce6f9aad263650254f1ab123,1
TheAlgorithms/Java,code_change_lines_sum,https://oss.open-digger.cn/github/TheAlgorithms/Java/code_change_lines_sum.json,200,,2546,bc6a1572136701d50ad29f06e6107a2a5300920fe1739f99f3fdd7a86c1389d4,1
Theano/Theano,issue_resolution_duration,https://oss.open-digger.cn/github/Theano/Theano/issue_resolution_duration.json,200,,10460,3deb9a26fc1fc1e572d641ea1ca6624265a89d4d992c74c584cefcd3ab0beb2f,1
Theano/Theano,issue_age,https://oss.open-digger.cn/github/Theano/Theano/issue_age.json,200,,21052,29da136e349f03fa229b13b5de537e200ea89869078f2063db7dcbf9bbc3db8d,1
Theano/Theano,issues_new,https://oss.open-digger.cn/github/Theano/Theano/issues_new.json,200,,1780,87cb09bfcd7c6ca229895e978c78c89de5795f9639e6985426f41471870b0ef3,1
Theano/Theano,contributors,https://oss.open-digger.cn/github/Theano/Theano/contributors.json,200,,1165,83b579656f12fc0bc1164f66c6793a9adb94abbad3a2fa48406e2d5da8fad053,1
Theano/Theano,code_change_lines_sum,https://oss.open-digger.cn/github/Theano/Theano/code_change_lines_sum.json,200,,1517,e4d9def3e2955f097465fa83049c939d815c2f0d3ecdad8664adceb9477c8409,1
theforeman/foreman,issue_resolution_duration,https://oss.open-digger.cn/github/theforeman/foreman/issue_resolution_duration.json,404,,0,,1
theforeman/foreman,issue_age,https://oss.open-digger.cn/github/theforeman/foreman/issue_age.json,404,,0,,1
theforeman/foreman,issues_new,https://oss.open-digger.cn/github/theforeman/foreman/issues_new.json,404,,0,,1
theforeman/foreman,contributors,https://oss.open-digger.cn/github/theforeman/foreman/contributors.json,200,,2193,cde386cd8cbe67b77b35c628029d73a3fc57409c0e98b5cfd4e9086eaf2a81b4,1
theforeman/foreman,code_change_lines_sum,https://oss.open-digger.cn/github/theforeman/foreman/code_change_lines_sum.json,200,,2959,9a7bb9c83ec6f9140eaa257ac55eda39b7c993ed7cbddb8af60ddba0ce6f36ba,1
thephpleague/flysystem,issue_resolution_duration,https://oss.open-digger.cn/github/thephpleague/flysystem/issue_resolution_duration.json,200,,17882,f3f8dc781dc2b9353f722e59b470e8de38bb240d073a70dbcb94208c7adfb6c5,1
thephpleague/flysystem,issue_age,https://oss.open-digger.cn/github/thephpleague/flysystem/issue_age.json,200,,20282,9c8f7db5f66537c8f276c18512a36722ce48054c14c029ccef82d76599a7d995,1
thephpleague/flysystem,issues_new,https://oss.open-digger.cn/github/thephpleague/flysystem/issues_new.json,200,,2192,0ffea3fc3433782475a8b2a933af5e22878d3fe87377115136dea115e20fdfbf,1
thephpleague/flysystem,contributors,https://oss.open-digger.cn/github/thephpleague/flysystem/contributors.json,200,,2043,99b00dfdefd2b7285b146fbda4c967eb9c5d7edc54d2a150652631225140b6eb,1
thephpleague/flysystem,code_change_lines_sum,https://oss.open-digger.cn/github/thephpleague/flysystem/code_change_lines_sum.json,200,,2392,0397f4ef06ef08982769659b96f0cf1851acfb171116f243304f75e53c5175e4,1
thingsboard/thingsboard,issue_resolution_duration,https://oss.open-digger.cn/github/thingsboard/thingsboard/issue_resolution_duration.json,200,,16917,6367b82c6d9d0b1400e64780fdbe16416e84273efe1f109823955807f0e166ab,1
thingsboard/thingsboard,issue_age,https://oss.open-digger.cn/github/thingsboard/thingsboard/issue_age.json,200,,17428,17806122e0c3641ed9379274bdb8316a7084aa2b842c8b25ba16ddfd7f9d23f4,1
thingsboard/thingsboard,issues_new,https://oss.open-digger.cn/github/thingsboard/thingsboard/issues_new.json,200,,2133,ee8479feb27f76c9bf75fe3faa9a72dd1336790947019cf71df7d13e7e0007f4,1
thingsboard/thingsboard,contributors,https://oss.open-digger.cn/github/thingsboard/thingsboard/contributors.json,200,,2064,ee25f88574ba7ace049fdbfbf5b3c51199de42f6b623bd1a7adb6ddaff94d7ec,1
thingsboard/thingsboard,code_change_lines_sum,https://oss.open-digger.cn/github/thingsboard/thingsboard/code_change_lines_sum.json,200,,2606,a0377afb731834983679e7b0f493553d0e4f4e159b1f57ef83db5faf599fd4b1,1
thingsboard/thingsboard-gateway,issue_resolution_duration,https://oss.open-digger.cn/github/thingsboard/thingsboard-gateway/issue_resolution_duration.json,200,,15385,b0ea46866005890319397aafc1081afee79f7c8fdbe97ab73d479e814f49b387,1
thingsboard/thingsboard-gateway,issue_age,https://oss.open-digger.cn/github/thingsboard/thingsboard-gateway/issue_age.json,200,,16303,4dff6c81ceee885851371bcad11c5c5c2fbf71fd6debef0874ac979e7e57c8ef,1
thingsboard/thingsboard-gateway,issues_new,https://oss.open-digger.cn/github/thingsboard/thingsboard-gateway/issues_new.json,200,,1863,84a4d23bfc1ae0d37a4659e5dfc52166427a131c62a62f73a52c464cacb5b654,1
thingsboard/thingsboard-gateway,contributors,https://oss.open-digger.cn/github/thingsboard/thingsboard-gateway/contributors.json,200,,1421,148f8e78532ccd0d4f15eff78d4ea9fbeabecbf4efb9073d7e9697f18039201b,1
thingsboard/thingsboard-gateway,code_change_lines_sum,https://oss.open-digger.cn/github/thingsboard/thingsboard-gateway/code_change_lines_sum.json,200,,1831,55370798229ee8e483720f6ea320ce62e5776d6870d929960f260997eb133844,1
THUDM/GLM,issue_resolution_duration,https://oss.open-digger.cn/github/THUDM/GLM/issue_resolution_duration.json,200,,3612,4ec353b3802a732b3e1d1012604b9d5ba64a38cd3389ccda94682f7794c5a577,1
THUDM/GLM,issue_age,https://oss.open-digger.cn/github/THUDM/GLM/issue_age.json,200,,9207,4e2b9ff0651b5a0bd6fbc873821fd5f947472fee1a8c16131722ea9a9a65370a,1
THUDM/GLM,issues_new,https://oss.open-digger.cn/github/THUDM/GLM/issues_new.json,200,,629,630e0a428a2cab6d77c73cc9ba3fcb5715865d7e8fc38fda346eac9721e48d64,1
THUDM/GLM,contributors,https://oss.open-digger.cn/github/THUDM/GLM/contributors.json,200,,45,9f76f28d5af89a24b719f103308e850a67d855ea40721f64e7bbcdaaac1df67c,1
THUDM/GLM,code_change_lines_sum,https://oss.open-digger.cn/github/THUDM/GLM/code_change_lines_sum.json,200,,173,c8ca90265e48f9effa75ae75e28d74ae543122e76b44ddf06f71c0412429b896,1
thumbor/thumbor,issue_resolution_duration,https://oss.open-digger.cn/github/thumbor/thumbor/issue_resolution_duration.json,200,,17800,874f27096cdcda381462326e2c7140b25607e462a49302a1b14741bea0618b33,1
thumbor/thumbor,issue_age,https://oss.open-digger.cn/github/thumbor/thumbor/issue_age.json,200,,20308,d0fa382ee2c1f7ee1873905583dcab0c08946fcbf63e0276caf9795ca52cda41,1
thumbor/thumbor,issues_new,https://oss.open-digger.cn/github/thumbor/thumbor/issues_new.json,200,,2232,4cb6d3abf981082c7a93635c750a08300e1556cbd34af019b29e6cf74c3162f5,1
thumbor/thumbor,contributors,https://oss.open-digger.cn/github/thumbor/thumbor/contributors.json,200,,1824,99f11c3273cfbd88aba2e64d29fe5b92489168bdf4dddc695131c5d3bf4f1a79,1
thumbor/thumbor,code_change_lines_sum,https://oss.open-digger.cn/github/thumbor/thumbor/code_change_lines_sum.json,200,,2423,cf38786a8e31530f6ab111c5bb7590123c82e5e3ba3d32dfdf7f8cfe95cff31f,1
tiddly-gittly/TidGi-Desktop,issue_resolution_duration,https://oss.open-digger.cn/github/tiddly-gittly/TidGi-Desktop/issue_resolution_duration.json,200,,8576,9029f8cabb56796211562d97aa4b70843454ccaaf2f22a7d457891b223412c63,1
tiddly-gittly/TidGi-Desktop,issue_age,https://oss.open-digger.cn/github/tiddly-gittly/TidGi-Desktop/issue_age.json,200,,10249,2620dfcb98604a1e876ea3427dd7c4576b8364ed4be946af12890cb5cd5bd68e,1
tiddly-gittly/TidGi-Desktop,issues_new,https://oss.open-digger.cn/github/tiddly-gittly/TidGi-Desktop/issues_new.json,200,,1108,61094d6be50270302a0205ecb9cb0815e742cafa7229ca118f46fa3a3a8e3975,1
tiddly-gittly/TidGi-Desktop,contributors,https://oss.open-digger.cn/github/tiddly-gittly/TidGi-Desktop/contributors.json,200,,358,8431f5684af8ce7dbf0a14a7e54923149c531cee159bf6c8d18f232031d1275d,1
tiddly-gittly/TidGi-Desktop,code_change_lines_sum,https://oss.open-digger.cn/github/tiddly-gittly/TidGi-Desktop/code_change_lines_sum.json,200,,751,f02014d0ea7a48f4c8478a029c1ba019e6e8105475beb1a910627026c9ecc8b7,1
tikv/pd,issue_resolution_duration,https://oss.open-digger.cn/github/tikv/pd/issue_resolution_duration.json,200,,17348,8870dc8abccaf12da649f0d50713e27ee9c7cf381d031724e5cab626dc8e348b,1
tikv/pd,issue_age,https://oss.open-digger.cn/github/tikv/pd/issue_age.json,200,,18454,e1e2512676c70d7b56df864a0d84d281139c47dc17ff7fc6eb3ae2a0b3f3d26c,1
tikv/pd,issues_new,https://oss.open-digger.cn/github/tikv/pd/issues_new.json,200,,2216,7fe03acfb42dbdf74ca1a645957fef371c48836f1e1d615e5a43c7e97cb7881d,1
tikv/pd,contributors,https://oss.open-digger.cn/github/tikv/pd/contributors.json,200,,2166,c0c2b58d3083cd7686c1ba43644dae22bc282998cbd570dcb54901ee48852538,1
tikv/pd,code_change_lines_sum,https://oss.open-digger.cn/github/tikv/pd/code_change_lines_sum.json,200,,2755,e1492f0b860f155731a456ef75e4b9e5d5ce6662fec78f960fc7d62e35a4d692,1
tilt-dev/tilt,issue_resolution_duration,https://oss.open-digger.cn/github/tilt-dev/tilt/issue_resolution_duration.json,200,,12169,35596733c25f723f2700c0c947066b5e20b8836b20dd73ab8d03ceb11ffefd26,1
tilt-dev/tilt,issue_age,https://oss.open-digger.cn/github/tilt-dev/tilt/issue_age.json,200,,13617,1cfbec149a4dac4d74c74f01d463c94134588420d497790723ea165694303b12,1
tilt-dev/tilt,issues_new,https://oss.open-digger.cn/github/tilt-dev/tilt/issues_new.json,200,,1595,7785775653c5ba2e1d789337bb1629e00a193c8720035323c1ad83180e9cf423,1
tilt-dev/tilt,contributors,https://oss.open-digger.cn/github/tilt-dev/tilt/contributors.json,200,,1606,990224e72a915497486afc696e520009cacb738d6b05ace56e2fe5c8e044dafd,1
tilt-dev/tilt,code_change_lines_sum,https://oss.open-digger.cn/github/tilt-dev/tilt/code_change_lines_sum.json,200,,2086,28d63c6e84295fabe401aae3a2464b3ec99238b5cdca56b4d4ad661a08972340,1
timber/timber,issue_resolution_duration,https://oss.open-digger.cn/github/timber/timber/issue_resolution_duration.json,200,,18715,ecb832217d5c24ff9ce4baa2d98bc5da4c9d6effd0971d5f829ff999abc03f0c,1
timber/timber,issue_age,https://oss.open-digger.cn/github/timber/timber/issue_age.json,200,,21024,5c1237a5ecbcde7334a6d84ee154f667ffce63725f67f6d438d965a64c15f6cb,1
timber/timber,issues_new,https://oss.open-digger.cn/github/timber/timber/issues_new.json,200,,2331,5147cd95b13374c308e8704a6d2d6acf7d99152b6e5cae0bf47d3b5843e5eae1,1
timber/timber,contributors,https://oss.open-digger.cn/github/timber/timber/contributors.json,200,,2111,2dc1914d845a5783eefc696284ec0f87c76fb29130bb8324d2cab1e1a1b00be9,1
timber/timber,code_change_lines_sum,https://oss.open-digger.cn/github/timber/timber/code_change_lines_sum.json,200,,2651,591575d54f29e0b1208f60bfb8825dd624eba6b08bb7489303a926d9c6b81ceb,1
tinacms/tinacms,issue_resolution_duration,https://oss.open-digger.cn/github/tinacms/tinacms/issue_resolution_duration.json,200,,11760,8963b33da911ae9cbcfd800cd3b9511eeec57ff18b46081d6ae9b2fcfd57ec7a,1
tinacms/tinacms,issue_age,https://oss.open-digger.cn/github/tinacms/tinacms/issue_age.json,200,,11797,42a7fd45cffd2e7406c2d50378264dcad52ca0c3ac0ad944d4337a1a08e2de96,1
tinacms/tinacms,issues_new,https://oss.open-digger.cn/github/tinacms/tinacms/issues_new.json,200,,1559,0c09d55ef2a7e5ee00628725a4f002cc5d261ee8865de9bdb8e2f6bd2a802611,1
tinacms/tinacms,contributors,https://oss.open-digger.cn/github/tinacms/tinacms/contributors.json,200,,1405,5d1f638ee7c4eecf6c1f963fd9e1c08dfe20c8cb15f7794a6a3cbb3818bf1b38,1
tinacms/tinacms,code_change_lines_sum,https://oss.open-digger.cn/github/tinacms/tinacms/code_change_lines_sum.json,200,,1837,cdb07958159ae892767cbacb5f3378734ddd4449d38318a32cbf23f01e9f6def,1
tinymce/tinymce,issue_resolution_duration,https://oss.open-digger.cn/github/tinymce/tinymce/issue_resolution_duration.json,200,,19794,2fbae366ad86dc49696d35376121fb7925b95e3006abdc0e1a878b8f73bcb36c,1
tinymce/tinymce,issue_age,https://oss.open-digger.cn/github/tinymce/tinymce/issue_age.json,200,,19682,49f4f0cfebda49738aae565d98aa11dec8357a6c7e741d0957a3ee826f57fc88,1
tinymce/tinymce,issues_new,https://oss.open-digger.cn/github/tinymce/tinymce/issues_new.json,200,,2483,572da17140945ccb11cf3271392dd10a5a4274505c27ea1ef2a1e452e2e57a51,1
tinymce/tinymce,contributors,https://oss.open-digger.cn/github/tinymce/tinymce/contributors.json,200,,1861,d93bafcbd1d471fe8e7fff91efb709dec3b0b6dee961dcf0b37732e9965392ef,1
tinymce/tinymce,code_change_lines_sum,https://oss.open-digger.cn/github/tinymce/tinymce/code_change_lines_sum.json,200,,2834,0acd5d829eb6ed8f9753294313247eda20d4804f03401645f8e37134e9e84a15,1
tmux/tmux,issue_resolution_duration,https://oss.open-digger.cn/github/tmux/tmux/issue_resolution_duration.json,200,,18001,36769be3e539838c33eab43fcbd784f35c3c96315ba332fe09924925bb680b6e,1
tmux/tmux,issue_age,https://oss.open-digger.cn/github/tmux/tmux/issue_age.json,200,,19459,9873e6b13b93e08b2d94975d2a564d1b5b944fecc2dd9f12f4763c2933d8d4b6,1
tmux/tmux,issues_new,https://oss.open-digger.cn/github/tmux/tmux/issues_new.json,200,,2426,b7687c403d499e7965dc8d37d1bf05a0ae5c5512db629669fdccb97eb7eff460,1
tmux/tmux,contributors,https://oss.open-digger.cn/github/tmux/tmux/contributors.json,200,,100,ef1b2bf66f4e67e891d15c5f66f54976587b7226950f4c9538cf6920791e9742,1
tmux/tmux,code_change_lines_sum,https://oss.open-digger.cn/github/tmux/tmux/code_change_lines_sum.json,200,,2577,11dcb596d25224bd8ccf2b39a9350b0f8ef9f10caa51be308637fd3073bba780,1
toeverything/AFFiNE,issue_resolution_duration,https://oss.open-digger.cn/github/toeverything/AFFiNE/issue_resolution_duration.json,200,,6489,c9a8de8ec61e10e034caf9ad8208491b552aff8cb1d60a969fadf04c5e3629a1,1
toeverything/AFFiNE,issue_age,https://oss.open-digger.cn/github/toeverything/AFFiNE/issue_age.json,200,,6672,da3b06a389477bf20a673c28613faa2153c52c37bc8493ffdd21abd35c0fcb37,1
toeverything/AFFiNE,issues_new,https://oss.open-digger.cn/github/toeverything/AFFiNE/issues_new.json,200,,880,f0e266b86fd3bdd275cc362f023b5506b3e0e302eecaff9cd52409edc740eff1,1
toeverything/AFFiNE,contributors,https://oss.open-digger.cn/github/toeverything/AFFiNE/contributors.json,200,,845,fbdc3bb38d9f0c037c5e9eb6eb8c32390597e47ddc0ccb5837acb2807dbe4b8f,1
toeverything/AFFiNE,code_change_lines_sum,https://oss.open-digger.cn/github/toeverything/AFFiNE/code_change_lines_sum.json,200,,1089,da576eea1a7d3e0206daa519038d55b718c324bec9b1a787a6e612b581f6b44b,1
Tongsuo-Project/Tongsuo,issue_resolution_duration,https://oss.open-digger.cn/github/Tongsuo-Project/Tongsuo/issue_resolution_duration.json,200,,7307,49f56442bd1ed41e8d9ce97b9f775ff0accfc414d461a350c2cc26829faab39a,1
Tongsuo-Project/Tongsuo,issue_age,https://oss.open-digger.cn/github/Tongsuo-Project/Tongsuo/issue_age.json,200,,9270,620fc137f4305bfab616ff6825407244b9d9830e7fcf1ca1c954675d3018785f,1
Tongsuo-Project/Tongsuo,issues_new,https://oss.open-digger.cn/github/Tongsuo-Project/Tongsuo/issues_new.json,200,,1042,323fb2f0d5ee446a5d01d2d00b9bd4a9e03b71e48c8967611333573a3e15afd7,1
Tongsuo-Project/Tongsuo,contributors,https://oss.open-digger.cn/github/Tongsuo-Project/Tongsuo/contributors.json,200,,1031,e7f35a902b9175c39d50bbdb3b5f4bdadbe41b9a14a24ee03b3e89ae20f14e74,1
Tongsuo-Project/Tongsuo,code_change_lines_sum,https://oss.open-digger.cn/github/Tongsuo-Project/Tongsuo/code_change_lines_sum.json,200,,1335,bcc303edd7bc65bd030c872713694e1fdeaa917f018c6fc946cd333e416ea475,1
top-think/framework,issue_resolution_duration,https://oss.open-digger.cn/github/top-think/framework/issue_resolution_duration.json,200,,16710,142f7406fa2dce7c047eda2a600aed84a33836f38c0e21514836157f788ebe07,1
top-think/framework,issue_age,https://oss.open-digger.cn/github/top-think/framework/issue_age.json,200,,18307,8db0acffeda439ca68c510d3f3739fe2b86b19278fda56fe6a87a2fb5c7686cb,1
top-think/framework,issues_new,https://oss.open-digger.cn/github/top-think/framework/issues_new.json,200,,2127,1fd25944eb829eca42e69843466019d6e537dc8097f017444cd94c3169c26035,1
top-think/framework,contributors,https://oss.open-digger.cn/github/top-think/framework/contributors.json,200,,1649,5cb3062fbe04a8152bcb373dac6c77452aa7c67d546a83b64317a5c55f3ba4b8,1
top-think/framework,code_change_lines_sum,https://oss.open-digger.cn/github/top-think/framework/code_change_lines_sum.json,200,,2112,b3357517aa9481137bb6c48e84d101a2ae98551ae1eb9c4477b43765bb6c96da,1
top-think/think,issue_resolution_duration,https://oss.open-digger.cn/github/top-think/think/issue_resolution_duration.json,200,,12908,c702da280281d21f01e2f4010ec4785fa4a49b2e33ecadae9fcf558946b48944,1
top-think/think,issue_age,https://oss.open-digger.cn/github/top-think/think/issue_age.json,200,,20581,d6441e66b64ac9592189db49796817c432bab9c25cc2107134c7216946bfc659,1
top-think/think,issues_new,https://oss.open-digger.cn/github/top-think/think/issues_new.json,200,,1867,4cddcc127baf31339d3b379aaca9eb506094049c2927915c639be11dae0da924,1
top-think/think,contributors,https://oss.open-digger.cn/github/top-think/think/contributors.json,200,,628,4077e454270769f1bfe423be8934a097ebffd717e8babc028b5ef09ad2320d78,1
top-think/think,code_change_lines_sum,https://oss.open-digger.cn/github/top-think/think/code_change_lines_sum.json,200,,887,07e8b106cfc9051fc1ed254b6f3034e42a188c99af63807abb4318f57e4c1c4d,1
top-think/think-orm,issue_resolution_duration,https://oss.open-digger.cn/github/top-think/think-orm/issue_resolution_duration.json,200,,12016,a467bb63365cadf2140c8c1e2e0ea3a8084aef063452a1bcc9dfd39e253c9a52,1
top-think/think-orm,issue_age,https://oss.open-digger.cn/github/top-think/think-orm/issue_age.json,200,,14759,0af577eb748b06ef146bb6b385e09e40b0284de43fee520b0b73d1bf828ae58b,1
top-think/think-orm,issues_new,https://oss.open-digger.cn/github/top-think/think-orm/issues_new.json,200,,1724,498f3e12bd4d5d16f373a6409e833f3302f845a5b2781f14fda33e72c1668f1b,1
top-think/think-orm,contributors,https://oss.open-digger.cn/github/top-think/think-orm/contributors.json,200,,1013,ba2077895630efd59cb8ccc15bc79ffd902b489976df8038af28da042fb0ed57,1
top-think/think-orm,code_change_lines_sum,https://oss.open-digger.cn/github/top-think/think-orm/code_change_lines_sum.json,200,,1423,04108aafc3d3a0bf03a0844c8633954e36231007c5bc76365eac061fe9f5ca1a,1
tornadoweb/tornado,issue_resolution_duration,https://oss.open-digger.cn/github/tornadoweb/tornado/issue_resolution_duration.json,200,,18025,36297c3444f52399eee69a83772d9e7acedaa5c1ba635152a71af689316c58e9,1
tornadoweb/tornado,issue_age,https://oss.open-digger.cn/github/tornadoweb/tornado/issue_age.json,200,,20774,2a756423e8c9884e1610d57aabfbe9698d63a7a8b0ef64273db66eda6c326d78,1
tornadoweb/tornado,issues_new,https://oss.open-digger.cn/github/tornadoweb/tornado/issues_new.json,200,,2260,d9394cd2ee9594b401106d1891cd9f24ea4b556281af007fccf4381ea477542c,1
tornadoweb/tornado,contributors,https://oss.open-digger.cn/github/tornadoweb/tornado/contributors.json,200,,2037,cca5b6db8fe33b9ab906d1434606d14a8e0255a81d64cfc1080cf0e0ff4aa578,1
tornadoweb/tornado,code_change_lines_sum,https://oss.open-digger.cn/github/tornadoweb/tornado/code_change_lines_sum.json,200,,2595,385cac4c7bebc8721649aed83f7fb048f38e8f44a07711eb202682e33afe97d7,1
tpope/vim-fugitive,issue_resolution_duration,https://oss.open-digger.cn/github/tpope/vim-fugitive/issue_resolution_duration.json,200,,17671,2b7072503fc72cabce0715faba7f59e2a973e1f6b411502a6429d28d7182c033,1
tpope/vim-fugitive,issue_age,https://oss.open-digger.cn/github/tpope/vim-fugitive/issue_age.json,200,,20544,f70bcea4d410cca1138fcc224507534d2db5eae4cfdd3f887af4e17eba819910,1
tpope/vim-fugitive,issues_new,https://oss.open-digger.cn/github/tpope/vim-fugitive/issues_new.json,200,,2357,455ea89e5244ec7ae21cc70d12b639d14458f27f9c07c818268e65620558baee,1
tpope/vim-fugitive,contributors,https://oss.open-digger.cn/github/tpope/vim-fugitive/contributors.json,200,,1226,0087c02129808784b199739aa3f56b0459b2a7b4b5fc9b43fa15edd45768b76c,1
tpope/vim-fugitive,code_change_lines_sum,https://oss.open-digger.cn/github/tpope/vim-fugitive/code_change_lines_sum.json,200,,2014,f26fc4f3ca3e07d5dd355467d7c09843fc5323ab9936ee5ba14008c31bef841c,1
tqdm/tqdm,issue_resolution_duration,https://oss.open-digger.cn/github/tqdm/tqdm/issue_resolution_duration.json,200,,14271,6b732c38950cb6b65bc87c8adfd76eb989d78a7a0f7a7b61876626638bacc47e,1
tqdm/tqdm,issue_age,https://oss.open-digger.cn/github/tqdm/tqdm/issue_age.json,200,,19791,08761443b879aaea8602b144becc80aba7c44e31c87eef448fdcfbbbe37581b2,1
tqdm/tqdm,issues_new,https://oss.open-digger.cn/github/tqdm/tqdm/issues_new.json,200,,2177,ab6daa669ed3baf8595fcb3f170b0b176e4a37d58133329272d944e5723179d7,1
tqdm/tqdm,contributors,https://oss.open-digger.cn/github/tqdm/tqdm/contributors.json,200,,1333,ac2f2ff515ca917e4fabb56082136290c08483e7c2872f3049bd871681c1ae4e,1
tqdm/tqdm,code_change_lines_sum,https://oss.open-digger.cn/github/tqdm/tqdm/code_change_lines_sum.json,200,,2363,2168568ff09f2e3705cbf2322e832b42448a09e6462736d2f34c17b41844c93a,1
trezor/trezor-suite,issue_resolution_duration,https://oss.open-digger.cn/github/trezor/trezor-suite/issue_resolution_duration.json,200,,13438,1f828057752b3128c40bd33780aceda5185760788f9003c08cd4c6fc1d3bc0d3,1
trezor/trezor-suite,issue_age,https://oss.open-digger.cn/github/trezor/trezor-suite/issue_age.json,200,,13620,9b4c49b6a5fdbe86f497f926e785291e7d7292606a95a56ef06fa23e1fc8cd9d,1
trezor/trezor-suite,issues_new,https://oss.open-digger.cn/github/trezor/trezor-suite/issues_new.json,200,,1689,3046b9495d16eb46397b5a46fa5b3945fd1f0985ea2e6c35f678a7c002d9b6dd,1
trezor/trezor-suite,contributors,https://oss.open-digger.cn/github/trezor/trezor-suite/contributors.json,200,,1403,83765efc9afc15958516e9338f0fa135b59593948b2e078651bbb92f543f3a3e,1
trezor/trezor-suite,code_change_lines_sum,https://oss.open-digger.cn/github/trezor/trezor-suite/code_change_lines_sum.json,200,,1772,8b45a098e46dd97909bc78838a0e478e08f00aa588d7080b0643c1ce9902527c,1
TrinityCore/TrinityCore,issue_resolution_duration,https://oss.open-digger.cn/github/TrinityCore/TrinityCore/issue_resolution_duration.json,200,,19272,69b4db350f10ce7dd25f00cd9ee2af7c74a0120234c348d7ab3f7c1b6ed47360,1
TrinityCore/TrinityCore,issue_age,https://oss.open-digger.cn/github/TrinityCore/TrinityCore/issue_age.json,200,,21180,940237680257532bdc361895d506907a53a4ba9b6b32bfea8fa3959e6a05b6de,1
TrinityCore/TrinityCore,issues_new,https://oss.open-digger.cn/github/TrinityCore/TrinityCore/issues_new.json,200,,2572,9b53636ead07813bab345c1e6aa5c0aab74afedd78945612804859bf65fd0608,1
TrinityCore/TrinityCore,contributors,https://oss.open-digger.cn/github/TrinityCore/TrinityCore/contributors.json,200,,2429,0b2d3bdbaaaf9ddc4cf1aa355db0f547ed7e22fbad19177ac89261c692d8208f,1
TrinityCore/TrinityCore,code_change_lines_sum,https://oss.open-digger.cn/github/TrinityCore/TrinityCore/code_change_lines_sum.json,200,,3068,7f89cb16726f2982e89af42d233d058b92b3ec9b18ad9a7e9d664bcd08c45e7c,1
triton-inference-server/server,issue_resolution_duration,https://oss.open-digger.cn/github/triton-inference-server/server/issue_resolution_duration.json,200,,12726,0e1c1ec1295261bfc2ca86d741cace214851751d5b74ed5eb8b1bca83ecf99e9,1
triton-inference-server/server,issue_age,https://oss.open-digger.cn/github/triton-inference-server/server/issue_age.json,200,,13539,210cf3d876eccfa6c1031c8a29ba07decfe470c934e95e9d524c06e5276e2a17,1
triton-inference-server/server,issues_new,https://oss.open-digger.cn/github/triton-inference-server/server/issues_new.json,200,,1690,eb20fd381f9d17be7a24c6890b085420762eef620790139599497da3ffed7b05,1
triton-inference-server/server,contributors,https://oss.open-digger.cn/github/triton-inference-server/server/contributors.json,200,,1629,00fc77ce1eb8b23fcb597db6805227036b6cffe0cae69362a1499bfe40a3fe99,1
triton-inference-server/server,code_change_lines_sum,https://oss.open-digger.cn/github/triton-inference-server/server/code_change_lines_sum.json,200,,2018,2e8a59703355d60048ab952408e0422ea5bc223ca024d4800bc854f3619380e7,1
tronprotocol/java-tron,issue_resolution_duration,https://oss.open-digger.cn/github/tronprotocol/java-tron/issue_resolution_duration.json,200,,13912,386c7ff8d4db80b3ca2579f116478acbedc355450fa154f9d8d134ddb7750164,1
tronprotocol/java-tron,issue_age,https://oss.open-digger.cn/github/tronprotocol/java-tron/issue_age.json,200,,15244,b1793c69a319d12d9c536d425230467b63efbb43f693abfa11d2db6b7f2401f9,1
tronprotocol/java-tron,issues_new,https://oss.open-digger.cn/github/tronprotocol/java-tron/issues_new.json,200,,1860,a057b614f165b8548575529530c248a57937ca3230dfb84368c1b1fb76c9085b,1
tronprotocol/java-tron,contributors,https://oss.open-digger.cn/github/tronprotocol/java-tron/contributors.json,200,,1592,7e8984338e2b62958b107234c89ea90cb97d460e90614e64fd791ed7c5cfc271,1
tronprotocol/java-tron,code_change_lines_sum,https://oss.open-digger.cn/github/tronprotocol/java-tron/code_change_lines_sum.json,200,,2140,a95c0caa0d5281da3126bfbd1f6083685e8507afd3de965ee5f56314bb92d2fd,1
TryGhost/Ghost,issue_resolution_duration,https://oss.open-digger.cn/github/TryGhost/Ghost/issue_resolution_duration.json,200,,19050,cc29ad7806a1a3130985f4932a73006546cd47721684b103a6a1c73c468baa58,1
TryGhost/Ghost,issue_age,https://oss.open-digger.cn/github/TryGhost/Ghost/issue_age.json,200,,20779,23127f830c9bcf3a0e81c45d510d388f27dc30b36b3decc269307d4c5f446b54,1
TryGhost/Ghost,issues_new,https://oss.open-digger.cn/github/TryGhost/Ghost/issues_new.json,200,,2510,eef9345856742cfc0d1b523020b3a9e2eaa080d9a004bd16e03fe8896e04027a,1
TryGhost/Ghost,contributors,https://oss.open-digger.cn/github/TryGhost/Ghost/contributors.json,200,,2459,3fc8661ecc3f74bd98bace8af8e8f8235537a14edd96097fcac83b2d06acece7,1
TryGhost/Ghost,code_change_lines_sum,https://oss.open-digger.cn/github/TryGhost/Ghost/code_change_lines_sum.json,200,,3042,67027b9026ae574bfe50ac98dd845e9c277a0b0abf00ffe237b9a3f35d251800,1
TuGraph-family/tugraph-db,issue_resolution_duration,https://oss.open-digger.cn/github/TuGraph-family/tugraph-db/issue_resolution_duration.json,200,,5341,30b71bb57fddf282f12307c0bdc27dc8e4bd8a02edae18cf1a3ea41f315415c8,1
TuGraph-family/tugraph-db,issue_age,https://oss.open-digger.cn/github/TuGraph-family/tugraph-db/issue_age.json,200,,6452,ddb42f10e64e22fa22d32d541e9c06368ae7b10662fa3c9996c34320bdd0433c,1
TuGraph-family/tugraph-db,issues_new,https://oss.open-digger.cn/github/TuGraph-family/tugraph-db/issues_new.json,200,,788,378081dfc38c66bb346227c3bb7e27464dd8c6df41963fb3de1377ab3d4e0607,1
TuGraph-family/tugraph-db,contributors,https://oss.open-digger.cn/github/TuGraph-family/tugraph-db/contributors.json,200,,607,94c6faed8dd3c6735a44c250026f73042a9d43a3d2918c3c0c78dc4d278466b8,1
TuGraph-family/tugraph-db,code_change_lines_sum,https://oss.open-digger.cn/github/TuGraph-family/tugraph-db/code_change_lines_sum.json,200,,917,5df237fb398647a7797196c530bfecc0af8e4f70de82c76de1b568402cd5fdb6,1
tukaani-project/xz,issue_resolution_duration,https://oss.open-digger.cn/github/tukaani-project/xz/issue_resolution_duration.json,200,,4140,cbde34d429b638fbb47f91b6c85929177e229857561977e30c3d7783072be8e4,1
tukaani-project/xz,issue_age,https://oss.open-digger.cn/github/tukaani-project/xz/issue_age.json,200,,5640,cffa66f3db6439d51822e5e238a4db89077569d0315bd867477e6a14af80ca8e,1
tukaani-project/xz,issues_new,https://oss.open-digger.cn/github/tukaani-project/xz/issues_new.json,200,,592,3211bfa57ed7e3abdb96db1f6a22f36278f39337e07588ae3682c4bae4b5a026,1
tukaani-project/xz,contributors,https://oss.open-digger.cn/github/tukaani-project/xz/contributors.json,200,,249,bdf05ef75ef3dde55a7dc98f437399331ecf238fc6cea53b6c24125a0e5b918b,1
tukaani-project/xz,code_change_lines_sum,https://oss.open-digger.cn/github/tukaani-project/xz/code_change_lines_sum.json,200,,677,d0a082c372876930f83383d8560aa283fc58bfd1bed26a9683d27760987c4fa5,1
tw93/Pake,issue_resolution_duration,https://oss.open-digger.cn/github/tw93/Pake/issue_resolution_duration.json,200,,5970,d69601b35b8836f5c0c4b4eafcc910795081a046570f53be9a00073d79ad7f15,1
tw93/Pake,issue_age,https://oss.open-digger.cn/github/tw93/Pake/issue_age.json,200,,6239,e71cb4a22ae92e29175b8edcde59a99e1d439848b390e08c98bb59202f0c5b8d,1
tw93/Pake,issues_new,https://oss.open-digger.cn/github/tw93/Pake/issues_new.json,200,,760,65f305333f6211c9723b509f4345f1d056331865791e9088fcbf698e8f7c5f8c,1
tw93/Pake,contributors,https://oss.open-digger.cn/github/tw93/Pake/contributors.json,200,,414,b0e91afc84d26ea926c3e2b1a4b4260e6b72bd3cb7fef2d84e60385f93559e77,1
tw93/Pake,code_change_lines_sum,https://oss.open-digger.cn/github/tw93/Pake/code_change_lines_sum.json,200,,654,0860eeeaaa32ef0b9b72cdddb622ed56328b71b201809526b4a965bf8fc0c7af,1
twbs/bootstrap,issue_resolution_duration,https://oss.open-digger.cn/github/twbs/bootstrap/issue_resolution_duration.json,200,,19113,b0d285d0cca9cfdfd120661a9ef3f29077497343a4cdff41af548fe3086c2877,1
twbs/bootstrap,issue_age,https://oss.open-digger.cn/github/twbs/bootstrap/issue_age.json,200,,20904,527969d7b0fbd697ec65b237ae7c7f3d29b6f4e1c30fdf0310db0da45456ed45,1
twbs/bootstrap,issues_new,https://oss.open-digger.cn/github/twbs/bootstrap/issues_new.json,200,,2567,88b7c13dd827d0e2c95ef6d46b6994e428806744e1950559196ed4ac300eeeff,1
twbs/bootstrap,contributors,https://oss.open-digger.cn/github/twbs/bootstrap/contributors.json,200,,2437,2a1fba79ca5a3d47d7bd960bcdc301f9c7206464a52b1da78631d7c0f2b60ca1,1
twbs/bootstrap,code_change_lines_sum,https://oss.open-digger.cn/github/twbs/bootstrap/code_change_lines_sum.json,200,,3054,fc452475663d63a2e6d469a3e4c93061311c2c2e21926cd421889bd67acfc921,1
tweepy/tweepy,issue_resolution_duration,https://oss.open-digger.cn/github/tweepy/tweepy/issue_resolution_duration.json,200,,17144,7620e460bd5c16dab0812112e819c6afef71e910e0ea37c194029d383ee351c8,1
tweepy/tweepy,issue_age,https://oss.open-digger.cn/github/tweepy/tweepy/issue_age.json,200,,20771,b1710be561c50f0aa0905b57b8f84ff80567489b6928e51610ad1193045fa9ef,1
tweepy/tweepy,issues_new,https://oss.open-digger.cn/github/tweepy/tweepy/issues_new.json,200,,2173,3c2f7bad5072973c82aaf92285df72122922ac3f9770dd1ac2eca4a6bdf0fbfd,1
tweepy/tweepy,contributors,https://oss.open-digger.cn/github/tweepy/tweepy/contributors.json,200,,1089,2648cf3e93bab99109c3d4bbaede8dab2017be622d44bb7e4d1761737dc3a6ef,1
tweepy/tweepy,code_change_lines_sum,https://oss.open-digger.cn/github/tweepy/tweepy/code_change_lines_sum.json,200,,2030,2564ce0d8fc777bc6ae782f43701f0eadb1f550b6453ee2e69ffa76201117191,1
twigphp/Twig,issue_resolution_duration,https://oss.open-digger.cn/github/twigphp/Twig/issue_resolution_duration.json,200,,18759,f74905b5bb1cd1e85ff3f268b1eef5619b1ee549e5ce88c619b6564020e2716f,1
twigphp/Twig,issue_age,https://oss.open-digger.cn/github/twigphp/Twig/issue_age.json,200,,20389,e4e5ca23c8c5d4e1c89f6fe796550616494980891ae134eeec9465a535fe8a05,1
twigphp/Twig,issues_new,https://oss.open-digger.cn/github/twigphp/Twig/issues_new.json,200,,2352,dd5c8a610d184b0dad6fe0040c8cd25ef72467d4114ad43cc8033d62737d564b,1
twigphp/Twig,contributors,https://oss.open-digger.cn/github/twigphp/Twig/contributors.json,200,,2188,7ddc0afc58cb84d6dbdf87be699c136739af2e78ee2dc06afe72fdeaf6c2a023,1
twigphp/Twig,code_change_lines_sum,https://oss.open-digger.cn/github/twigphp/Twig/code_change_lines_sum.json,200,,2665,42e012867abe82ea321e79735c7d498c7b2bc5aab817787441f12a8de05854ec,1
typeorm/typeorm,issue_resolution_duration,https://oss.open-digger.cn/github/typeorm/typeorm/issue_resolution_duration.json,200,,17562,c1430f90ed245aba88f47ba7794c136b4ca0ba0d6922549820b2e46002d24ba3,1
typeorm/typeorm,issue_age,https://oss.open-digger.cn/github/typeorm/typeorm/issue_age.json,200,,18597,9c822581b6f5b8303d99d99182fe1f7735dd1d95735a1baa2b31c31a94aa445a,1
typeorm/typeorm,issues_new,https://oss.open-digger.cn/github/typeorm/typeorm/issues_new.json,200,,2283,1b64a88c927eef417ebbb531d204336b9fe9665d1f35fe2c0a34d54366509b23,1
typeorm/typeorm,contributors,https://oss.open-digger.cn/github/typeorm/typeorm/contributors.json,200,,1968,04efcdee5b5febe1f7cf51db0626d34960e5d0ef380b7b98656b224572e4ab7f,1
typeorm/typeorm,code_change_lines_sum,https://oss.open-digger.cn/github/typeorm/typeorm/code_change_lines_sum.json,200,,2625,1541f4879af810122b8d507ae48588c390cc637bee2d73e4da9e1e9bc0044dda,1
ufo5260987423/scheme-langserver,issue_resolution_duration,https://oss.open-digger.cn/github/ufo5260987423/scheme-langserver/issue_resolution_duration.json,404,,0,,1
ufo5260987423/scheme-langserver,issue_age,https://oss.open-digger.cn/github/ufo5260987423/scheme-langserver/issue_age.json,404,,0,,1
ufo5260987423/scheme-langserver,issues_new,https://oss.open-digger.cn/github/ufo5260987423/scheme-langserver/issues_new.json,200,,294,cdd0104d9e66eb566ccbb813a7e08aede8f239674bd4c94012a1ea5f24c7d9b1,1
ufo5260987423/scheme-langserver,contributors,https://oss.open-digger.cn/github/ufo5260987423/scheme-langserver/contributors.json,200,,328,35518ba2df53aed93847293e560cb9b569b0fce2909feb8af7e32eecbfa5dcf7,1
ufo5260987423/scheme-langserver,code_change_lines_sum,https://oss.open-digger.cn/github/ufo5260987423/scheme-langserver/code_change_lines_sum.json,200,,392,cd0a3ccfafe7d7c927b02af21ee919ee214452bbdce49a0fa3b08b2cdafe71d0,1
uikit/uikit,issue_resolution_duration,https://oss.open-digger.cn/github/uikit/uikit/issue_resolution_duration.json,200,,18110,279ec6915577ee0037adf5d0089839604005916336cc2998f25a813052f46db9,1
uikit/uikit,issue_age,https://oss.open-digger.cn/github/uikit/uikit/issue_age.json,200,,20780,9d3c1e5a849995d197fa6d3f66040620be9f4805b7a3f99ba15003756f915b6c,1
uikit/uikit,issues_new,https://oss.open-digger.cn/github/uikit/uikit/issues_new.json,200,,2361,e6ff4b296434df8998d7c61e937d30255932a10dc71f5baa50efedd494b080a8,1
uikit/uikit,contributors,https://oss.open-digger.cn/github/uikit/uikit/contributors.json,200,,1494,c3b0cc35bf240170398374e71b9a9e75e8fcaecd19ac21c833908a22df9608ae,1
uikit/uikit,code_change_lines_sum,https://oss.open-digger.cn/github/uikit/uikit/code_change_lines_sum.json,200,,2261,391020c77a41376a4f52eacdd573b9df7f0336a87d187cc8894d82c5c017bc79,1
ultralytics/ultralytics,issue_resolution_duration,https://oss.open-digger.cn/github/ultralytics/ultralytics/issue_resolution_duration.json,200,,5991,0b13fc53f3dd95964022787990a4e26ed2d0b2eb91dba8fe1399c0f65f022d3c,1
ultralytics/ultralytics,issue_age,https://oss.open-digger.cn/github/ultralytics/ultralytics/issue_age.json,200,,5846,e33bf9b17b8b4d0a7cf0df1bdfaf359d270ba4bd45a2644b47618b057798f2fb,1
ultralytics/ultralytics,issues_new,https://oss.open-digger.cn/github/ultralytics/ultralytics/issues_new.json,200,,832,01b38aae3d6830539c20daf2d6a0d2af2833a953025d4251ecababb85ed83550,1
ultralytics/ultralytics,contributors,https://oss.open-digger.cn/github/ultralytics/ultralytics/contributors.json,200,,617,d545ec8c0352d0453d7172fe3043554ba7159ff81feacc584cc98e25bd3a0560,1
ultralytics/ultralytics,code_change_lines_sum,https://oss.open-digger.cn/github/ultralytics/ultralytics/code_change_lines_sum.json,200,,768,f3ab96d00bd782cc804c56ae1e1ad9280886352f5f8fa3ab260fdca7eb2fb24f,1
umijs/qiankun,issue_resolution_duration,https://oss.open-digger.cn/github/umijs/qiankun/issue_resolution_duration.json,200,,10557,81dc8abdac02cc746c290d48da23c27e370a579cf41e02557963948f99bc2ad0,1
umijs/qiankun,issue_age,https://oss.open-digger.cn/github/umijs/qiankun/issue_age.json,200,,12499,df56b373acfe779dcef7b39066f7e3b518854a47811568741bedaff997f7adb4,1
umijs/qiankun,issues_new,https://oss.open-digger.cn/github/umijs/qiankun/issues_new.json,200,,1526,94717f6eb35bc8203841b0450f48c6830d79ef7b9a7c8ff5b2a279e5b84f3380,1
umijs/qiankun,contributors,https://oss.open-digger.cn/github/umijs/qiankun/contributors.json,200,,1207,16dbaa1556aba94860882b59717d4f34a88e332c2b53d187e5d4e3c8c68ea059,1
umijs/qiankun,code_change_lines_sum,https://oss.open-digger.cn/github/umijs/qiankun/code_change_lines_sum.json,200,,1559,2840cfd70d09e259d64413b578c0a9cadf9206169981e297739d010eae9e89c8,1
Unitech/pm2,issue_resolution_duration,https://oss.open-digger.cn/github/Unitech/pm2/issue_resolution_duration.json,200,,18345,ff00ca204a229a473b95dfddc610e88fed3be9c142b5737cec78b1e2eb0097dd,1
Unitech/pm2,issue_age,https://oss.open-digger.cn/github/Unitech/pm2/issue_age.json,200,,20893,c1d744faa8045bb3d10a5927dff6bd95c278ca95c7fee31aa9cd6d6caf257886,1
Unitech/pm2,issues_new,https://oss.open-digger.cn/github/Unitech/pm2/issues_new.json,200,,2466,a431c7437fe85577154b12e08cc9e3e1f8c96955146137ef79819c29c0bf5c19,1
Unitech/pm2,contributors,https://oss.open-digger.cn/github/Unitech/pm2/contributors.json,200,,1454,43d54f667ac6b3823f6de9eec8845c6349f0657ddad41b0ca287eada7107cddd,1
Unitech/pm2,code_change_lines_sum,https://oss.open-digger.cn/github/Unitech/pm2/code_change_lines_sum.json,200,,2396,85eec34152ca2d1c5bac7242c85112f0999eca0975315afc289ebadd3b20b8e0,1
universal-ctags/citre,issue_resolution_duration,https://oss.open-digger.cn/github/universal-ctags/citre/issue_resolution_duration.json,200,,5771,331f5136a0704f4493eee096b3c780617ebe3b7f51a3b0152bf0acfd2034a348,1
universal-ctags/citre,issue_age,https://oss.open-digger.cn/github/universal-ctags/citre/issue_age.json,200,,9859,06964a2964f7b562750563b9b3575b4120d383a7e4bf145aa366d3e5544ba1e6,1
universal-ctags/citre,issues_new,https://oss.open-digger.cn/github/universal-ctags/citre/issues_new.json,200,,740,eea343da2c7ef41c5a31d4eb2b13bffc8968ca3ab4a2fe21032752d7a1aba727,1
universal-ctags/citre,contributors,https://oss.open-digger.cn/github/universal-ctags/citre/contributors.json,200,,407,e347acf89e464647bdd6db9b16f5e833347826e8d91e79e450498dd60e09470f,1
universal-ctags/citre,code_change_lines_sum,https://oss.open-digger.cn/github/universal-ctags/citre/code_change_lines_sum.json,200,,644,8060f2931121d45bb908c305c507a57d20d2ca1dd4e04f2ea52648cd5aae0980,1
utom/sketch-measure,issue_resolution_duration,https://oss.open-digger.cn/github/utom/sketch-measure/issue_resolution_duration.json,200,,7483,0eee10134469c44990e5da869331531e3bc700880051359583d9a3140fff368a,1
utom/sketch-measure,issue_age,https://oss.open-digger.cn/github/utom/sketch-measure/issue_age.json,200,,20691,a4ab037896ed5a42a245820edadcf6f64edf697a20f3b26922dbf37252055f87,1
utom/sketch-measure,issues_new,https://oss.open-digger.cn/github/utom/sketch-measure/issues_new.json,200,,1402,a482bcde105d7c899ac31afc35cdf02910fb40448ceaeed88cd1ade3669f42ea,1
utom/sketch-measure,contributors,https://oss.open-digger.cn/github/utom/sketch-measure/contributors.json,200,,328,2a7e36d35090013a6a9c00ba021b0dde17f9bbdaaafac125dd91ae36b4ec4466,1
utom/sketch-measure,code_change_lines_sum,https://oss.open-digger.cn/github/utom/sketch-measure/code_change_lines_sum.json,200,,772,b5f9b1dc23914da099022061a153b002df5f97fc7bab4ea4fe50c8ffda3f65c1,1
v2ray/v2ray-core,issue_resolution_duration,https://oss.open-digger.cn/github/v2ray/v2ray-core/issue_resolution_duration.json,200,,17203,8e3f7f58bbe62a0dfdee70b958d9ed49f28ff9d88dafb6ccd466d3ad4defb03a,1
v2ray/v2ray-core,issue_age,https://oss.open-digger.cn/github/v2ray/v2ray-core/issue_age.json,200,,19560,b118c7c6328a334f6032d0a69c81d443d082fd06821a1855d5408551840cecb0,1
v2ray/v2ray-core,issues_new,https://oss.open-digger.cn/github/v2ray/v2ray-core/issues_new.json,200,,2171,4db49f4f7823e6d1eea7c33b4d4a6ffe91cd7f567ec19dbbf2e9dac658b09606,1
v2ray/v2ray-core,contributors,https://oss.open-digger.cn/github/v2ray/v2ray-core/contributors.json,200,,889,0e14c86cb6f2d7bba23925fb956cba9b2fe1e0bd25a6b1b1b042216d3bbf1996,1
v2ray/v2ray-core,code_change_lines_sum,https://oss.open-digger.cn/github/v2ray/v2ray-core/code_change_lines_sum.json,200,,2063,407a2a5823722c6f2f960d8404ff16e6a0af65e8b747eee10227d380557821fb,1
Varying-Vagrant-Vagrants/VVV,issue_resolution_duration,https://oss.open-digger.cn/github/Varying-Vagrant-Vagrants/VVV/issue_resolution_duration.json,200,,16800,b9267c9701501950f11dda226d81b36f28833026ea4b30f478d070540cf6623b,1
Varying-Vagrant-Vagrants/VVV,issue_age,https://oss.open-digger.cn/github/Varying-Vagrant-Vagrants/VVV/issue_age.json,200,,20712,b2b917f98ffbb392ce03f73b90a7f941175ba90f541aa1ebceb2aab14dccb51f,1
Varying-Vagrant-Vagrants/VVV,issues_new,https://oss.open-digger.cn/github/Varying-Vagrant-Vagrants/VVV/issues_new.json,200,,2140,23492bb32a162eaa5f912103f4b868cca762303fecda26eeba3fcc1b79f81c59,1
Varying-Vagrant-Vagrants/VVV,contributors,https://oss.open-digger.cn/github/Varying-Vagrant-Vagrants/VVV/contributors.json,200,,1965,4a788dd66acfa2c7e4aa7981a0fa3e5314a71379a1f606d677c4ab4cc6da44d4,1
Varying-Vagrant-Vagrants/VVV,code_change_lines_sum,https://oss.open-digger.cn/github/Varying-Vagrant-Vagrants/VVV/code_change_lines_sum.json,200,,2372,05f51501182d18db147d436a5409db27a6d0a7a1e6b837b518a76883aae4ae7d,1
vechain/thor,issue_resolution_duration,https://oss.open-digger.cn/github/vechain/thor/issue_resolution_duration.json,200,,8248,875d5cc1d888f7029841d5c10e689f3fd42c661ed67f94c39ca46078ccb16fd5,1
vechain/thor,issue_age,https://oss.open-digger.cn/github/vechain/thor/issue_age.json,200,,14190,62487a15196c2602509bbdf7be74ccf1e7906b66585afa706bbce461d5bd9b89,1
vechain/thor,issues_new,https://oss.open-digger.cn/github/vechain/thor/issues_new.json,200,,1050,d7242dae8dcb8b847bdf9d114c1bfe9db6a175bff1516b37ba0f69879af72648,1
vechain/thor,contributors,https://oss.open-digger.cn/github/vechain/thor/contributors.json,200,,1376,4e72c1aa126a5c7bfd80396914b370ca1b3e720e12d87ef53e0872cc4fe7de13,1
vechain/thor,code_change_lines_sum,https://oss.open-digger.cn/github/vechain/thor/code_change_lines_sum.json,200,,1782,96a61409931b1f5c1e47748950c83467dbc4d55e5a9632c5bee94b454c8b81f8,1
vega/vega,issue_resolution_duration,https://oss.open-digger.cn/github/vega/vega/issue_resolution_duration.json,200,,17128,bdab5c8d241213ce77ea2396f11fac03920d18ee08a175e1467c480dbe4cbb9d,1
vega/vega,issue_age,https://oss.open-digger.cn/github/vega/vega/issue_age.json,200,,20787,d5ec5d41e23dd0b618b7013b322e0f23d90d851a9881f0c940132c7b7fab141b,1
vega/vega,issues_new,https://oss.open-digger.cn/github/vega/vega/issues_new.json,200,,2354,f50c4b56d6c4dfc54ab84fa0e6d12cacb0cfa762528792c7412c28ac0e9bc6ac,1
vega/vega,contributors,https://oss.open-digger.cn/github/vega/vega/contributors.json,200,,2086,38e87072807fe539d55107b3738bfbfec52f27c3929cad2a7257751bf8e96279,1
vega/vega,code_change_lines_sum,https://oss.open-digger.cn/github/vega/vega/code_change_lines_sum.json,200,,2746,bbeac4da9a4f483c1c1d67728abf6adeb1639bc27f96f82e48f46caac5f17e06,1
videojs/video.js,issue_resolution_duration,https://oss.open-digger.cn/github/videojs/video.js/issue_resolution_duration.json,200,,18356,2606dbb0de6a02dc3f4fa9ce461fd7259a6c27b884999b9414910d8796547f4b,1
videojs/video.js,issue_age,https://oss.open-digger.cn/github/videojs/video.js/issue_age.json,200,,20820,097df6a32eeb6fa030e1c14c4bf2171ab34856f2547d0284c66f741b658c2ede,1
videojs/video.js,issues_new,https://oss.open-digger.cn/github/videojs/video.js/issues_new.json,200,,2411,138482b71bf1948f9b75c5433a398f3c1db953bb11875a66d6a2c9e8a62227dd,1
videojs/video.js,contributors,https://oss.open-digger.cn/github/videojs/video.js/contributors.json,200,,2172,fa403af47c7b594cbc8f3c927ac566ec5a9cdbdae3438975b02fbcbb0a36319d,1
videojs/video.js,code_change_lines_sum,https://oss.open-digger.cn/github/videojs/video.js/code_change_lines_sum.json,200,,2783,23f0206c60da812b0ec22c327b23c023977d377157d374ab86cd2274af03f510,1
vim-airline/vim-airline,issue_resolution_duration,https://oss.open-digger.cn/github/vim-airline/vim-airline/issue_resolution_duration.json,200,,18179,a68cb40fbceae1ebe197d270391edf98173dfc4ec9db258ffa7edcef3b68b0cd,1
vim-airline/vim-airline,issue_age,https://oss.open-digger.cn/github/vim-airline/vim-airline/issue_age.json,200,,20977,67bbb529b181df83194044e17a4a89008e9a1240747c61438f90496128f2fb92,1
vim-airline/vim-airline,issues_new,https://oss.open-digger.cn/github/vim-airline/vim-airline/issues_new.json,200,,2312,c8f4f9c41d9e28ea4dec2509c83308c537da745c60287d65d575a8012490c0c1,1
vim-airline/vim-airline,contributors,https://oss.open-digger.cn/github/vim-airline/vim-airline/contributors.json,200,,1796,69737b70af2785a6c970231cfff7205e0904c1f27cfef96b0406d47db0a36366,1
vim-airline/vim-airline,code_change_lines_sum,https://oss.open-digger.cn/github/vim-airline/vim-airline/code_change_lines_sum.json,200,,2149,742c79447fd8e7dc03f375c582e3f40cd1fa45cf6263c984a5082965b5693cea,1
vim/vim,issue_resolution_duration,https://oss.open-digger.cn/github/vim/vim/issue_resolution_duration.json,200,,18279,5b7863785a03307f9bc1ac45f46a5faba6a422689776a456f0855f96e3b121a1,1
vim/vim,issue_age,https://oss.open-digger.cn/github/vim/vim/issue_age.json,200,,20120,d23c2c83f8c22d7d81b0adf03f239d48a4a67e4dcd6b49a898524c0cd7bdc8c3,1
vim/vim,issues_new,https://oss.open-digger.cn/github/vim/vim/issues_new.json,200,,2425,a1ca7b7e4c3abb4760d9481908b2de2eb38c856b4551fbb605ee352366f96660,1
vim/vim,contributors,https://oss.open-digger.cn/github/vim/vim/contributors.json,200,,243,fe81b7e2c3778ee5d387f34c00400b193be21d80ea5e939f11bdf445c77e472d,1
vim/vim,code_change_lines_sum,https://oss.open-digger.cn/github/vim/vim/code_change_lines_sum.json,200,,2851,d745fc43ef15142dbbecc31e119cee87e1763210adafd5399114a57051a86a7e,1
VisActor/VTable,issue_resolution_duration,https://oss.open-digger.cn/github/VisActor/VTable/issue_resolution_duration.json,200,,4953,b0b9484b1a7061808657cc5a1a860dcc866202a01ae41498e223098699466511,1
VisActor/VTable,issue_age,https://oss.open-digger.cn/github/VisActor/VTable/issue_age.json,200,,5094,338449fdcd14f26171c8959f2fba8a7409e389a0e55c83c1c751f694315d38e5,1
VisActor/VTable,issues_new,https://oss.open-digger.cn/github/VisActor/VTable/issues_new.json,200,,723,08225447b5491aca864d362ac85487fb77cd4e36132b35c7518ec7d6225e2985,1
VisActor/VTable,contributors,https://oss.open-digger.cn/github/VisActor/VTable/contributors.json,200,,674,f6b423c61ee382b389d4de210e4669ab436ea3dcff835cc254576d8082ff80b5,1
VisActor/VTable,code_change_lines_sum,https://oss.open-digger.cn/github/VisActor/VTable/code_change_lines_sum.json,200,,906,90c637d9d3aee9d4455aac07151e0b3f47a4f6fec3129a8008396cdf1589b496,1
vitalets/github-trending-repos,issue_resolution_duration,https://oss.open-digger.cn/github/vitalets/github-trending-repos/issue_resolution_duration.json,200,,5496,594592d1d1be4395e0daad389598f62fd77e64469bee812f45d11ef284fe498b,1
vitalets/github-trending-repos,issue_age,https://oss.open-digger.cn/github/vitalets/github-trending-repos/issue_age.json,200,,15449,0d1914368c90783f76349fcaf53a19a84ecdb1ebed691bddcbcb1cb2b7b37dc4,1
vitalets/github-trending-repos,issues_new,https://oss.open-digger.cn/github/vitalets/github-trending-repos/issues_new.json,200,,753,ef3309779cd922e9f47dd15db5f712642e2f5203b67c1e3aca99ba9edcd16b91,1
vitalets/github-trending-repos,contributors,https://oss.open-digger.cn/github/vitalets/github-trending-repos/contributors.json,200,,33,02ae7c9200ef99a53e6b079b22f0f2a90d8035b815a21c82bb3339c2716565d3,1
vitalets/github-trending-repos,code_change_lines_sum,https://oss.open-digger.cn/github/vitalets/github-trending-repos/code_change_lines_sum.json,200,,85,358d8c83e2678d51532062cbe7cbaceb8f3aa8845692a2ddd9f28d91864d55f1,1
vllm-project/vllm,issue_resolution_duration,https://oss.open-digger.cn/github/vllm-project/vllm/issue_resolution_duration.json,200,,5367,54f029a9f5bdb6ba770d0289e78fa730f7c57a2fa42d9a5af126325a602a5622,1
vllm-project/vllm,issue_age,https://oss.open-digger.cn/github/vllm-project/vllm/issue_age.json,200,,5203,8fff10addee8874aa7ade47cd51039e894a8fb4d3c4f87841d239f7771105b61,1
vllm-project/vllm,issues_new,https://oss.open-digger.cn/github/vllm-project/vllm/issues_new.json,200,,786,545a83f165f17e1c4a1deb565ade6a2908528ab483e7a51300ea85e68e557e36,1
vllm-project/vllm,contributors,https://oss.open-digger.cn/github/vllm-project/vllm/contributors.json,200,,738,6be1eb13c99ee44edd372425eef6031ca304537d4e5b00e820fa27a1a95cbcff,1
vllm-project/vllm,code_change_lines_sum,https://oss.open-digger.cn/github/vllm-project/vllm/code_change_lines_sum.json,200,,911,932d84c43c47ad001a3a1dd41c580f5ff79c3693d27d5768b62a62b8940b59fe,1
voidint/g,issue_resolution_duration,https://oss.open-digger.cn/github/voidint/g/issue_resolution_duration.json,200,,7838,76e29a2154d0ae1bf0810f245b7d3f9c08e40da81ca5896fe4b9f79765ddb177,1
voidint/g,issue_age,https://oss.open-digger.cn/github/voidint/g/issue_age.json,200,,12555,d6b48550060fe7a71479a1e0f75bd282728ba4ecb86b2792a150753baafa74a4,1
voidint/g,issues_new,https://oss.open-digger.cn/github/voidint/g/issues_new.json,200,,1038,08e7af04bbdf09dcac81b2373e516f12a30ff45dc68e4f9d476d090dad8ba1ef,1
voidint/g,contributors,https://oss.open-digger.cn/github/voidint/g/contributors.json,200,,436,bce2d1e4d332616c62a26d0398aa6ac5aa635d592703d3e31e89da8d5e505474,1
voidint/g,code_change_lines_sum,https://oss.open-digger.cn/github/voidint/g/code_change_lines_sum.json,200,,592,c570a68d23d19306953937c0f8d4279dbdcdf8231e3f2bab3fa03d5a4db46870,1
vueComponent/ant-design-vue,issue_resolution_duration,https://oss.open-digger.cn/github/vueComponent/ant-design-vue/issue_resolution_duration.json,200,,13592,7a8200b693c82e5e9a4fe918b6913af9d0c54fef22a0289957724222ddb9907b,1
vueComponent/ant-design-vue,issue_age,https://oss.open-digger.cn/github/vueComponent/ant-design-vue/issue_age.json,200,,14791,bf8db73b6a14805a5044c8fdb2631b1379e4b236d077b6074625b7035b000995,1
vueComponent/ant-design-vue,issues_new,https://oss.open-digger.cn/github/vueComponent/ant-design-vue/issues_new.json,200,,1814,13c813bad6e0837c455588164a963c9ff79ea104cc117c21d1b8fcbe24bdba25,1
vueComponent/ant-design-vue,contributors,https://oss.open-digger.cn/github/vueComponent/ant-design-vue/contributors.json,200,,1514,3f1be28de84d77d15fe984a5f73b045a24e25bc433fe6df6d8dc5b03392535b2,1
vueComponent/ant-design-vue,code_change_lines_sum,https://oss.open-digger.cn/github/vueComponent/ant-design-vue/code_change_lines_sum.json,200,,2039,b91067a4caef8233a36ccaac9962ddf75f30a1cd001d1434893aede58023b77b,1
vuejs/core,issue_resolution_duration,https://oss.open-digger.cn/github/vuejs/core/issue_resolution_duration.json,200,,11196,9a9185a5b0f75f476c5bc1845ed9ad884281b777939c4193a1bebe857d5d06d7,1
vuejs/core,issue_age,https://oss.open-digger.cn/github/vuejs/core/issue_age.json,200,,11395,e7de5b4f220f091db4315b180e358943c26cc3eb2dbed839b96a004e08741483,1
vuejs/core,issues_new,https://oss.open-digger.cn/github/vuejs/core/issues_new.json,200,,1530,24ab5983f4aecba8914a86291b31352f27bcef246441f62e158887493b577e14,1
vuejs/core,contributors,https://oss.open-digger.cn/github/vuejs/core/contributors.json,200,,1420,f711a34d6e649b1de5bca915febecc209a1130fd70a793b1adb5e82d92abd7b5,1
vuejs/core,code_change_lines_sum,https://oss.open-digger.cn/github/vuejs/core/code_change_lines_sum.json,200,,1776,5568cc26121cc8f38e6bb23ada071cedc4b487a6eaa2669bb67ecd003a026a00,1
vuejs/pinia,issue_resolution_duration,https://oss.open-digger.cn/github/vuejs/pinia/issue_resolution_duration.json,200,,10023,a4450268e44158ae83e46a3dbed4a9590dc2fdd8464b6ec51381fdde40d114c4,1
vuejs/pinia,issue_age,https://oss.open-digger.cn/github/vuejs/pinia/issue_age.json,200,,11554,4afe7aaaf55bd76d98391fef7c8f49011d89f5ca6d368af0c498e6e9b43c0434,1
vuejs/pinia,issues_new,https://oss.open-digger.cn/github/vuejs/pinia/issues_new.json,200,,1307,afb0510e1c740805a36325b15f72e2f497cad8b55cd61da66aa9c4e13f60eb59,1
vuejs/pinia,contributors,https://oss.open-digger.cn/github/vuejs/pinia/contributors.json,200,,1290,cc2f19c87c1d89cdf1d795163710e75be1ce32a84d2844cc333e9566af9d9d48,1
vuejs/pinia,code_change_lines_sum,https://oss.open-digger.cn/github/vuejs/pinia/code_change_lines_sum.json,200,,1538,06b05c1d3f44afc803abc38e868beb31e86852f72ffb9b7cc98758ad0b5b4646,1
vuejs/router,issue_resolution_duration,https://oss.open-digger.cn/github/vuejs/router/issue_resolution_duration.json,200,,9829,d80415fd5a6a0c57d7799666d133a82b901e0596ae6fcc542824380508217c23,1
vuejs/router,issue_age,https://oss.open-digger.cn/github/vuejs/router/issue_age.json,200,,11000,e0c3d6cf9298e5365da645b02985895780724a57cfecb882c07c1bfda8faf737,1
vuejs/router,issues_new,https://oss.open-digger.cn/github/vuejs/router/issues_new.json,200,,1301,d63488424a63178961293b612c2c28c1b8082b61b3614311d90faaee63726a76,1
vuejs/router,contributors,https://oss.open-digger.cn/github/vuejs/router/contributors.json,200,,1156,1c41e508959891a4d3de1a8e817d66e813bc729c6fec6b010592c8508a60c236,1
vuejs/router,code_change_lines_sum,https://oss.open-digger.cn/github/vuejs/router/code_change_lines_sum.json,200,,1401,d265a53ece35d429f71807cd898a7207ae973a92c5a47b6d8f86e2b92ecba7ac,1
vuejs/vue,issue_resolution_duration,https://oss.open-digger.cn/github/vuejs/vue/issue_resolution_duration.json,200,,15977,23a15edaa7634f166156f57c21370339968ef313a75b8a8f8bc17a429ac56113,1
vuejs/vue,issue_age,https://oss.open-digger.cn/github/vuejs/vue/issue_age.json,200,,20574,11eb6757e9ada3bc0be00c4a7ab7238f88d5f004dff24f8b0e89a974819f7322,1
vuejs/vue,issues_new,https://oss.open-digger.cn/github/vuejs/vue/issues_new.json,200,,2219,440cc2e1ee4a1289d53fbdb3e6c16beb1c85d48eee90c0fa35d4b7f4784fc21a,1
vuejs/vue,contributors,https://oss.open-digger.cn/github/vuejs/vue/contributors.json,200,,1711,e869439d0b32e01252e868910f2f5c13e95d9b9652ac1f3397929f05b1cb84fa,1
vuejs/vue,code_change_lines_sum,https://oss.open-digger.cn/github/vuejs/vue/code_change_lines_sum.json,200,,2856,561a3b5647913a83ef16c7c62e517030c4bec7b267c2bfc862ec92111751ae46,1
vysheng/tg,issue_resolution_duration,https://oss.open-digger.cn/github/vysheng/tg/issue_resolution_duration.json,200,,10554,d24b975bf3d60aff289358d81d36e74253c72e7c15c41ecc213ec77eb253bc73,1
vysheng/tg,issue_age,https://oss.open-digger.cn/github/vysheng/tg/issue_age.json,200,,21070,db4f4c389132dd9f6a7cb45dbe20a663e14c3a47c8503de620524e96183da5f5,1
vysheng/tg,issues_new,https://oss.open-digger.cn/github/vysheng/tg/issues_new.json,200,,2072,ff262acdc41017308325b02ba3835222cc74395e1c331e23405be7e6bd52d212,1
vysheng/tg,contributors,https://oss.open-digger.cn/github/vysheng/tg/contributors.json,200,,185,275cd77acc3ef940db525936395cc8c033196082983f9a97f7da739fc4b142f4,1
vysheng/tg,code_change_lines_sum,https://oss.open-digger.cn/github/vysheng/tg/code_change_lines_sum.json,200,,1243,c8ac0fbeb43448085f40a9f692e7f5f8b09df83b2d86553a16773135e8290f16,1
wandb/wandb,issue_resolution_duration,https://oss.open-digger.cn/github/wandb/wandb/issue_resolution_duration.json,200,,15362,1b66ca1d5c07f9655cc86af5772384b98719a3e21f9459cb08191fd7f04479c4,1
wandb/wandb,issue_age,https://oss.open-digger.cn/github/wandb/wandb/issue_age.json,200,,16325,65504c28a0273c2ee4838974927c90d73d22eed83e4c3df84528a521534033b9,1
wandb/wandb,issues_new,https://oss.open-digger.cn/github/wandb/wandb/issues_new.json,200,,1943,6af6f9c75613c51d1c1a69f2ac6ae3ceaaa2e404201757f8595535d844c1be97,1
wandb/wandb,contributors,https://oss.open-digger.cn/github/wandb/wandb/contributors.json,200,,1922,12d01f7cd910aab5f6321811a70d2e622b549a20958c69769fc8217603dcb45d,1
wandb/wandb,code_change_lines_sum,https://oss.open-digger.cn/github/wandb/wandb/code_change_lines_sum.json,200,,2380,8e7bc375fb71f34c0813ab6df9e6c33851e84d8af8aed803e25addf2b43d8f11,1
wanghongenpin/proxypin,issue_resolution_duration,https://oss.open-digger.cn/github/wanghongenpin/proxypin/issue_resolution_duration.json,200,,4678,5270e132977b9527653ca162f94c683e2375b3dd386f842ba4f98142d6b36168,1
wanghongenpin/proxypin,issue_age,https://oss.open-digger.cn/github/wanghongenpin/proxypin/issue_age.json,200,,4998,609a88e5e8ad24f8a27856e50e34ce6f681c3b34269140c14f9f2bd892bd8cb1,1
wanghongenpin/proxypin,issues_new,https://oss.open-digger.cn/github/wanghongenpin/proxypin/issues_new.json,200,,666,0b7ffe1afc961762d59ff3b0eb4edfd77ceb7ddfedca22233aeae7915ffc3a7c,1
wanghongenpin/proxypin,contributors,https://oss.open-digger.cn/github/wanghongenpin/proxypin/contributors.json,200,,105,915823df4c92fea3c80f04aa6eae32dd9b1277167e2947f5df8a7c36539e9b5e,1
wanghongenpin/proxypin,code_change_lines_sum,https://oss.open-digger.cn/github/wanghongenpin/proxypin/code_change_lines_sum.json,200,,294,a69dc62abafe3f6eadbbbcabe26a7f98998c31adbc18a726eafd874ce331398e,1
web-infra-dev/rsbuild,issue_resolution_duration,https://oss.open-digger.cn/github/web-infra-dev/rsbuild/issue_resolution_duration.json,200,,4466,1313c752c9a4a8fc272571715d34e89c371ab0df10f5d187d2a16d76ec4b9099,1
web-infra-dev/rsbuild,issue_age,https://oss.open-digger.cn/github/web-infra-dev/rsbuild/issue_age.json,200,,4463,ad6fa082355cb5188696a3d87bf44a74a4f7ad062908b5fc21bcd12b2cc9640a,1
web-infra-dev/rsbuild,issues_new,https://oss.open-digger.cn/github/web-infra-dev/rsbuild/issues_new.json,200,,560,52de4f4120f2f16e1604478e8a48a6282fa8ba13574de258f21ddc9c6810a648,1
web-infra-dev/rsbuild,contributors,https://oss.open-digger.cn/github/web-infra-dev/rsbuild/contributors.json,200,,584,5f56105bee7dc4b5743e4e85c68fc50e69713145785c674ae50b66b9b8099e5c,1
web-infra-dev/rsbuild,code_change_lines_sum,https://oss.open-digger.cn/github/web-infra-dev/rsbuild/code_change_lines_sum.json,200,,732,7e764a98bbb231762e239e4218fc51859e7ff4b336040f2cbe5fd2c17af19b70,1
WeBankFinTech/fes.js,issue_resolution_duration,https://oss.open-digger.cn/github/WeBankFinTech/fes.js/issue_resolution_duration.json,200,,5033,52a6af45944f383f347f7e0697009bec5d0061108bca384a5bc4958c3f944ae9,1
WeBankFinTech/fes.js,issue_age,https://oss.open-digger.cn/github/WeBankFinTech/fes.js/issue_age.json,200,,10097,1875ad933044c4e6a063c47e089cbee043c2549cbc86cf29f4de294cade11e07,1
WeBankFinTech/fes.js,issues_new,https://oss.open-digger.cn/github/WeBankFinTech/fes.js/issues_new.json,200,,738,dcd7544607325097110141e395b3209cb1ca66fbb2c3a199695d4701beef6326,1
WeBankFinTech/fes.js,contributors,https://oss.open-digger.cn/github/WeBankFinTech/fes.js/contributors.json,200,,762,3b0f40461830376f7070ac0c15a2f235507735dc6ea256f224158ee17fb14056,1
WeBankFinTech/fes.js,code_change_lines_sum,https://oss.open-digger.cn/github/WeBankFinTech/fes.js/code_change_lines_sum.json,200,,951,34780bed2dc40efa81bc0b37d6490acefd6f9363b1840f19bebfa9502975c44d,1
webpack/webpack,issue_resolution_duration,https://oss.open-digger.cn/github/webpack/webpack/issue_resolution_duration.json,200,,19380,1357bed13638413690b5fbb5498c1b14f6f6d9abf4a2602d5e5bfd57cc5960ce,1
webpack/webpack,issue_age,https://oss.open-digger.cn/github/webpack/webpack/issue_age.json,200,,20969,07f88c287c0ca2637fa824dcb4071e52a89bcba4151f430f4b704502c2b24f4b,1
webpack/webpack,issues_new,https://oss.open-digger.cn/github/webpack/webpack/issues_new.json,200,,2556,0f42988d69a89e9f0380a546687af8f899ae13f76e092f3b636b4eae57859c0a,1
webpack/webpack,contributors,https://oss.open-digger.cn/github/webpack/webpack/contributors.json,200,,2364,682c657683a68915e6da9631a3f0e1ba0486cabcfc7e6589965c71b5a643e996,1
webpack/webpack,code_change_lines_sum,https://oss.open-digger.cn/github/webpack/webpack/code_change_lines_sum.json,200,,2992,a2f985adcb7a3a31950301ec09f0527c3eacab155b75532ea285e000867b05e1,1
websockets/ws,issue_resolution_duration,https://oss.open-digger.cn/github/websockets/ws/issue_resolution_duration.json,200,,17440,c960d7d72f598d32648e91f9efccebca74aebc41a3ccb0aa7c3b25f0a2768d44,1
websockets/ws,issue_age,https://oss.open-digger.cn/github/websockets/ws/issue_age.json,200,,20791,170220d150ab8606d1efc8fe0a1584ae6313a61a9db79176f7c46e6d3960b7ab,1
websockets/ws,issues_new,https://oss.open-digger.cn/github/websockets/ws/issues_new.json,200,,2312,049e105ebe70d1cdb40c40ec84d8274ce908a0cdacf767b9552b99e5b17cb978,1
websockets/ws,contributors,https://oss.open-digger.cn/github/websockets/ws/contributors.json,200,,1614,a2ec05daaefde04d6b55dc438102f66b66cd51ecd3a3fd3239ccb3bbea789d56,1
websockets/ws,code_change_lines_sum,https://oss.open-digger.cn/github/websockets/ws/code_change_lines_sum.json,200,,2212,cf98139b90e8cad3a544c8a3f5fcf3dcb01f75abd99e482a910d2154ed6ef6c3,1
wekan/wekan,issue_resolution_duration,https://oss.open-digger.cn/github/wekan/wekan/issue_resolution_duration.json,200,,19563,bf2ff23b5c66a654c66cebae565217e3daca7d97609c6b826541c6b0f542634f,1
wekan/wekan,issue_age,https://oss.open-digger.cn/github/wekan/wekan/issue_age.json,200,,20871,71aa115f3b0ee903549dd85d0ae049a49f59997050631ae2d50e971b375840e3,1
wekan/wekan,issues_new,https://oss.open-digger.cn/github/wekan/wekan/issues_new.json,200,,2488,8d555339b02e212037b5ac6076dc464729f3956dda788248051a8851c976e6b5,1
wekan/wekan,contributors,https://oss.open-digger.cn/github/wekan/wekan/contributors.json,200,,2116,6eb684f3b3694eda628e3929c18542dab6728da7e0034e8963dd6663a8a0d2e7,1
wekan/wekan,code_change_lines_sum,https://oss.open-digger.cn/github/wekan/wekan/code_change_lines_sum.json,200,,2730,bce7cb0394639ef0ee4ef66d7bb52508844848a97f58140d386ae4ed4e6e4d33,1
wenzhixin/bootstrap-table,issue_resolution_duration,https://oss.open-digger.cn/github/wenzhixin/bootstrap-table/issue_resolution_duration.json,200,,18940,32d41f936390018580f0a9b7d5a0e0463c2b712b2c5777575ab5dc04a4d49455,1
wenzhixin/bootstrap-table,issue_age,https://oss.open-digger.cn/github/wenzhixin/bootstrap-table/issue_age.json,200,,20678,42335f5969bbabfd5c56000bb1c019796a9e8283bd452d6b64f869bb56dde845,1
wenzhixin/bootstrap-table,issues_new,https://oss.open-digger.cn/github/wenzhixin/bootstrap-table/issues_new.json,200,,2422,4e8748d6ebb269c61f8a09b44deb8d0ae70383f53735b0ace0a304071525340c,1
wenzhixin/bootstrap-table,contributors,https://oss.open-digger.cn/github/wenzhixin/bootstrap-table/contributors.json,200,,2209,535ddf5ff9712ac7bbdfc1708ad9a0b8af95c80a3427a70a8d24a2ac8da01d41,1
wenzhixin/bootstrap-table,code_change_lines_sum,https://oss.open-digger.cn/github/wenzhixin/bootstrap-table/code_change_lines_sum.json,200,,2805,1fd1bd2082af7fb7996dec18061f20fe5b0738bbffb684463b727cbc71e2550a,1
winstonjs/winston,issue_resolution_duration,https://oss.open-digger.cn/github/winstonjs/winston/issue_resolution_duration.json,200,,16589,70165bcdc7275a2cdb065d9e51edc0d90bd06c982cff15ef785f168c9ad600cd,1
winstonjs/winston,issue_age,https://oss.open-digger.cn/github/winstonjs/winston/issue_age.json,200,,20828,55a15e680a70cecbb6bcc84eb95c9d9a26b4e7946cdf053dcf050b0aea732e2e,1
winstonjs/winston,issues_new,https://oss.open-digger.cn/github/winstonjs/winston/issues_new.json,200,,2172,aec99011a9366bc00042c0c493c73c52183d84ad0830386af1409c37dc28bb38,1
winstonjs/winston,contributors,https://oss.open-digger.cn/github/winstonjs/winston/contributors.json,200,,1633,4582cea3a3a920ab55ae1a5d24cfd5e0048c628d6cffdd2bc2bb4cfc96f825f1,1
winstonjs/winston,code_change_lines_sum,https://oss.open-digger.cn/github/winstonjs/winston/code_change_lines_sum.json,200,,2534,2c9f1a31b84f72173cd79ceecc598ac0328c955c82cb4833c9a13aa6062f247e,1
woutdp/live_svelte,issue_resolution_duration,https://oss.open-digger.cn/github/woutdp/live_svelte/issue_resolution_duration.json,200,,3961,2f19bb1047c4368af06555e506a37c9fb4a429b1b2d4b3b12a53b2afe69f3da5,1
woutdp/live_svelte,issue_age,https://oss.open-digger.cn/github/woutdp/live_svelte/issue_age.json,200,,5593,05bcac061e0909d04ca3473594420deddd9451bae12a2a556269b9a2fb4f95a5,1
woutdp/live_svelte,issues_new,https://oss.open-digger.cn/github/woutdp/live_svelte/issues_new.json,200,,597,60d80e0e1cdd52ad0fa1f7e4e7560b002268053625857cbb92b3da31463767fa,1
woutdp/live_svelte,contributors,https://oss.open-digger.cn/github/woutdp/live_svelte/contributors.json,200,,367,003689a0f27b3291bbe45c9e9028e600eb34173a022e0c347b15e2ec98d5d24e,1
woutdp/live_svelte,code_change_lines_sum,https://oss.open-digger.cn/github/woutdp/live_svelte/code_change_lines_sum.json,200,,428,b38fd66629773d6d820c1a153674bdeafe1cc5a25cfb397e50a8cb5b4475ecd5,1
Wox-launcher/Wox,issue_resolution_duration,https://oss.open-digger.cn/github/Wox-launcher/Wox/issue_resolution_duration.json,200,,19934,312cbe7fecbb722c2fc7d1c8e83f60c4dcdbdc14ba3d40bad0f932af165ece9c,1
Wox-launcher/Wox,issue_age,https://oss.open-digger.cn/github/Wox-launcher/Wox/issue_age.json,200,,20846,635f295e3401adeeebb1af34745fd6c42e2207eec729befabbb067666da2c561,1
Wox-launcher/Wox,issues_new,https://oss.open-digger.cn/github/Wox-launcher/Wox/issues_new.json,200,,2480,e69ee3c46e04531f7d74d339d00f814926984b73c30c7d25ec96838686112422,1
Wox-launcher/Wox,contributors,https://oss.open-digger.cn/github/Wox-launcher/Wox/contributors.json,200,,1316,3227f7faa773fe6c77d18e398b13b226c019f10632da91aec50380ad45527a52,1
Wox-launcher/Wox,code_change_lines_sum,https://oss.open-digger.cn/github/Wox-launcher/Wox/code_change_lines_sum.json,200,,1802,c28aca886217918b1724554717a8b986d938ed20692e4575912bb35738790ba3,1
wp-cli/wp-cli,issue_resolution_duration,https://oss.open-digger.cn/github/wp-cli/wp-cli/issue_resolution_duration.json,200,,18653,378b60cfd4950b4b68767fe533d4ab7bdde11e2493b33d52bd7639855ef89368,1
wp-cli/wp-cli,issue_age,https://oss.open-digger.cn/github/wp-cli/wp-cli/issue_age.json,200,,20454,ea7a20bf4ad77ee01ee7ef3830d9f7c8841e880b1b670f2ff1831df17413866f,1
wp-cli/wp-cli,issues_new,https://oss.open-digger.cn/github/wp-cli/wp-cli/issues_new.json,200,,2354,5add91c22b9c30ba73455dffbb8c8ae686def0f8ec595d9c935372c908de6913,1
wp-cli/wp-cli,contributors,https://oss.open-digger.cn/github/wp-cli/wp-cli/contributors.json,200,,2120,5d44b19871bfc05f01d871b17cc7933a580952732466251163a71a8b41da5dff,1
wp-cli/wp-cli,code_change_lines_sum,https://oss.open-digger.cn/github/wp-cli/wp-cli/code_change_lines_sum.json,200,,2638,723cca499c871cc2ffea026adc85f9c0666d57a5ecb209d9abf305758266a896,1
x-extends/vxe-table,issue_resolution_duration,https://oss.open-digger.cn/github/x-extends/vxe-table/issue_resolution_duration.json,200,,11227,7b861daf035955dc196a2496bbe4b04c48c59f36f3668a50b375124eef7ae4c1,1
x-extends/vxe-table,issue_age,https://oss.open-digger.cn/github/x-extends/vxe-table/issue_age.json,200,,12748,3d8389bfacbd8e33481dacd537243e918f9351cf2acd58708232894a60e0986d,1
x-extends/vxe-table,issues_new,https://oss.open-digger.cn/github/x-extends/vxe-table/issues_new.json,200,,1586,81596bb0577f1c12ddc4cd46c513d1220ae129777af8cd0f18a9482627fbc1fe,1
x-extends/vxe-table,contributors,https://oss.open-digger.cn/github/x-extends/vxe-table/contributors.json,200,,742,90e2a5c45ca4d23a4f801e20dca3d5908b11add16f3d4ca09ba9b0c35e5d4698,1
x-extends/vxe-table,code_change_lines_sum,https://oss.open-digger.cn/github/x-extends/vxe-table/code_change_lines_sum.json,200,,1101,9d6d936fae52299052c19eadc4713d8763a29651ffaa638715c177060fa976b6,1
x-extends/xe-utils,issue_resolution_duration,https://oss.open-digger.cn/github/x-extends/xe-utils/issue_resolution_duration.json,200,,5068,e3af5415a292b4b601c0cb58fe03e957b5cfd57b5a4a7fdbbf309fb3f5dc167b,1
x-extends/xe-utils,issue_age,https://oss.open-digger.cn/github/x-extends/xe-utils/issue_age.json,200,,12171,69c409fc62b57e9e20bc127b6173efc2642d149d64d3c45c396142956af2b3b4,1
x-extends/xe-utils,issues_new,https://oss.open-digger.cn/github/x-extends/xe-utils/issues_new.json,200,,936,4bce1a8232141ff1d09ea7a79070b9eac55a078d194855cb2b3e5676f47fcb1e,1
x-extends/xe-utils,contributors,https://oss.open-digger.cn/github/x-extends/xe-utils/contributors.json,200,,198,bbdbb14d6f0a311f53e1ba51ebe6b61ecc2d18f6b8d5db0dd967d7e005be9437,1
x-extends/xe-utils,code_change_lines_sum,https://oss.open-digger.cn/github/x-extends/xe-utils/code_change_lines_sum.json,200,,140,7d081722696dca72c65f8820cb0d1b9f0439d39d4929e13413b654f821038f7f,1
xbmc/xbmc,issue_resolution_duration,https://oss.open-digger.cn/github/xbmc/xbmc/issue_resolution_duration.json,200,,14262,42707dca3729a2de4620e33e6267b9fecc6ba378a1aaebbaac9ae0d998b5667d,1
xbmc/xbmc,issue_age,https://oss.open-digger.cn/github/xbmc/xbmc/issue_age.json,200,,13954,bdf24efadd5a7f1b72f051e72c778bf9439e0309c4da1c4df2b23915ae203706,1
xbmc/xbmc,issues_new,https://oss.open-digger.cn/github/xbmc/xbmc/issues_new.json,200,,1879,3aca542124113c8eedc81c7d782ab112fbd889de7f79145d3b1771fe296cffda,1
xbmc/xbmc,contributors,https://oss.open-digger.cn/github/xbmc/xbmc/contributors.json,200,,2510,2757faa6297c35f7dcb0e88775de5e25ea7e0d6ade86c7170aae6e49167399a9,1
xbmc/xbmc,code_change_lines_sum,https://oss.open-digger.cn/github/xbmc/xbmc/code_change_lines_sum.json,200,,3101,fd3c367d487f93e0fcc7037454bcf3a0f71d91ef8be5654b533927a3b7d0696d,1
xiangechen/chili3d,issue_resolution_duration,https://oss.open-digger.cn/github/xiangechen/chili3d/issue_resolution_duration.json,200,,1735,43b1f2321d8abf11e9533a781a09438a7d279b1fdbc1a673c4623011b12a4593,1
xiangechen/chili3d,issue_age,https://oss.open-digger.cn/github/xiangechen/chili3d/issue_age.json,200,,5111,55b2f7fc4d20800cdf22c739f4d0e421a4286a458e0c709e52b8650832ea56a1,1
xiangechen/chili3d,issues_new,https://oss.open-digger.cn/github/xiangechen/chili3d/issues_new.json,200,,371,b58bac38220be2b6a8a88ca8e4e652cbe137c97a9c92e3a6effe8b6faffcb637,1
xiangechen/chili3d,contributors,https://oss.open-digger.cn/github/xiangechen/chili3d/contributors.json,200,,123,c85dcd7c6b9d503b5756d6c4f6df9787c519838285e31d7d185a8ae54315082d,1
xiangechen/chili3d,code_change_lines_sum,https://oss.open-digger.cn/github/xiangechen/chili3d/code_change_lines_sum.json,200,,245,698990369a84d97e0b4497842a0c974bea3edb650909039839c5755addf77385,1
XmirrorSecurity/OpenSCA-cli,issue_resolution_duration,https://oss.open-digger.cn/github/XmirrorSecurity/OpenSCA-cli/issue_resolution_duration.json,200,,4169,913e442551c5c5c23d118e9b003e182bd0ec7ee84a799b3c327d284870dab77f,1
XmirrorSecurity/OpenSCA-cli,issue_age,https://oss.open-digger.cn/github/XmirrorSecurity/OpenSCA-cli/issue_age.json,200,,6884,2979c2f06dbaf7143ed31a98930b260091d7a803227b53ebb635a429f4850703,1
XmirrorSecurity/OpenSCA-cli,issues_new,https://oss.open-digger.cn/github/XmirrorSecurity/OpenSCA-cli/issues_new.json,200,,545,95992ae00af36b941189282c8ce81ee7f251de8c6e774a4d46c33aec3ae43c6b,1
XmirrorSecurity/OpenSCA-cli,contributors,https://oss.open-digger.cn/github/XmirrorSecurity/OpenSCA-cli/contributors.json,200,,480,0bafc4e38072a6edc9a4499e6d78a1081659d8b36a2045623ac6633fa9bc4980,1
XmirrorSecurity/OpenSCA-cli,code_change_lines_sum,https://oss.open-digger.cn/github/XmirrorSecurity/OpenSCA-cli/code_change_lines_sum.json,200,,584,03529589791422cb592507d94503010a28187de073f95902bf09b2e45282c65e,1
xpyjs/gantt,issue_resolution_duration,https://oss.open-digger.cn/github/xpyjs/gantt/issue_resolution_duration.json,200,,5598,57f4ea13efe78320f331ecd498dc160bb7afef8c4d12a197e81efa078a848630,1
xpyjs/gantt,issue_age,https://oss.open-digger.cn/github/xpyjs/gantt/issue_age.json,200,,7586,5c43f681db0b67e4bb59594c555b45d276c3df5b7e75b69bb9f3ef1fccec3162,1
xpyjs/gantt,issues_new,https://oss.open-digger.cn/github/xpyjs/gantt/issues_new.json,200,,701,b03e2f0436bc720986ca90a8d643d58b2cd86d0108eeede225667526110e5666,1
xpyjs/gantt,contributors,https://oss.open-digger.cn/github/xpyjs/gantt/contributors.json,200,,33,8bffb055ad7ad961a786c376e743562d999736e8f61a392b1083566071e47a9c,1
xpyjs/gantt,code_change_lines_sum,https://oss.open-digger.cn/github/xpyjs/gantt/code_change_lines_sum.json,200,,64,90606f1577354b85068c1f93ab19017ffafc590ffea21c8711c9c003cc1b9e8e,1
XRPLF/rippled,issue_resolution_duration,https://oss.open-digger.cn/github/XRPLF/rippled/issue_resolution_duration.json,200,,17385,30669ecb322551a99682fdeec236ad953994ba4512dd634b54892493bf4d89e2,1
XRPLF/rippled,issue_age,https://oss.open-digger.cn/github/XRPLF/rippled/issue_age.json,200,,19575,46b6a3f65cec42e51a256f017ae701871ce57e2702e620c2bb95619ed30d76d6,1
XRPLF/rippled,issues_new,https://oss.open-digger.cn/github/XRPLF/rippled/issues_new.json,200,,2256,a44d3ca7bb88e9752e9d2b033cb21ea0db17e1baaf691d36ff8f00726715d4f7,1
XRPLF/rippled,contributors,https://oss.open-digger.cn/github/XRPLF/rippled/contributors.json,200,,2316,7718408d08f03bb4a96da22788aad5c5b74a41c638b035c2d9804a1d0b5cf1c2,1
XRPLF/rippled,code_change_lines_sum,https://oss.open-digger.cn/github/XRPLF/rippled/code_change_lines_sum.json,200,,3128,8921500a20092215c17f13813f8c435c14dd3d40224011e142eae3e99ac50ab3,1
xushengfeng/eSearch,issue_resolution_duration,https://oss.open-digger.cn/github/xushengfeng/eSearch/issue_resolution_duration.json,200,,6179,d374ac74882d384b0382a9113be9d7026ddc698b99e8bc6ec7542f61b315df63,1
xushengfeng/eSearch,issue_age,https://oss.open-digger.cn/github/xushengfeng/eSearch/issue_age.json,200,,6731,c7cd6fff45bfc62b80f62b8187ada8fc4f6e71cdeebf1e815d4d34d919a8e4eb,1
xushengfeng/eSearch,issues_new,https://oss.open-digger.cn/github/xushengfeng/eSearch/issues_new.json,200,,816,74652f3f70ffaa69f08eb6687e89d418536e92acd83e68db1e86abe23f3bc784,1
xushengfeng/eSearch,contributors,https://oss.open-digger.cn/github/xushengfeng/eSearch/contributors.json,200,,109,0779af99a00a873fe1afac3f57cbd5027040dcc679953092a596043f89c6aeec,1
xushengfeng/eSearch,code_change_lines_sum,https://oss.open-digger.cn/github/xushengfeng/eSearch/code_change_lines_sum.json,200,,199,99b0179ffdd78c224963910aa5870166b53fe410cfec961645e34b75a101dd60,1
xuxueli/xxl-job,issue_resolution_duration,https://oss.open-digger.cn/github/xuxueli/xxl-job/issue_resolution_duration.json,200,,16907,dae03226e291b993688fa72ac10e18dc0a1182a7d09a2de3902ab84c84f5a76b,1
xuxueli/xxl-job,issue_age,https://oss.open-digger.cn/github/xuxueli/xxl-job/issue_age.json,200,,18664,589deca9466028ab184e001978037628a4553a515aaa075e174f68cf3553f1f5,1
xuxueli/xxl-job,issues_new,https://oss.open-digger.cn/github/xuxueli/xxl-job/issues_new.json,200,,2168,cc32e8bc853d8b0f48559dfa9be83eaaf6811f8b931954b8ef089f08c0251b5f,1
xuxueli/xxl-job,contributors,https://oss.open-digger.cn/github/xuxueli/xxl-job/contributors.json,200,,831,a0c3b56fc97a7d0e87ddb85b2928c8e2d5c9e913b48d8323790382e1b987f5cb,1
xuxueli/xxl-job,code_change_lines_sum,https://oss.open-digger.cn/github/xuxueli/xxl-job/code_change_lines_sum.json,200,,2249,16717c3c5f307633d9db27c44925c7016423c2c9bca6ea54806d75aa80c78780,1
XX-net/XX-Net,issue_resolution_duration,https://oss.open-digger.cn/github/XX-net/XX-Net/issue_resolution_duration.json,200,,17337,f5205f41b233702b9b1ceba01724bc09228dd2952b3f49d8e0f819c002dec7e2,1
XX-net/XX-Net,issue_age,https://oss.open-digger.cn/github/XX-net/XX-Net/issue_age.json,200,,20951,927a39d2bb7068bb032ef20572a414b1d5b32b77a495a90d83dfbed2eb8c908c,1
XX-net/XX-Net,issues_new,https://oss.open-digger.cn/github/XX-net/XX-Net/issues_new.json,200,,2489,58043e02749be0c07d4e6740f1cd33ee6647a42307e62b45558d8560a98d2634,1
XX-net/XX-Net,contributors,https://oss.open-digger.cn/github/XX-net/XX-Net/contributors.json,200,,969,fe44dd09e4fb00dd872b2afe09df20387540c2ea27229bfc400f9247e50fd614,1
XX-net/XX-Net,code_change_lines_sum,https://oss.open-digger.cn/github/XX-net/XX-Net/code_change_lines_sum.json,200,,1247,39b27ff7bcc76107c762dfcf2a7970e09146dc806f23149af998c19fcc7b9a30,1
yansongda/pay,issue_resolution_duration,https://oss.open-digger.cn/github/yansongda/pay/issue_resolution_duration.json,200,,13458,765a292a494eea03cde889f8151ad883b066b5936fae0ddecc1c5e3ce52fdb25,1
yansongda/pay,issue_age,https://oss.open-digger.cn/github/yansongda/pay/issue_age.json,200,,15734,46a60120f191e40b679b9bcc78edf88e79947c44313032dca9ed7b4a8cff556b,1
yansongda/pay,issues_new,https://oss.open-digger.cn/github/yansongda/pay/issues_new.json,200,,1752,ddb027a0d4eacd4629a9ea6f41d85bcace8e6e0fd5f67e2e48a35ffe5447d425,1
yansongda/pay,contributors,https://oss.open-digger.cn/github/yansongda/pay/contributors.json,200,,1348,e2284b2e5ba6b30aeab3572a48a35b923f35b851fb830f46c81d2da10ae8912a,1
yansongda/pay,code_change_lines_sum,https://oss.open-digger.cn/github/yansongda/pay/code_change_lines_sum.json,200,,1714,9976da440da9a840428195bfff56164b4e2775725beeac4cdfc4ed3ea3af62ca,1
yiisoft/yii,issue_resolution_duration,https://oss.open-digger.cn/github/yiisoft/yii/issue_resolution_duration.json,200,,14893,1af6b96f47e0d6a5283233fe1a50fdac65c1d4d407e17f598f22c5d06a94bc3e,1
yiisoft/yii,issue_age,https://oss.open-digger.cn/github/yiisoft/yii/issue_age.json,200,,19854,f9c2e2c1d3c8f3fba5e2632a49b15b15acd49f9128c54beff47f577547d0ecee,1
yiisoft/yii,issues_new,https://oss.open-digger.cn/github/yiisoft/yii/issues_new.json,200,,1951,c4fb484e8a5701600d464752637f29243486a5ce379d019c608e16e6151c7348,1
yiisoft/yii,contributors,https://oss.open-digger.cn/github/yiisoft/yii/contributors.json,200,,1600,6630f246689fbf3603416f95ea6a15fe57ed97a9b55f57dcc7661d0cdf941ffb,1
yiisoft/yii,code_change_lines_sum,https://oss.open-digger.cn/github/yiisoft/yii/code_change_lines_sum.json,200,,2059,c465435b84d3b3d6fad56c1eead5843a57eb006b363705d92e5d1710c8482398,1
yiisoft/yii2,issue_resolution_duration,https://oss.open-digger.cn/github/yiisoft/yii2/issue_resolution_duration.json,200,,18882,74222b5f72bcbb8b9f0aa8628e921847accbcc4b3f58c162cc34680a99332dee,1
yiisoft/yii2,issue_age,https://oss.open-digger.cn/github/yiisoft/yii2/issue_age.json,200,,21026,e4c4c31f4482a43d4ef96040faae1d25ed30583d2be19f2bba20c9451d8a8650,1
yiisoft/yii2,issues_new,https://oss.open-digger.cn/github/yiisoft/yii2/issues_new.json,200,,2432,5fcd76cb87e07efc7589a0edc568ae0f784ba2b908d4980c7caa637c15d9718f,1
yiisoft/yii2,contributors,https://oss.open-digger.cn/github/yiisoft/yii2/contributors.json,200,,2440,22b7bfbda4deb1f3ec5f0b32745a402d9198a10a24199e5ea925c61b8b78dbce,1
yiisoft/yii2,code_change_lines_sum,https://oss.open-digger.cn/github/yiisoft/yii2/code_change_lines_sum.json,200,,2914,51710f8af73ee59735c817a721670b04ea48905021bc9873645501595465a3c1,1
yilozt/rounded-window-corners,issue_resolution_duration,https://oss.open-digger.cn/github/yilozt/rounded-window-corners/issue_resolution_duration.json,200,,2523,406e38b85e8b9d190988523c559363ea892f8c38f547472ddb9fe9617035039b,1
yilozt/rounded-window-corners,issue_age,https://oss.open-digger.cn/github/yilozt/rounded-window-corners/issue_age.json,200,,6743,48a90e08731d60e4ec00165e443f3aafc0eafe09fd407f8090cc9ab102363471,1
yilozt/rounded-window-corners,issues_new,https://oss.open-digger.cn/github/yilozt/rounded-window-corners/issues_new.json,200,,511,9be21b21c227a3182703388feb096613c30e566b661a2e7f5aefd488c47dcd2c,1
yilozt/rounded-window-corners,contributors,https://oss.open-digger.cn/github/yilozt/rounded-window-corners/contributors.json,200,,135,b3ba31b01164bf2a11192fa86f32c66152fbf3ac01548e9ee2b2e7cafb813ec9,1
yilozt/rounded-window-corners,code_change_lines_sum,https://oss.open-digger.cn/github/yilozt/rounded-window-corners/code_change_lines_sum.json,200,,300,c91b17a632286b3245995bdccfa136626d011779d01b37d95135dbcc78e023a1,1
zedeus/nitter,issue_resolution_duration,https://oss.open-digger.cn/github/zedeus/nitter/issue_resolution_duration.json,200,,10623,6d24f6972d604ed6e3f220b7c10e67b6745011cac99bfb67318d2173479a95ff,1
zedeus/nitter,issue_age,https://oss.open-digger.cn/github/zedeus/nitter/issue_age.json,200,,12151,3ece97261ecde98755a2f4d6f87d1601bb307e1eb3431bfa7a7fac1ca8848f93,1
zedeus/nitter,issues_new,https://oss.open-digger.cn/github/zedeus/nitter/issues_new.json,200,,1404,cff51957777a9ca7d58be5d8d9246f471d703e56c0dcb6d0574c79e92bb2fac8,1
zedeus/nitter,contributors,https://oss.open-digger.cn/github/zedeus/nitter/contributors.json,200,,765,ca640688a031a5e7d83d690d78cd90d11766850217a515e5a97a065c0240ffd4,1
zedeus/nitter,code_change_lines_sum,https://oss.open-digger.cn/github/zedeus/nitter/code_change_lines_sum.json,200,,1289,2a5791b8ed0d644dab64c3d6b4c3229f97505f0b2a52562f611241770ff6ed0e,1
zephyrproject-rtos/zephyr,issue_resolution_duration,https://oss.open-digger.cn/github/zephyrproject-rtos/zephyr/issue_resolution_duration.json,200,,18198,3ba6951e25bd781c0b4da2d967e4ae2df93a8c0ee8a739e14ec7958daebc1381,1
zephyrproject-rtos/zephyr,issue_age,https://oss.open-digger.cn/github/zephyrproject-rtos/zephyr/issue_age.json,200,,16710,bfc94498d215fccc15c5172b52247995ed56beaf81eb17865cc8ac9d78ee5af1,1
zephyrproject-rtos/zephyr,issues_new,https://oss.open-digger.cn/github/zephyrproject-rtos/zephyr/issues_new.json,200,,2430,1b5df67c3ab3bda87e1377e0f775d270a593f2d4c9af036d7c2b5b7b772021c9,1
zephyrproject-rtos/zephyr,contributors,https://oss.open-digger.cn/github/zephyrproject-rtos/zephyr/contributors.json,200,,2156,2e15e0ef6d2733e0340b8ae4df4e440890aafd3a904b9bc4c0a6139eec0570dd,1
zephyrproject-rtos/zephyr,code_change_lines_sum,https://oss.open-digger.cn/github/zephyrproject-rtos/zephyr/code_change_lines_sum.json,200,,2731,dddd9a047b629faa95dcd452df2b03d9dd67923b92299c3e8e8e94bb9eb3c27c,1
zeromq/libzmq,issue_resolution_duration,https://oss.open-digger.cn/github/zeromq/libzmq/issue_resolution_duration.json,200,,17774,3753653320915bdc5d7ac4009ef897ad7f81dc27e758abdbd9f0a2b9eaf6bff0,1
zeromq/libzmq,issue_age,https://oss.open-digger.cn/github/zeromq/libzmq/issue_age.json,200,,20608,871f56bf77bee45cd15e88560584b71c8b947c03e5d6967a30ccad869b13b4d3,1
zeromq/libzmq,issues_new,https://oss.open-digger.cn/github/zeromq/libzmq/issues_new.json,200,,2409,0529a999f05cca826d50e472f1d7ffb5071a198240623043b8fba2fb37eb84e7,1
zeromq/libzmq,contributors,https://oss.open-digger.cn/github/zeromq/libzmq/contributors.json,200,,2166,b7db8a6a3219e3e5dffbc6d3a1800c1a6850d71166d368b06e4ce6d3d4b6b608,1
zeromq/libzmq,code_change_lines_sum,https://oss.open-digger.cn/github/zeromq/libzmq/code_change_lines_sum.json,200,,2610,9f63e74fa324eb31406e4ea8268ae1374a55058ed40db19046c5748a9d868fc6,1
zloirock/core-js,issue_resolution_duration,https://oss.open-digger.cn/github/zloirock/core-js/issue_resolution_duration.json,200,,17662,55895267a7b7d59a725aaa2ef97c71cd323a71330890c7f9c17426c9b36fc0a0,1
zloirock/core-js,issue_age,https://oss.open-digger.cn/github/zloirock/core-js/issue_age.json,200,,20414,6b5f7692dcdb3c5600caaa282dc02e7bc6ad1b8376fb070f416645e5cb987bd3,1
zloirock/core-js,issues_new,https://oss.open-digger.cn/github/zloirock/core-js/issues_new.json,200,,2297,f47fa701b4c2a994f4e4f18fb2e8e2b2f30b1b5bf9691078ee3358893b71ce92,1
zloirock/core-js,contributors,https://oss.open-digger.cn/github/zloirock/core-js/contributors.json,200,,1741,868bce5f8fba27c43a3f9a84491ee3a5265073d67830f4903af8c7fff54e8017,1
zloirock/core-js,code_change_lines_sum,https://oss.open-digger.cn/github/zloirock/core-js/code_change_lines_sum.json,200,,2444,ee239e219d2414e84202457f2e3d30b3106ef989e610715b9ad3a8ef0d15b198,1
zulip/zulip,issue_resolution_duration,https://oss.open-digger.cn/github/zulip/zulip/issue_resolution_duration.json,200,,18993,42d9ed0b7211bdeb5fa861b86a8694ddc40ff4ebdc8356750a768af97631ae2b,1
zulip/zulip,issue_age,https://oss.open-digger.cn/github/zulip/zulip/issue_age.json,200,,20014,25b6b6b1803c0c3450a9f50355cb13cf2fe4c46baa5dee2db63ee02d51860d23,1
zulip/zulip,issues_new,https://oss.open-digger.cn/github/zulip/zulip/issues_new.json,200,,2428,dd1032796314dd54208ddb1d8b4909bd2dbd4772489275176cdaea81d56718cb,1
zulip/zulip,contributors,https://oss.open-digger.cn/github/zulip/zulip/contributors.json,200,,2356,fa2ccfc3307baf5801df6b1990071953ecb6cc0a1438bf730249b734d0337497,1
zulip/zulip,code_change_lines_sum,https://oss.open-digger.cn/github/zulip/zulip/code_change_lines_sum.json,200,,2929,dbaa3ae43040df157e858603fb44bc58417406fb0f30a8417610b2347fa2e9ae,1
Zxilly/UA2F,issue_resolution_duration,https://oss.open-digger.cn/github/Zxilly/UA2F/issue_resolution_duration.json,200,,6246,e8c000339baed8fb3822fabc05fcc1f466552d502a4fc50d1f30e1123c5d9582,1
Zxilly/UA2F,issue_age,https://oss.open-digger.cn/github/Zxilly/UA2F/issue_age.json,200,,8788,25f64321dbc128c61a29df0354042d5a007e2b6675bdced89969c7a75a961a0e,1
Zxilly/UA2F,issues_new,https://oss.open-digger.cn/github/Zxilly/UA2F/issues_new.json,200,,791,60039dbb3a46bdb19afa67173cd296dbc07971154453fed0e4ae6bbdec823cc8,1
Zxilly/UA2F,contributors,https://oss.open-digger.cn/github/Zxilly/UA2F/contributors.json,200,,367,f71b4db7a57580c8c4f05a9b4451292fcec2b2e2583dc169c1005bb469c34aa3,1
Zxilly/UA2F,code_change_lines_sum,https://oss.open-digger.cn/github/Zxilly/UA2F/code_change_lines_sum.json,200,,412,de83d8ce6fe6b8b6cd8bee065fd86495fa06927a8ee3f9b41618575049c9b677,1
